product_id,variety_id,name,brand,commodity,category,variety,variety_type,tags,days_min,days_max,temp_min,temp_max,alt_min,alt_max,rain_min_mm_month,rain_max_mm_month,ph_min,ph_max,soil_textures,drainage,sun_hours,grow_types,spacing_cm,seeds_per_m2,pack_g,seeds_per_pack,price_idr,stock,difficulty,purpose,pest_resistance,yield_t_ha,description,is_synthetic
SKU-0001-2G,V0001,Benih Cabai Rawit Cakra 27 (2 g),TaniMas,Cabai Rawit,sayuran buah,Cakra 27,OP,,92,112,22,32,0,1000,100,200,5.5,7.0,lempung|lempung berpasir,baik,6,lahan|polybag|pot,50x60,4,2,300,19500,129,2,konsumsi|jual,layu fusarium|antraknosa,8.0-12.0,"Cabai Rawit varietas Cakra 27. Panen pertama sekitar 92-112 hari, cocok 0-1000 mdpl, pH tanah 5.5-7.0, suhu ideal 22-32 C.",1
SKU-0001-5G,V0001,Benih Cabai Rawit Cakra 27 (5 g),TaniMas,Cabai Rawit,sayuran buah,Cakra 27,OP,,92,112,22,32,0,1000,100,200,5.5,7.0,lempung|lempung berpasir,baik,6,lahan|polybag|pot,50x60,4,5,750,43000,23,2,konsumsi|jual,layu fusarium|antraknosa,8.0-12.0,"Cabai Rawit varietas Cakra 27. Panen pertama sekitar 92-112 hari, cocok 0-1000 mdpl, pH tanah 5.5-7.0, suhu ideal 22-32 C.",1
SKU-0001-10G,V0001,Benih Cabai Rawit Cakra 27 (10 g),TaniMas,Cabai Rawit,sayuran buah,Cakra 27,OP,,92,112,22,32,0,1000,100,200,5.5,7.0,lempung|lempung berpasir,baik,6,lahan|polybag|pot,50x60,4,10,1500,75500,376,2,konsumsi|jual,layu fusarium|antraknosa,8.0-12.0,"Cabai Rawit varietas Cakra 27. Panen pertama sekitar 92-112 hari, cocok 0-1000 mdpl, pH tanah 5.5-7.0, suhu ideal 22-32 C.",1
SKU-0002-2G,V0002,Benih Cabai Rawit Bintang 99 (2 g),Tani Jaya,Cabai Rawit,sayuran buah,Bintang 99,OP,dataran tinggi,88,108,20,30,500,1400,100,200,5.5,7.0,lempung|lempung berpasir,baik,6,lahan|polybag|pot,50x60,4,2,300,18000,226,2,konsumsi|jual,,8.0-12.0,"Cabai Rawit varietas Bintang 99. Panen pertama sekitar 88-108 hari, cocok 500-1400 mdpl, pH tanah 5.5-7.0, suhu ideal 20-30 C.",1
SKU-0002-5G,V0002,Benih Cabai Rawit Bintang 99 (5 g),Tani Jaya,Cabai Rawit,sayuran buah,Bintang 99,OP,dataran tinggi,88,108,20,30,500,1400,100,200,5.5,7.0,lempung|lempung berpasir,baik,6,lahan|polybag|pot,50x60,4,5,750,40000,89,2,konsumsi|jual,,8.0-12.0,"Cabai Rawit varietas Bintang 99. Panen pertama sekitar 88-108 hari, cocok 500-1400 mdpl, pH tanah 5.5-7.0, suhu ideal 20-30 C.",1
SKU-0002-10G,V0002,Benih Cabai Rawit Bintang 99 (10 g),Tani Jaya,Cabai Rawit,sayuran buah,Bintang 99,OP,dataran tinggi,88,108,20,30,500,1400,100,200,5.5,7.0,lempung|lempung berpasir,baik,6,lahan|polybag|pot,50x60,4,10,1500,70500,400,2,konsumsi|jual,,8.0-12.0,"Cabai Rawit varietas Bintang 99. Panen pertama sekitar 88-108 hari, cocok 500-1400 mdpl, pH tanah 5.5-7.0, suhu ideal 20-30 C.",1
SKU-0003-2G,V0003,Benih Cabai Rawit Tirta 23 (2 g),TaniMas,Cabai Rawit,sayuran buah,Tirta 23,OP,genjah,76,94,22,32,0,1000,100,200,5.5,7.0,lempung|lempung berpasir,baik,6,lahan|polybag|pot,50x60,4,2,300,16500,383,2,konsumsi|jual,layu fusarium|antraknosa,7.2-10.8,"Cabai Rawit varietas Tirta 23. Panen pertama sekitar 76-94 hari, cocok 0-1000 mdpl, pH tanah 5.5-7.0, suhu ideal 22-32 C.",1
SKU-0003-5G,V0003,Benih Cabai Rawit Tirta 23 (5 g),TaniMas,Cabai Rawit,sayuran buah,Tirta 23,OP,genjah,76,94,22,32,0,1000,100,200,5.5,7.0,lempung|lempung berpasir,baik,6,lahan|polybag|pot,50x60,4,5,750,36500,73,2,konsumsi|jual,layu fusarium|antraknosa,7.2-10.8,"Cabai Rawit varietas Tirta 23. Panen pertama sekitar 76-94 hari, cocok 0-1000 mdpl, pH tanah 5.5-7.0, suhu ideal 22-32 C.",1
SKU-0003-10G,V0003,Benih Cabai Rawit Tirta 23 (10 g),TaniMas,Cabai Rawit,sayuran buah,Tirta 23,OP,genjah,76,94,22,32,0,1000,100,200,5.5,7.0,lempung|lempung berpasir,baik,6,lahan|polybag|pot,50x60,4,10,1500,64500,203,2,konsumsi|jual,layu fusarium|antraknosa,7.2-10.8,"Cabai Rawit varietas Tirta 23. Panen pertama sekitar 76-94 hari, cocok 0-1000 mdpl, pH tanah 5.5-7.0, suhu ideal 22-32 C.",1
SKU-0004-2G,V0004,Benih Cabai Rawit Mekar 80 (2 g),Greenfield Seeds,Cabai Rawit,sayuran buah,Mekar 80,OP,tahan kering,93,113,22,32,0,1000,70,160,5.5,7.0,lempung|lempung berpasir,baik,6,lahan|polybag|pot,50x60,4,2,300,19000,45,2,konsumsi|jual,layu fusarium|antraknosa,8.0-12.0,"Cabai Rawit varietas Mekar 80. Panen pertama sekitar 93-113 hari, cocok 0-1000 mdpl, pH tanah 5.5-7.0, suhu ideal 22-32 C.",1
SKU-0004-5G,V0004,Benih Cabai Rawit Mekar 80 (5 g),Greenfield Seeds,Cabai Rawit,sayuran buah,Mekar 80,OP,tahan kering,93,113,22,32,0,1000,70,160,5.5,7.0,lempung|lempung berpasir,baik,6,lahan|polybag|pot,50x60,4,5,750,42000,0,2,konsumsi|jual,layu fusarium|antraknosa,8.0-12.0,"Cabai Rawit varietas Mekar 80. Panen pertama sekitar 93-113 hari, cocok 0-1000 mdpl, pH tanah 5.5-7.0, suhu ideal 22-32 C.",1
SKU-0004-10G,V0004,Benih Cabai Rawit Mekar 80 (10 g),Greenfield Seeds,Cabai Rawit,sayuran buah,Mekar 80,OP,tahan kering,93,113,22,32,0,1000,70,160,5.5,7.0,lempung|lempung berpasir,baik,6,lahan|polybag|pot,50x60,4,10,1500,73500,158,2,konsumsi|jual,layu fusarium|antraknosa,8.0-12.0,"Cabai Rawit varietas Mekar 80. Panen pertama sekitar 93-113 hari, cocok 0-1000 mdpl, pH tanah 5.5-7.0, suhu ideal 22-32 C.",1
SKU-0005-2G,V0005,Benih Cabai Rawit Kartika 39 (2 g),TaniMas,Cabai Rawit,sayuran buah,Kartika 39,OP,dataran rendah,90,110,23,34,0,700,100,200,5.5,7.0,lempung|lempung berpasir,baik,6,lahan|polybag|pot,50x60,4,2,300,17500,117,2,konsumsi|jual,layu fusarium|antraknosa,8.0-12.0,"Cabai Rawit varietas Kartika 39. Panen pertama sekitar 90-110 hari, cocok 0-700 mdpl, pH tanah 5.5-7.0, suhu ideal 23-34 C.",1
SKU-0005-5G,V0005,Benih Cabai Rawit Kartika 39 (5 g),TaniMas,Cabai Rawit,sayuran buah,Kartika 39,OP,dataran rendah,90,110,23,34,0,700,100,200,5.5,7.0,lempung|lempung berpasir,baik,6,lahan|polybag|pot,50x60,4,5,750,38500,369,2,konsumsi|jual,layu fusarium|antraknosa,8.0-12.0,"Cabai Rawit varietas Kartika 39. Panen pertama sekitar 90-110 hari, cocok 0-700 mdpl, pH tanah 5.5-7.0, suhu ideal 23-34 C.",1
SKU-0005-10G,V0005,Benih Cabai Rawit Kartika 39 (10 g),TaniMas,Cabai Rawit,sayuran buah,Kartika 39,OP,dataran rendah,90,110,23,34,0,700,100,200,5.5,7.0,lempung|lempung berpasir,baik,6,lahan|polybag|pot,50x60,4,10,1500,67500,341,2,konsumsi|jual,layu fusarium|antraknosa,8.0-12.0,"Cabai Rawit varietas Kartika 39. Panen pertama sekitar 90-110 hari, cocok 0-700 mdpl, pH tanah 5.5-7.0, suhu ideal 23-34 C.",1
SKU-0006-2G,V0006,Benih Cabai Rawit Intan 91 (2 g),Agro Subur,Cabai Rawit,sayuran buah,Intan 91,OP,organik,91,111,22,32,0,1000,100,200,5.5,7.0,lempung|lempung berpasir,baik,6,lahan|polybag|pot,50x60,4,2,300,25500,295,2,konsumsi|jual,,8.0-12.0,"Cabai Rawit varietas Intan 91. Panen pertama sekitar 91-111 hari, cocok 0-1000 mdpl, pH tanah 5.5-7.0, suhu ideal 22-32 C.",1
SKU-0006-5G,V0006,Benih Cabai Rawit Intan 91 (5 g),Agro Subur,Cabai Rawit,sayuran buah,Intan 91,OP,organik,91,111,22,32,0,1000,100,200,5.5,7.0,lempung|lempung berpasir,baik,6,lahan|polybag|pot,50x60,4,5,750,55500,176,2,konsumsi|jual,,8.0-12.0,"Cabai Rawit varietas Intan 91. Panen pertama sekitar 91-111 hari, cocok 0-1000 mdpl, pH tanah 5.5-7.0, suhu ideal 22-32 C.",1
SKU-0006-10G,V0006,Benih Cabai Rawit Intan 91 (10 g),Agro Subur,Cabai Rawit,sayuran buah,Intan 91,OP,organik,91,111,22,32,0,1000,100,200,5.5,7.0,lempung|lempung berpasir,baik,6,lahan|polybag|pot,50x60,4,10,1500,98000,407,2,konsumsi|jual,,8.0-12.0,"Cabai Rawit varietas Intan 91. Panen pertama sekitar 91-111 hari, cocok 0-1000 mdpl, pH tanah 5.5-7.0, suhu ideal 22-32 C.",1
SKU-0007-5G,V0007,Benih Cabai Merah Keriting Cempaka 44 (5 g),TaniMas,Cabai Merah Keriting,sayuran buah,Cempaka 44,OP,,98,123,20,30,0,1200,100,200,5.5,6.8,lempung|lempung berpasir,baik,6,lahan|polybag,60x50,3.5,5,750,67500,462,2,jual|keduanya,virus kuning|antraknosa,12.0-20.0,"Cabai Merah Keriting varietas Cempaka 44. Panen pertama sekitar 98-123 hari, cocok 0-1200 mdpl, pH tanah 5.5-6.8, suhu ideal 20-30 C.",1
SKU-0007-10G,V0007,Benih Cabai Merah Keriting Cempaka 44 (10 g),TaniMas,Cabai Merah Keriting,sayuran buah,Cempaka 44,OP,,98,123,20,30,0,1200,100,200,5.5,6.8,lempung|lempung berpasir,baik,6,lahan|polybag,60x50,3.5,10,1500,119000,244,2,jual|keduanya,virus kuning|antraknosa,12.0-20.0,"Cabai Merah Keriting varietas Cempaka 44. Panen pertama sekitar 98-123 hari, cocok 0-1200 mdpl, pH tanah 5.5-6.8, suhu ideal 20-30 C.",1
SKU-0008-5G,V0008,Benih Cabai Merah Keriting Gading 43 (5 g),Agro Subur,Cabai Merah Keriting,sayuran buah,Gading 43,OP,genjah,83,104,20,30,0,1200,100,200,5.5,6.8,lempung|lempung berpasir,baik,6,lahan|polybag,60x50,3.5,5,750,65000,195,2,jual|keduanya,virus kuning|antraknosa,10.8-18.0,"Cabai Merah Keriting varietas Gading 43. Panen pertama sekitar 83-104 hari, cocok 0-1200 mdpl, pH tanah 5.5-6.8, suhu ideal 20-30 C.",1
SKU-0008-10G,V0008,Benih Cabai Merah Keriting Gading 43 (10 g),Agro Subur,Cabai Merah Keriting,sayuran buah,Gading 43,OP,genjah,83,104,20,30,0,1200,100,200,5.5,6.8,lempung|lempung berpasir,baik,6,lahan|polybag,60x50,3.5,10,1500,114500,80,2,jual|keduanya,virus kuning|antraknosa,10.8-18.0,"Cabai Merah Keriting varietas Gading 43. Panen pertama sekitar 83-104 hari, cocok 0-1200 mdpl, pH tanah 5.5-6.8, suhu ideal 20-30 C.",1
SKU-0009-5G,V0009,Benih Cabai Merah Keriting Permata 73 (5 g),TaniMas,Cabai Merah Keriting,sayuran buah,Permata 73,OP,tahan panas,103,128,20,33,0,1200,100,200,5.5,6.8,lempung|lempung berpasir,baik,6,lahan|polybag,60x50,3.5,5,750,54500,42,2,jual|keduanya,,12.0-20.0,"Cabai Merah Keriting varietas Permata 73. Panen pertama sekitar 103-128 hari, cocok 0-1200 mdpl, pH tanah 5.5-6.8, suhu ideal 20-33 C.",1
SKU-0009-10G,V0009,Benih Cabai Merah Keriting Permata 73 (10 g),TaniMas,Cabai Merah Keriting,sayuran buah,Permata 73,OP,tahan panas,103,128,20,33,0,1200,100,200,5.5,6.8,lempung|lempung berpasir,baik,6,lahan|polybag,60x50,3.5,10,1500,96500,315,2,jual|keduanya,,12.0-20.0,"Cabai Merah Keriting varietas Permata 73. Panen pertama sekitar 103-128 hari, cocok 0-1200 mdpl, pH tanah 5.5-6.8, suhu ideal 20-33 C.",1
SKU-0010-5G,V0010,Benih Cabai Merah Keriting Arjuna 77 (5 g),Greenfield Seeds,Cabai Merah Keriting,sayuran buah,Arjuna 77,OP,kompak/cocok pot,101,126,20,30,0,1200,100,200,5.5,6.8,lempung|lempung berpasir,baik,6,lahan|polybag|pot,60x50,5.2,5,750,67000,146,2,jual|keduanya,virus kuning|antraknosa,7.2-12.0,"Cabai Merah Keriting varietas Arjuna 77. Panen pertama sekitar 101-126 hari, cocok 0-1200 mdpl, pH tanah 5.5-6.8, suhu ideal 20-30 C.",1
SKU-0010-10G,V0010,Benih Cabai Merah Keriting Arjuna 77 (10 g),Greenfield Seeds,Cabai Merah Keriting,sayuran buah,Arjuna 77,OP,kompak/cocok pot,101,126,20,30,0,1200,100,200,5.5,6.8,lempung|lempung berpasir,baik,6,lahan|polybag|pot,60x50,5.2,10,1500,118000,184,2,jual|keduanya,virus kuning|antraknosa,7.2-12.0,"Cabai Merah Keriting varietas Arjuna 77. Panen pertama sekitar 101-126 hari, cocok 0-1200 mdpl, pH tanah 5.5-6.8, suhu ideal 20-30 C.",1
SKU-0011-5G,V0011,Benih Cabai Merah Keriting Kencana 47 (5 g),Tani Jaya,Cabai Merah Keriting,sayuran buah,Kencana 47,OP,organik,98,123,20,30,0,1200,100,200,5.5,6.8,lempung|lempung berpasir,baik,6,lahan|polybag,60x50,3.5,5,750,79000,266,2,jual|keduanya,,12.0-20.0,"Cabai Merah Keriting varietas Kencana 47. Panen pertama sekitar 98-123 hari, cocok 0-1200 mdpl, pH tanah 5.5-6.8, suhu ideal 20-30 C.",1
SKU-0011-10G,V0011,Benih Cabai Merah Keriting Kencana 47 (10 g),Tani Jaya,Cabai Merah Keriting,sayuran buah,Kencana 47,OP,organik,98,123,20,30,0,1200,100,200,5.5,6.8,lempung|lempung berpasir,baik,6,lahan|polybag,60x50,3.5,10,1500,139000,269,2,jual|keduanya,,12.0-20.0,"Cabai Merah Keriting varietas Kencana 47. Panen pertama sekitar 98-123 hari, cocok 0-1200 mdpl, pH tanah 5.5-6.8, suhu ideal 20-30 C.",1
SKU-0012-5G,V0012,Benih Cabai Merah Keriting Kartika 90 (5 g),Greenfield Seeds,Cabai Merah Keriting,sayuran buah,Kartika 90,OP,dataran rendah,103,128,21,32,0,700,100,200,5.5,6.8,lempung|lempung berpasir,baik,6,lahan|polybag,60x50,3.5,5,750,63500,286,2,jual|keduanya,virus kuning|antraknosa,12.0-20.0,"Cabai Merah Keriting varietas Kartika 90. Panen pertama sekitar 103-128 hari, cocok 0-700 mdpl, pH tanah 5.5-6.8, suhu ideal 21-32 C.",1
SKU-0012-10G,V0012,Benih Cabai Merah Keriting Kartika 90 (10 g),Greenfield Seeds,Cabai Merah Keriting,sayuran buah,Kartika 90,OP,dataran rendah,103,128,21,32,0,700,100,200,5.5,6.8,lempung|lempung berpasir,baik,6,lahan|polybag,60x50,3.5,10,1500,112000,482,2,jual|keduanya,virus kuning|antraknosa,12.0-20.0,"Cabai Merah Keriting varietas Kartika 90. Panen pertama sekitar 103-128 hari, cocok 0-700 mdpl, pH tanah 5.5-6.8, suhu ideal 21-32 C.",1
SKU-0013-5G,V0013,Benih Cabai Besar Surya 24 (5 g),BibitKu,Cabai Besar,sayuran buah,Surya 24,OP,,103,128,20,28,100,1200,100,200,5.5,6.8,lempung|lempung berpasir,baik,6,lahan|polybag,60x50,3.5,5,750,60500,384,3,jual,antraknosa,12.0-18.0,"Cabai Besar varietas Surya 24. Panen pertama sekitar 103-128 hari, cocok 100-1200 mdpl, pH tanah 5.5-6.8, suhu ideal 20-28 C.",1
SKU-0013-10G,V0013,Benih Cabai Besar Surya 24 (10 g),BibitKu,Cabai Besar,sayuran buah,Surya 24,OP,,103,128,20,28,100,1200,100,200,5.5,6.8,lempung|lempung berpasir,baik,6,lahan|polybag,60x50,3.5,10,1500,106500,45,3,jual,antraknosa,12.0-18.0,"Cabai Besar varietas Surya 24. Panen pertama sekitar 103-128 hari, cocok 100-1200 mdpl, pH tanah 5.5-6.8, suhu ideal 20-28 C.",1
SKU-0014-5G,V0014,Benih Cabai Besar Perkasa 78 (5 g),Agro Subur,Cabai Besar,sayuran buah,Perkasa 78,OP,organik,98,123,20,28,100,1200,100,200,5.5,6.8,lempung|lempung berpasir,baik,6,lahan|polybag,60x50,3.5,5,750,76000,320,3,jual,antraknosa|layu bakteri,12.0-18.0,"Cabai Besar varietas Perkasa 78. Panen pertama sekitar 98-123 hari, cocok 100-1200 mdpl, pH tanah 5.5-6.8, suhu ideal 20-28 C.",1
SKU-0014-10G,V0014,Benih Cabai Besar Perkasa 78 (10 g),Agro Subur,Cabai Besar,sayuran buah,Perkasa 78,OP,organik,98,123,20,28,100,1200,100,200,5.5,6.8,lempung|lempung berpasir,baik,6,lahan|polybag,60x50,3.5,10,1500,134000,118,3,jual,antraknosa|layu bakteri,12.0-18.0,"Cabai Besar varietas Perkasa 78. Panen pertama sekitar 98-123 hari, cocok 100-1200 mdpl, pH tanah 5.5-6.8, suhu ideal 20-28 C.",1
SKU-0015-5G,V0015,Benih Cabai Besar Garuda 98 (5 g),Kebun Lestari,Cabai Besar,sayuran buah,Garuda 98,OP,genjah,87,108,20,28,100,1200,100,200,5.5,6.8,lempung|lempung berpasir,baik,6,lahan|polybag,60x50,3.5,5,750,54000,274,3,jual,antraknosa|layu bakteri,10.8-16.2,"Cabai Besar varietas Garuda 98. Panen pertama sekitar 87-108 hari, cocok 100-1200 mdpl, pH tanah 5.5-6.8, suhu ideal 20-28 C.",1
SKU-0015-10G,V0015,Benih Cabai Besar Garuda 98 (10 g),Kebun Lestari,Cabai Besar,sayuran buah,Garuda 98,OP,genjah,87,108,20,28,100,1200,100,200,5.5,6.8,lempung|lempung berpasir,baik,6,lahan|polybag,60x50,3.5,10,1500,94500,136,3,jual,antraknosa|layu bakteri,10.8-16.2,"Cabai Besar varietas Garuda 98. Panen pertama sekitar 87-108 hari, cocok 100-1200 mdpl, pH tanah 5.5-6.8, suhu ideal 20-28 C.",1
SKU-0016-5G,V0016,Benih Cabai Besar Cakra 18 (5 g),BibitKu,Cabai Besar,sayuran buah,Cakra 18,OP,tahan hujan,97,122,20,28,100,1200,100,280,5.5,6.8,lempung|lempung berpasir,sedang,6,lahan|polybag,60x50,3.5,5,750,57500,127,3,jual,antraknosa,12.0-18.0,"Cabai Besar varietas Cakra 18. Panen pertama sekitar 97-122 hari, cocok 100-1200 mdpl, pH tanah 5.5-6.8, suhu ideal 20-28 C.",1
SKU-0016-10G,V0016,Benih Cabai Besar Cakra 18 (10 g),BibitKu,Cabai Besar,sayuran buah,Cakra 18,OP,tahan hujan,97,122,20,28,100,1200,100,280,5.5,6.8,lempung|lempung berpasir,sedang,6,lahan|polybag,60x50,3.5,10,1500,101500,26,3,jual,antraknosa,12.0-18.0,"Cabai Besar varietas Cakra 18. Panen pertama sekitar 97-122 hari, cocok 100-1200 mdpl, pH tanah 5.5-6.8, suhu ideal 20-28 C.",1
SKU-0017-5G,V0017,Benih Cabai Besar Kartika 52 (5 g),TaniMas,Cabai Besar,sayuran buah,Kartika 52,OP,dataran rendah,101,126,21,30,0,700,100,200,5.5,6.8,lempung|lempung berpasir,baik,6,lahan|polybag,60x50,3.5,5,750,53000,488,3,jual,antraknosa|layu bakteri,12.0-18.0,"Cabai Besar varietas Kartika 52. Panen pertama sekitar 101-126 hari, cocok 0-700 mdpl, pH tanah 5.5-6.8, suhu ideal 21-30 C.",1
SKU-0017-10G,V0017,Benih Cabai Besar Kartika 52 (10 g),TaniMas,Cabai Besar,sayuran buah,Kartika 52,OP,dataran rendah,101,126,21,30,0,700,100,200,5.5,6.8,lempung|lempung berpasir,baik,6,lahan|polybag,60x50,3.5,10,1500,93000,305,3,jual,antraknosa|layu bakteri,12.0-18.0,"Cabai Besar varietas Kartika 52. Panen pertama sekitar 101-126 hari, cocok 0-700 mdpl, pH tanah 5.5-6.8, suhu ideal 21-30 C.",1
SKU-0018-5G,V0018,Benih Cabai Besar Sinar 41 (5 g),Sumber Panen,Cabai Besar,sayuran buah,Sinar 41,OP,tahan panas,103,128,20,31,0,1200,100,200,5.5,6.8,lempung|lempung berpasir,baik,6,lahan|polybag,60x50,3.5,5,750,55000,452,3,jual,antraknosa|layu bakteri,12.0-18.0,"Cabai Besar varietas Sinar 41. Panen pertama sekitar 103-128 hari, cocok 0-1200 mdpl, pH tanah 5.5-6.8, suhu ideal 20-31 C.",1
SKU-0018-10G,V0018,Benih Cabai Besar Sinar 41 (10 g),Sumber Panen,Cabai Besar,sayuran buah,Sinar 41,OP,tahan panas,103,128,20,31,0,1200,100,200,5.5,6.8,lempung|lempung berpasir,baik,6,lahan|polybag,60x50,3.5,10,1500,97000,354,3,jual,antraknosa|layu bakteri,12.0-18.0,"Cabai Besar varietas Sinar 41. Panen pertama sekitar 103-128 hari, cocok 0-1200 mdpl, pH tanah 5.5-6.8, suhu ideal 20-31 C.",1
SKU-0019-2G,V0019,Benih Tomat Sakti 23 (2 g),Kebun Lestari,Tomat,sayuran buah,Sakti 23,OP,,78,98,18,27,300,1500,100,200,5.8,6.8,lempung|lempung berpasir,baik,6,lahan|polybag|pot|hidroponik,60x50,3.5,2,600,11500,482,2,konsumsi|jual|keduanya,layu bakteri,30.0-60.0,"Tomat varietas Sakti 23. Panen pertama sekitar 78-98 hari, cocok 300-1500 mdpl, pH tanah 5.8-6.8, suhu ideal 18-27 C.",1
SKU-0019-5G,V0019,Benih Tomat Sakti 23 (5 g),Kebun Lestari,Tomat,sayuran buah,Sakti 23,OP,,78,98,18,27,300,1500,100,200,5.8,6.8,lempung|lempung berpasir,baik,6,lahan|polybag|pot|hidroponik,60x50,3.5,5,1500,25000,423,2,konsumsi|jual|keduanya,layu bakteri,30.0-60.0,"Tomat varietas Sakti 23. Panen pertama sekitar 78-98 hari, cocok 300-1500 mdpl, pH tanah 5.8-6.8, suhu ideal 18-27 C.",1
SKU-0019-10G,V0019,Benih Tomat Sakti 23 (10 g),Kebun Lestari,Tomat,sayuran buah,Sakti 23,OP,,78,98,18,27,300,1500,100,200,5.8,6.8,lempung|lempung berpasir,baik,6,lahan|polybag|pot|hidroponik,60x50,3.5,10,3000,44000,291,2,konsumsi|jual|keduanya,layu bakteri,30.0-60.0,"Tomat varietas Sakti 23. Panen pertama sekitar 78-98 hari, cocok 300-1500 mdpl, pH tanah 5.8-6.8, suhu ideal 18-27 C.",1
SKU-0020-2G,V0020,Benih Tomat Kencana 16 (2 g),Benih Nusantara,Tomat,sayuran buah,Kencana 16,OP,dataran tinggi,77,97,16,25,500,1900,100,200,5.8,6.8,lempung|lempung berpasir,baik,6,lahan|polybag|pot|hidroponik,60x50,3.5,2,600,13500,119,2,konsumsi|jual|keduanya,layu bakteri|virus gemini,30.0-60.0,"Tomat varietas Kencana 16. Panen pertama sekitar 77-97 hari, cocok 500-1900 mdpl, pH tanah 5.8-6.8, suhu ideal 16-25 C.",1
SKU-0020-5G,V0020,Benih Tomat Kencana 16 (5 g),Benih Nusantara,Tomat,sayuran buah,Kencana 16,OP,dataran tinggi,77,97,16,25,500,1900,100,200,5.8,6.8,lempung|lempung berpasir,baik,6,lahan|polybag|pot|hidroponik,60x50,3.5,5,1500,30000,472,2,konsumsi|jual|keduanya,layu bakteri|virus gemini,30.0-60.0,"Tomat varietas Kencana 16. Panen pertama sekitar 77-97 hari, cocok 500-1900 mdpl, pH tanah 5.8-6.8, suhu ideal 16-25 C.",1
SKU-0020-10G,V0020,Benih Tomat Kencana 16 (10 g),Benih Nusantara,Tomat,sayuran buah,Kencana 16,OP,dataran tinggi,77,97,16,25,500,1900,100,200,5.8,6.8,lempung|lempung berpasir,baik,6,lahan|polybag|pot|hidroponik,60x50,3.5,10,3000,52500,204,2,konsumsi|jual|keduanya,layu bakteri|virus gemini,30.0-60.0,"Tomat varietas Kencana 16. Panen pertama sekitar 77-97 hari, cocok 500-1900 mdpl, pH tanah 5.8-6.8, suhu ideal 16-25 C.",1
SKU-0021-2G,V0021,Benih Tomat Surya 59 (2 g),Greenfield Seeds,Tomat,sayuran buah,Surya 59,OP,genjah,71,88,18,27,300,1500,100,200,5.8,6.8,lempung|lempung berpasir,baik,6,lahan|polybag|pot|hidroponik,60x50,3.5,2,600,13000,348,2,konsumsi|jual|keduanya,,27.0-54.0,"Tomat varietas Surya 59. Panen pertama sekitar 71-88 hari, cocok 300-1500 mdpl, pH tanah 5.8-6.8, suhu ideal 18-27 C.",1
SKU-0021-5G,V0021,Benih Tomat Surya 59 (5 g),Greenfield Seeds,Tomat,sayuran buah,Surya 59,OP,genjah,71,88,18,27,300,1500,100,200,5.8,6.8,lempung|lempung berpasir,baik,6,lahan|polybag|pot|hidroponik,60x50,3.5,5,1500,29000,89,2,konsumsi|jual|keduanya,,27.0-54.0,"Tomat varietas Surya 59. Panen pertama sekitar 71-88 hari, cocok 300-1500 mdpl, pH tanah 5.8-6.8, suhu ideal 18-27 C.",1
SKU-0021-10G,V0021,Benih Tomat Surya 59 (10 g),Greenfield Seeds,Tomat,sayuran buah,Surya 59,OP,genjah,71,88,18,27,300,1500,100,200,5.8,6.8,lempung|lempung berpasir,baik,6,lahan|polybag|pot|hidroponik,60x50,3.5,10,3000,51000,121,2,konsumsi|jual|keduanya,,27.0-54.0,"Tomat varietas Surya 59. Panen pertama sekitar 71-88 hari, cocok 300-1500 mdpl, pH tanah 5.8-6.8, suhu ideal 18-27 C.",1
SKU-0022-2G,V0022,Benih Tomat Bara 84 (2 g),Benih Nusantara,Tomat,sayuran buah,Bara 84,OP,tahan panas,82,102,18,30,0,1500,100,200,5.8,6.8,lempung|lempung berpasir,baik,6,lahan|polybag|pot|hidroponik,60x50,3.5,2,600,11500,39,2,konsumsi|jual|keduanya,,30.0-60.0,"Tomat varietas Bara 84. Panen pertama sekitar 82-102 hari, cocok 0-1500 mdpl, pH tanah 5.8-6.8, suhu ideal 18-30 C.",1
SKU-0022-5G,V0022,Benih Tomat Bara 84 (5 g),Benih Nusantara,Tomat,sayuran buah,Bara 84,OP,tahan panas,82,102,18,30,0,1500,100,200,5.8,6.8,lempung|lempung berpasir,baik,6,lahan|polybag|pot|hidroponik,60x50,3.5,5,1500,26000,51,2,konsumsi|jual|keduanya,,30.0-60.0,"Tomat varietas Bara 84. Panen pertama sekitar 82-102 hari, cocok 0-1500 mdpl, pH tanah 5.8-6.8, suhu ideal 18-30 C.",1
SKU-0022-10G,V0022,Benih Tomat Bara 84 (10 g),Benih Nusantara,Tomat,sayuran buah,Bara 84,OP,tahan panas,82,102,18,30,0,1500,100,200,5.8,6.8,lempung|lempung berpasir,baik,6,lahan|polybag|pot|hidroponik,60x50,3.5,10,3000,45500,45,2,konsumsi|jual|keduanya,,30.0-60.0,"Tomat varietas Bara 84. Panen pertama sekitar 82-102 hari, cocok 0-1500 mdpl, pH tanah 5.8-6.8, suhu ideal 18-30 C.",1
SKU-0023-2G,V0023,Benih Tomat Intan 18 (2 g),Kebun Lestari,Tomat,sayuran buah,Intan 18,OP,tahan kering,80,100,18,27,300,1500,70,160,5.8,6.8,lempung|lempung berpasir,baik,6,lahan|polybag|pot|hidroponik,60x50,3.5,2,600,11000,327,2,konsumsi|jual|keduanya,layu bakteri|virus gemini,30.0-60.0,"Tomat varietas Intan 18. Panen pertama sekitar 80-100 hari, cocok 300-1500 mdpl, pH tanah 5.8-6.8, suhu ideal 18-27 C.",1
SKU-0023-5G,V0023,Benih Tomat Intan 18 (5 g),Kebun Lestari,Tomat,sayuran buah,Intan 18,OP,tahan kering,80,100,18,27,300,1500,70,160,5.8,6.8,lempung|lempung berpasir,baik,6,lahan|polybag|pot|hidroponik,60x50,3.5,5,1500,24500,346,2,konsumsi|jual|keduanya,layu bakteri|virus gemini,30.0-60.0,"Tomat varietas Intan 18. Panen pertama sekitar 80-100 hari, cocok 300-1500 mdpl, pH tanah 5.8-6.8, suhu ideal 18-27 C.",1
SKU-0023-10G,V0023,Benih Tomat Intan 18 (10 g),Kebun Lestari,Tomat,sayuran buah,Intan 18,OP,tahan kering,80,100,18,27,300,1500,70,160,5.8,6.8,lempung|lempung berpasir,baik,6,lahan|polybag|pot|hidroponik,60x50,3.5,10,3000,43000,277,2,konsumsi|jual|keduanya,layu bakteri|virus gemini,30.0-60.0,"Tomat varietas Intan 18. Panen pertama sekitar 80-100 hari, cocok 300-1500 mdpl, pH tanah 5.8-6.8, suhu ideal 18-27 C.",1
SKU-0024-2G,V0024,Benih Tomat Tirta 43 (2 g),Kebun Lestari,Tomat,sayuran buah,Tirta 43,OP,dataran rendah,82,102,19,29,0,700,100,200,5.8,6.8,lempung|lempung berpasir,baik,6,lahan|polybag|pot|hidroponik,60x50,3.5,2,600,13000,171,2,konsumsi|jual|keduanya,layu bakteri,30.0-60.0,"Tomat varietas Tirta 43. Panen pertama sekitar 82-102 hari, cocok 0-700 mdpl, pH tanah 5.8-6.8, suhu ideal 19-29 C.",1
SKU-0024-5G,V0024,Benih Tomat Tirta 43 (5 g),Kebun Lestari,Tomat,sayuran buah,Tirta 43,OP,dataran rendah,82,102,19,29,0,700,100,200,5.8,6.8,lempung|lempung berpasir,baik,6,lahan|polybag|pot|hidroponik,60x50,3.5,5,1500,28500,489,2,konsumsi|jual|keduanya,layu bakteri,30.0-60.0,"Tomat varietas Tirta 43. Panen pertama sekitar 82-102 hari, cocok 0-700 mdpl, pH tanah 5.8-6.8, suhu ideal 19-29 C.",1
SKU-0024-10G,V0024,Benih Tomat Tirta 43 (10 g),Kebun Lestari,Tomat,sayuran buah,Tirta 43,OP,dataran rendah,82,102,19,29,0,700,100,200,5.8,6.8,lempung|lempung berpasir,baik,6,lahan|polybag|pot|hidroponik,60x50,3.5,10,3000,50000,244,2,konsumsi|jual|keduanya,layu bakteri,30.0-60.0,"Tomat varietas Tirta 43. Panen pertama sekitar 82-102 hari, cocok 0-700 mdpl, pH tanah 5.8-6.8, suhu ideal 19-29 C.",1
SKU-0025-5G,V0025,Benih Terong Lestari 26 (5 g),BibitKu,Terong,sayuran buah,Lestari 26,OP,,77,97,22,32,0,1000,100,200,5.5,6.8,lempung|lempung berpasir|liat berlempung,sedang,6,lahan|polybag,70x60,2.5,5,1250,19500,323,1,konsumsi|jual,,20.0-35.0,"Terong varietas Lestari 26. Panen pertama sekitar 77-97 hari, cocok 0-1000 mdpl, pH tanah 5.5-6.8, suhu ideal 22-32 C.",1
SKU-0025-10G,V0025,Benih Terong Lestari 26 (10 g),BibitKu,Terong,sayuran buah,Lestari 26,OP,,77,97,22,32,0,1000,100,200,5.5,6.8,lempung|lempung berpasir|liat berlempung,sedang,6,lahan|polybag,70x60,2.5,10,2500,34500,423,1,konsumsi|jual,,20.0-35.0,"Terong varietas Lestari 26. Panen pertama sekitar 77-97 hari, cocok 0-1000 mdpl, pH tanah 5.5-6.8, suhu ideal 22-32 C.",1
SKU-0025-25G,V0025,Benih Terong Lestari 26 (25 g),BibitKu,Terong,sayuran buah,Lestari 26,OP,,77,97,22,32,0,1000,100,200,5.5,6.8,lempung|lempung berpasir|liat berlempung,sedang,6,lahan|polybag,70x60,2.5,25,6250,76000,14,1,konsumsi|jual,,20.0-35.0,"Terong varietas Lestari 26. Panen pertama sekitar 77-97 hari, cocok 0-1000 mdpl, pH tanah 5.5-6.8, suhu ideal 22-32 C.",1
SKU-0026-5G,V0026,Benih Terong Samudra 80 (5 g),Greenfield Seeds,Terong,sayuran buah,Samudra 80,OP,dataran tinggi,82,102,20,30,500,1400,100,200,5.5,6.8,lempung|lempung berpasir|liat berlempung,sedang,6,lahan|polybag,70x60,2.5,5,1250,16000,390,1,konsumsi|jual,ulat buah|layu bakteri,20.0-35.0,"Terong varietas Samudra 80. Panen pertama sekitar 82-102 hari, cocok 500-1400 mdpl, pH tanah 5.5-6.8, suhu ideal 20-30 C.",1
SKU-0026-10G,V0026,Benih Terong Samudra 80 (10 g),Greenfield Seeds,Terong,sayuran buah,Samudra 80,OP,dataran tinggi,82,102,20,30,500,1400,100,200,5.5,6.8,lempung|lempung berpasir|liat berlempung,sedang,6,lahan|polybag,70x60,2.5,10,2500,28500,149,1,konsumsi|jual,ulat buah|layu bakteri,20.0-35.0,"Terong varietas Samudra 80. Panen pertama sekitar 82-102 hari, cocok 500-1400 mdpl, pH tanah 5.5-6.8, suhu ideal 20-30 C.",1
SKU-0026-25G,V0026,Benih Terong Samudra 80 (25 g),Greenfield Seeds,Terong,sayuran buah,Samudra 80,OP,dataran tinggi,82,102,20,30,500,1400,100,200,5.5,6.8,lempung|lempung berpasir|liat berlempung,sedang,6,lahan|polybag,70x60,2.5,25,6250,62500,117,1,konsumsi|jual,ulat buah|layu bakteri,20.0-35.0,"Terong varietas Samudra 80. Panen pertama sekitar 82-102 hari, cocok 500-1400 mdpl, pH tanah 5.5-6.8, suhu ideal 20-30 C.",1
SKU-0027-5G,V0027,Benih Terong Mutiara 53 (5 g),Kebun Lestari,Terong,sayuran buah,Mutiara 53,OP,organik,82,102,22,32,0,1000,100,200,5.5,6.8,lempung|lempung berpasir|liat berlempung,sedang,6,lahan|polybag,70x60,2.5,5,1250,24000,57,1,konsumsi|jual,,20.0-35.0,"Terong varietas Mutiara 53. Panen pertama sekitar 82-102 hari, cocok 0-1000 mdpl, pH tanah 5.5-6.8, suhu ideal 22-32 C.",1
SKU-0027-10G,V0027,Benih Terong Mutiara 53 (10 g),Kebun Lestari,Terong,sayuran buah,Mutiara 53,OP,organik,82,102,22,32,0,1000,100,200,5.5,6.8,lempung|lempung berpasir|liat berlempung,sedang,6,lahan|polybag,70x60,2.5,10,2500,42500,434,1,konsumsi|jual,,20.0-35.0,"Terong varietas Mutiara 53. Panen pertama sekitar 82-102 hari, cocok 0-1000 mdpl, pH tanah 5.5-6.8, suhu ideal 22-32 C.",1
SKU-0027-25G,V0027,Benih Terong Mutiara 53 (25 g),Kebun Lestari,Terong,sayuran buah,Mutiara 53,OP,organik,82,102,22,32,0,1000,100,200,5.5,6.8,lempung|lempung berpasir|liat berlempung,sedang,6,lahan|polybag,70x60,2.5,25,6250,93000,11,1,konsumsi|jual,,20.0-35.0,"Terong varietas Mutiara 53. Panen pertama sekitar 82-102 hari, cocok 0-1000 mdpl, pH tanah 5.5-6.8, suhu ideal 22-32 C.",1
SKU-0028-5G,V0028,Benih Terong Tirta 26 (5 g),Greenfield Seeds,Terong,sayuran buah,Tirta 26,OP,tahan hujan,78,98,22,32,0,1000,100,280,5.5,6.8,lempung|lempung berpasir|liat berlempung,sedang,6,lahan|polybag,70x60,2.5,5,1250,19000,462,1,konsumsi|jual,ulat buah,20.0-35.0,"Terong varietas Tirta 26. Panen pertama sekitar 78-98 hari, cocok 0-1000 mdpl, pH tanah 5.5-6.8, suhu ideal 22-32 C.",1
SKU-0028-10G,V0028,Benih Terong Tirta 26 (10 g),Greenfield Seeds,Terong,sayuran buah,Tirta 26,OP,tahan hujan,78,98,22,32,0,1000,100,280,5.5,6.8,lempung|lempung berpasir|liat berlempung,sedang,6,lahan|polybag,70x60,2.5,10,2500,33500,86,1,konsumsi|jual,ulat buah,20.0-35.0,"Terong varietas Tirta 26. Panen pertama sekitar 78-98 hari, cocok 0-1000 mdpl, pH tanah 5.5-6.8, suhu ideal 22-32 C.",1
SKU-0028-25G,V0028,Benih Terong Tirta 26 (25 g),Greenfield Seeds,Terong,sayuran buah,Tirta 26,OP,tahan hujan,78,98,22,32,0,1000,100,280,5.5,6.8,lempung|lempung berpasir|liat berlempung,sedang,6,lahan|polybag,70x60,2.5,25,6250,73500,437,1,konsumsi|jual,ulat buah,20.0-35.0,"Terong varietas Tirta 26. Panen pertama sekitar 78-98 hari, cocok 0-1000 mdpl, pH tanah 5.5-6.8, suhu ideal 22-32 C.",1
SKU-0029-5G,V0029,Benih Terong Fajar 84 F1 (5 g),Agro Subur,Terong,sayuran buah,Fajar 84 F1,F1,hibrida,80,100,22,32,0,1000,100,200,5.5,6.8,lempung|lempung berpasir|liat berlempung,sedang,6,lahan|polybag,70x60,2.5,5,1250,29500,470,1,konsumsi|jual,,25.0-43.8,"Terong varietas Fajar 84 F1. Panen pertama sekitar 80-100 hari, cocok 0-1000 mdpl, pH tanah 5.5-6.8, suhu ideal 22-32 C.",1
SKU-0029-10G,V0029,Benih Terong Fajar 84 F1 (10 g),Agro Subur,Terong,sayuran buah,Fajar 84 F1,F1,hibrida,80,100,22,32,0,1000,100,200,5.5,6.8,lempung|lempung berpasir|liat berlempung,sedang,6,lahan|polybag,70x60,2.5,10,2500,51500,359,1,konsumsi|jual,,25.0-43.8,"Terong varietas Fajar 84 F1. Panen pertama sekitar 80-100 hari, cocok 0-1000 mdpl, pH tanah 5.5-6.8, suhu ideal 22-32 C.",1
SKU-0029-25G,V0029,Benih Terong Fajar 84 F1 (25 g),Agro Subur,Terong,sayuran buah,Fajar 84 F1,F1,hibrida,80,100,22,32,0,1000,100,200,5.5,6.8,lempung|lempung berpasir|liat berlempung,sedang,6,lahan|polybag,70x60,2.5,25,6250,113500,62,1,konsumsi|jual,,25.0-43.8,"Terong varietas Fajar 84 F1. Panen pertama sekitar 80-100 hari, cocok 0-1000 mdpl, pH tanah 5.5-6.8, suhu ideal 22-32 C.",1
SKU-0030-5G,V0030,Benih Terong Perkasa 81 (5 g),Tani Jaya,Terong,sayuran buah,Perkasa 81,OP,kompak/cocok pot,81,101,22,32,0,1000,100,200,5.5,6.8,lempung|lempung berpasir|liat berlempung,sedang,6,lahan|polybag|pot,70x60,3.8,5,1250,19000,419,1,konsumsi|jual,ulat buah|layu bakteri,12.0-21.0,"Terong varietas Perkasa 81. Panen pertama sekitar 81-101 hari, cocok 0-1000 mdpl, pH tanah 5.5-6.8, suhu ideal 22-32 C.",1
SKU-0030-10G,V0030,Benih Terong Perkasa 81 (10 g),Tani Jaya,Terong,sayuran buah,Perkasa 81,OP,kompak/cocok pot,81,101,22,32,0,1000,100,200,5.5,6.8,lempung|lempung berpasir|liat berlempung,sedang,6,lahan|polybag|pot,70x60,3.8,10,2500,33500,461,1,konsumsi|jual,ulat buah|layu bakteri,12.0-21.0,"Terong varietas Perkasa 81. Panen pertama sekitar 81-101 hari, cocok 0-1000 mdpl, pH tanah 5.5-6.8, suhu ideal 22-32 C.",1
SKU-0030-25G,V0030,Benih Terong Perkasa 81 (25 g),Tani Jaya,Terong,sayuran buah,Perkasa 81,OP,kompak/cocok pot,81,101,22,32,0,1000,100,200,5.5,6.8,lempung|lempung berpasir|liat berlempung,sedang,6,lahan|polybag|pot,70x60,3.8,25,6250,73500,101,1,konsumsi|jual,ulat buah|layu bakteri,12.0-21.0,"Terong varietas Perkasa 81. Panen pertama sekitar 81-101 hari, cocok 0-1000 mdpl, pH tanah 5.5-6.8, suhu ideal 22-32 C.",1
SKU-0031-10G,V0031,Benih Timun Lestari 30 (10 g),TaniMas,Timun,sayuran buah,Lestari 30,OP,,40,55,22,30,0,1000,80,180,5.5,7.0,lempung berpasir|lempung,baik,6,lahan|polybag|vertikultur,60x40,5,10,350,9000,245,1,konsumsi|jual,embun tepung|downy mildew,20.0-35.0,"Timun varietas Lestari 30. Panen pertama sekitar 40-55 hari, cocok 0-1000 mdpl, pH tanah 5.5-7.0, suhu ideal 22-30 C.",1
SKU-0031-25G,V0031,Benih Timun Lestari 30 (25 g),TaniMas,Timun,sayuran buah,Lestari 30,OP,,40,55,22,30,0,1000,80,180,5.5,7.0,lempung berpasir|lempung,baik,6,lahan|polybag|vertikultur,60x40,5,25,875,19500,430,1,konsumsi|jual,embun tepung|downy mildew,20.0-35.0,"Timun varietas Lestari 30. Panen pertama sekitar 40-55 hari, cocok 0-1000 mdpl, pH tanah 5.5-7.0, suhu ideal 22-30 C.",1
SKU-0031-50G,V0031,Benih Timun Lestari 30 (50 g),TaniMas,Timun,sayuran buah,Lestari 30,OP,,40,55,22,30,0,1000,80,180,5.5,7.0,lempung berpasir|lempung,baik,6,lahan|polybag|vertikultur,60x40,5,50,1750,34500,126,1,konsumsi|jual,embun tepung|downy mildew,20.0-35.0,"Timun varietas Lestari 30. Panen pertama sekitar 40-55 hari, cocok 0-1000 mdpl, pH tanah 5.5-7.0, suhu ideal 22-30 C.",1
SKU-0032-10G,V0032,Benih Timun Cakra 13 (10 g),Kebun Lestari,Timun,sayuran buah,Cakra 13,OP,tahan kering,40,55,22,30,0,1000,50,140,5.5,7.0,lempung berpasir|lempung,baik,6,lahan|polybag|vertikultur,60x40,5,10,350,8000,338,1,konsumsi|jual,,20.0-35.0,"Timun varietas Cakra 13. Panen pertama sekitar 40-55 hari, cocok 0-1000 mdpl, pH tanah 5.5-7.0, suhu ideal 22-30 C.",1
SKU-0032-25G,V0032,Benih Timun Cakra 13 (25 g),Kebun Lestari,Timun,sayuran buah,Cakra 13,OP,tahan kering,40,55,22,30,0,1000,50,140,5.5,7.0,lempung berpasir|lempung,baik,6,lahan|polybag|vertikultur,60x40,5,25,875,17500,357,1,konsumsi|jual,,20.0-35.0,"Timun varietas Cakra 13. Panen pertama sekitar 40-55 hari, cocok 0-1000 mdpl, pH tanah 5.5-7.0, suhu ideal 22-30 C.",1
SKU-0032-50G,V0032,Benih Timun Cakra 13 (50 g),Kebun Lestari,Timun,sayuran buah,Cakra 13,OP,tahan kering,40,55,22,30,0,1000,50,140,5.5,7.0,lempung berpasir|lempung,baik,6,lahan|polybag|vertikultur,60x40,5,50,1750,30500,284,1,konsumsi|jual,,20.0-35.0,"Timun varietas Cakra 13. Panen pertama sekitar 40-55 hari, cocok 0-1000 mdpl, pH tanah 5.5-7.0, suhu ideal 22-30 C.",1
SKU-0033-10G,V0033,Benih Timun Tirta 13 (10 g),TaniMas,Timun,sayuran buah,Tirta 13,OP,kompak/cocok pot,39,54,22,30,0,1000,80,180,5.5,7.0,lempung berpasir|lempung,baik,6,lahan|polybag|vertikultur|pot,60x40,7.5,10,350,7500,232,1,konsumsi|jual,embun tepung|downy mildew,12.0-21.0,"Timun varietas Tirta 13. Panen pertama sekitar 39-54 hari, cocok 0-1000 mdpl, pH tanah 5.5-7.0, suhu ideal 22-30 C.",1
SKU-0033-25G,V0033,Benih Timun Tirta 13 (25 g),TaniMas,Timun,sayuran buah,Tirta 13,OP,kompak/cocok pot,39,54,22,30,0,1000,80,180,5.5,7.0,lempung berpasir|lempung,baik,6,lahan|polybag|vertikultur|pot,60x40,7.5,25,875,16500,412,1,konsumsi|jual,embun tepung|downy mildew,12.0-21.0,"Timun varietas Tirta 13. Panen pertama sekitar 39-54 hari, cocok 0-1000 mdpl, pH tanah 5.5-7.0, suhu ideal 22-30 C.",1
SKU-0033-50G,V0033,Benih Timun Tirta 13 (50 g),TaniMas,Timun,sayuran buah,Tirta 13,OP,kompak/cocok pot,39,54,22,30,0,1000,80,180,5.5,7.0,lempung berpasir|lempung,baik,6,lahan|polybag|vertikultur|pot,60x40,7.5,50,1750,29500,320,1,konsumsi|jual,embun tepung|downy mildew,12.0-21.0,"Timun varietas Tirta 13. Panen pertama sekitar 39-54 hari, cocok 0-1000 mdpl, pH tanah 5.5-7.0, suhu ideal 22-30 C.",1
SKU-0034-10G,V0034,Benih Timun Permata 24 F1 (10 g),Tani Jaya,Timun,sayuran buah,Permata 24 F1,F1,hibrida,41,56,22,30,0,1000,80,180,5.5,7.0,lempung berpasir|lempung,baik,6,lahan|polybag|vertikultur,60x40,5,10,350,13500,491,2,konsumsi|jual,,25.0-43.8,"Timun varietas Permata 24 F1. Panen pertama sekitar 41-56 hari, cocok 0-1000 mdpl, pH tanah 5.5-7.0, suhu ideal 22-30 C.",1
SKU-0034-25G,V0034,Benih Timun Permata 24 F1 (25 g),Tani Jaya,Timun,sayuran buah,Permata 24 F1,F1,hibrida,41,56,22,30,0,1000,80,180,5.5,7.0,lempung berpasir|lempung,baik,6,lahan|polybag|vertikultur,60x40,5,25,875,30000,353,2,konsumsi|jual,,25.0-43.8,"Timun varietas Permata 24 F1. Panen pertama sekitar 41-56 hari, cocok 0-1000 mdpl, pH tanah 5.5-7.0, suhu ideal 22-30 C.",1
SKU-0034-50G,V0034,Benih Timun Permata 24 F1 (50 g),Tani Jaya,Timun,sayuran buah,Permata 24 F1,F1,hibrida,41,56,22,30,0,1000,80,180,5.5,7.0,lempung berpasir|lempung,baik,6,lahan|polybag|vertikultur,60x40,5,50,1750,53000,230,2,konsumsi|jual,,25.0-43.8,"Timun varietas Permata 24 F1. Panen pertama sekitar 41-56 hari, cocok 0-1000 mdpl, pH tanah 5.5-7.0, suhu ideal 22-30 C.",1
SKU-0035-10G,V0035,Benih Timun Mekar 95 (10 g),BibitKu,Timun,sayuran buah,Mekar 95,OP,organik,41,56,22,30,0,1000,80,180,5.5,7.0,lempung berpasir|lempung,baik,6,lahan|polybag|vertikultur,60x40,5,10,350,10000,168,1,konsumsi|jual,,20.0-35.0,"Timun varietas Mekar 95. Panen pertama sekitar 41-56 hari, cocok 0-1000 mdpl, pH tanah 5.5-7.0, suhu ideal 22-30 C.",1
SKU-0035-25G,V0035,Benih Timun Mekar 95 (25 g),BibitKu,Timun,sayuran buah,Mekar 95,OP,organik,41,56,22,30,0,1000,80,180,5.5,7.0,lempung berpasir|lempung,baik,6,lahan|polybag|vertikultur,60x40,5,25,875,22500,177,1,konsumsi|jual,,20.0-35.0,"Timun varietas Mekar 95. Panen pertama sekitar 41-56 hari, cocok 0-1000 mdpl, pH tanah 5.5-7.0, suhu ideal 22-30 C.",1
SKU-0035-50G,V0035,Benih Timun Mekar 95 (50 g),BibitKu,Timun,sayuran buah,Mekar 95,OP,organik,41,56,22,30,0,1000,80,180,5.5,7.0,lempung berpasir|lempung,baik,6,lahan|polybag|vertikultur,60x40,5,50,1750,39500,161,1,konsumsi|jual,,20.0-35.0,"Timun varietas Mekar 95. Panen pertama sekitar 41-56 hari, cocok 0-1000 mdpl, pH tanah 5.5-7.0, suhu ideal 22-30 C.",1
SKU-0036-10G,V0036,Benih Timun Garuda 26 (10 g),Kebun Lestari,Timun,sayuran buah,Garuda 26,OP,dataran tinggi,40,55,20,28,500,1400,80,180,5.5,7.0,lempung berpasir|lempung,baik,6,lahan|polybag|vertikultur,60x40,5,10,350,8500,217,1,konsumsi|jual,embun tepung|downy mildew,20.0-35.0,"Timun varietas Garuda 26. Panen pertama sekitar 40-55 hari, cocok 500-1400 mdpl, pH tanah 5.5-7.0, suhu ideal 20-28 C.",1
SKU-0036-25G,V0036,Benih Timun Garuda 26 (25 g),Kebun Lestari,Timun,sayuran buah,Garuda 26,OP,dataran tinggi,40,55,20,28,500,1400,80,180,5.5,7.0,lempung berpasir|lempung,baik,6,lahan|polybag|vertikultur,60x40,5,25,875,19000,10,1,konsumsi|jual,embun tepung|downy mildew,20.0-35.0,"Timun varietas Garuda 26. Panen pertama sekitar 40-55 hari, cocok 500-1400 mdpl, pH tanah 5.5-7.0, suhu ideal 20-28 C.",1
SKU-0036-50G,V0036,Benih Timun Garuda 26 (50 g),Kebun Lestari,Timun,sayuran buah,Garuda 26,OP,dataran tinggi,40,55,20,28,500,1400,80,180,5.5,7.0,lempung berpasir|lempung,baik,6,lahan|polybag|vertikultur,60x40,5,50,1750,33000,117,1,konsumsi|jual,embun tepung|downy mildew,20.0-35.0,"Timun varietas Garuda 26. Panen pertama sekitar 40-55 hari, cocok 500-1400 mdpl, pH tanah 5.5-7.0, suhu ideal 20-28 C.",1
SKU-0037-10G,V0037,Benih Paria Samudra 37 (10 g),Sumber Panen,Paria,sayuran buah,Samudra 37,OP,,58,73,24,32,0,800,100,200,6.0,6.7,lempung,baik,6,lahan|polybag|vertikultur,100x50,2,10,150,28000,273,2,konsumsi|keduanya,lalat buah|embun tepung,15.0-25.0,"Paria varietas Samudra 37. Panen pertama sekitar 58-73 hari, cocok 0-800 mdpl, pH tanah 6.0-6.7, suhu ideal 24-32 C.",1
SKU-0037-25G,V0037,Benih Paria Samudra 37 (25 g),Sumber Panen,Paria,sayuran buah,Samudra 37,OP,,58,73,24,32,0,800,100,200,6.0,6.7,lempung,baik,6,lahan|polybag|vertikultur,100x50,2,25,375,62000,327,2,konsumsi|keduanya,lalat buah|embun tepung,15.0-25.0,"Paria varietas Samudra 37. Panen pertama sekitar 58-73 hari, cocok 0-800 mdpl, pH tanah 6.0-6.7, suhu ideal 24-32 C.",1
SKU-0038-10G,V0038,Benih Paria Tirta 21 (10 g),Kebun Lestari,Paria,sayuran buah,Tirta 21,OP,kompak/cocok pot,57,72,24,32,0,800,100,200,6.0,6.7,lempung,baik,6,lahan|polybag|vertikultur|pot,100x50,3.0,10,150,24500,0,2,konsumsi|keduanya,lalat buah|embun tepung,9.0-15.0,"Paria varietas Tirta 21. Panen pertama sekitar 57-72 hari, cocok 0-800 mdpl, pH tanah 6.0-6.7, suhu ideal 24-32 C.",1
SKU-0038-25G,V0038,Benih Paria Tirta 21 (25 g),Kebun Lestari,Paria,sayuran buah,Tirta 21,OP,kompak/cocok pot,57,72,24,32,0,800,100,200,6.0,6.7,lempung,baik,6,lahan|polybag|vertikultur|pot,100x50,3.0,25,375,54000,322,2,konsumsi|keduanya,lalat buah|embun tepung,9.0-15.0,"Paria varietas Tirta 21. Panen pertama sekitar 57-72 hari, cocok 0-800 mdpl, pH tanah 6.0-6.7, suhu ideal 24-32 C.",1
SKU-0039-10G,V0039,Benih Paria Kartika 19 (10 g),Sumber Panen,Paria,sayuran buah,Kartika 19,OP,tahan kering,55,70,24,32,0,800,70,160,6.0,6.7,lempung,baik,6,lahan|polybag|vertikultur,100x50,2,10,150,28000,85,2,konsumsi|keduanya,lalat buah|embun tepung,15.0-25.0,"Paria varietas Kartika 19. Panen pertama sekitar 55-70 hari, cocok 0-800 mdpl, pH tanah 6.0-6.7, suhu ideal 24-32 C.",1
SKU-0039-25G,V0039,Benih Paria Kartika 19 (25 g),Sumber Panen,Paria,sayuran buah,Kartika 19,OP,tahan kering,55,70,24,32,0,800,70,160,6.0,6.7,lempung,baik,6,lahan|polybag|vertikultur,100x50,2,25,375,61500,12,2,konsumsi|keduanya,lalat buah|embun tepung,15.0-25.0,"Paria varietas Kartika 19. Panen pertama sekitar 55-70 hari, cocok 0-800 mdpl, pH tanah 6.0-6.7, suhu ideal 24-32 C.",1
SKU-0040-10G,V0040,Benih Paria Perkasa 23 (10 g),Tani Jaya,Paria,sayuran buah,Perkasa 23,OP,tahan panas,53,68,24,35,0,800,100,200,6.0,6.7,lempung,baik,6,lahan|polybag|vertikultur,100x50,2,10,150,23500,137,2,konsumsi|keduanya,lalat buah|embun tepung,15.0-25.0,"Paria varietas Perkasa 23. Panen pertama sekitar 53-68 hari, cocok 0-800 mdpl, pH tanah 6.0-6.7, suhu ideal 24-35 C.",1
SKU-0040-25G,V0040,Benih Paria Perkasa 23 (25 g),Tani Jaya,Paria,sayuran buah,Perkasa 23,OP,tahan panas,53,68,24,35,0,800,100,200,6.0,6.7,lempung,baik,6,lahan|polybag|vertikultur,100x50,2,25,375,52000,72,2,konsumsi|keduanya,lalat buah|embun tepung,15.0-25.0,"Paria varietas Perkasa 23. Panen pertama sekitar 53-68 hari, cocok 0-800 mdpl, pH tanah 6.0-6.7, suhu ideal 24-35 C.",1
SKU-0041-10G,V0041,Benih Paria Arjuna 27 (10 g),Sumber Panen,Paria,sayuran buah,Arjuna 27,OP,organik,57,72,24,32,0,800,100,200,6.0,6.7,lempung,baik,6,lahan|polybag|vertikultur,100x50,2,10,150,33500,427,2,konsumsi|keduanya,,15.0-25.0,"Paria varietas Arjuna 27. Panen pertama sekitar 57-72 hari, cocok 0-800 mdpl, pH tanah 6.0-6.7, suhu ideal 24-32 C.",1
SKU-0041-25G,V0041,Benih Paria Arjuna 27 (25 g),Sumber Panen,Paria,sayuran buah,Arjuna 27,OP,organik,57,72,24,32,0,800,100,200,6.0,6.7,lempung,baik,6,lahan|polybag|vertikultur,100x50,2,25,375,74000,268,2,konsumsi|keduanya,,15.0-25.0,"Paria varietas Arjuna 27. Panen pertama sekitar 57-72 hari, cocok 0-800 mdpl, pH tanah 6.0-6.7, suhu ideal 24-32 C.",1
SKU-0042-10G,V0042,Benih Paria Bima 80 F1 (10 g),Sumber Panen,Paria,sayuran buah,Bima 80 F1,F1,hibrida,53,68,24,32,0,800,100,200,6.0,6.7,lempung,baik,6,lahan|polybag|vertikultur,100x50,2,10,150,49000,276,2,konsumsi|keduanya,lalat buah,18.8-31.2,"Paria varietas Bima 80 F1. Panen pertama sekitar 53-68 hari, cocok 0-800 mdpl, pH tanah 6.0-6.7, suhu ideal 24-32 C.",1
SKU-0042-25G,V0042,Benih Paria Bima 80 F1 (25 g),Sumber Panen,Paria,sayuran buah,Bima 80 F1,F1,hibrida,53,68,24,32,0,800,100,200,6.0,6.7,lempung,baik,6,lahan|polybag|vertikultur,100x50,2,25,375,107500,132,2,konsumsi|keduanya,lalat buah,18.8-31.2,"Paria varietas Bima 80 F1. Panen pertama sekitar 53-68 hari, cocok 0-800 mdpl, pH tanah 6.0-6.7, suhu ideal 24-32 C.",1
SKU-0043-25G,V0043,Benih Kacang Panjang Cakra 44 (25 g),BibitKu,Kacang Panjang,sayuran buah,Cakra 44,OP,,44,59,24,32,0,800,80,180,5.8,6.8,lempung|lempung berpasir,sedang,6,lahan|polybag|vertikultur,60x30,8,25,175,12500,119,1,konsumsi|jual,lalat bibit,10.0-20.0,"Kacang Panjang varietas Cakra 44. Panen pertama sekitar 44-59 hari, cocok 0-800 mdpl, pH tanah 5.8-6.8, suhu ideal 24-32 C.",1
SKU-0043-50G,V0043,Benih Kacang Panjang Cakra 44 (50 g),BibitKu,Kacang Panjang,sayuran buah,Cakra 44,OP,,44,59,24,32,0,800,80,180,5.8,6.8,lempung|lempung berpasir,sedang,6,lahan|polybag|vertikultur,60x30,8,50,350,22000,218,1,konsumsi|jual,lalat bibit,10.0-20.0,"Kacang Panjang varietas Cakra 44. Panen pertama sekitar 44-59 hari, cocok 0-800 mdpl, pH tanah 5.8-6.8, suhu ideal 24-32 C.",1
SKU-0043-100G,V0043,Benih Kacang Panjang Cakra 44 (100 g),BibitKu,Kacang Panjang,sayuran buah,Cakra 44,OP,,44,59,24,32,0,800,80,180,5.8,6.8,lempung|lempung berpasir,sedang,6,lahan|polybag|vertikultur,60x30,8,100,700,39000,248,1,konsumsi|jual,lalat bibit,10.0-20.0,"Kacang Panjang varietas Cakra 44. Panen pertama sekitar 44-59 hari, cocok 0-800 mdpl, pH tanah 5.8-6.8, suhu ideal 24-32 C.",1
SKU-0044-25G,V0044,Benih Kacang Panjang Bima 17 (25 g),Kebun Lestari,Kacang Panjang,sayuran buah,Bima 17,OP,tahan hujan,48,63,24,32,0,800,80,260,5.8,6.8,lempung|lempung berpasir,sedang,6,lahan|polybag|vertikultur,60x30,8,25,175,11500,448,1,konsumsi|jual,lalat bibit|karat daun,10.0-20.0,"Kacang Panjang varietas Bima 17. Panen pertama sekitar 48-63 hari, cocok 0-800 mdpl, pH tanah 5.8-6.8, suhu ideal 24-32 C.",1
SKU-0044-50G,V0044,Benih Kacang Panjang Bima 17 (50 g),Kebun Lestari,Kacang Panjang,sayuran buah,Bima 17,OP,tahan hujan,48,63,24,32,0,800,80,260,5.8,6.8,lempung|lempung berpasir,sedang,6,lahan|polybag|vertikultur,60x30,8,50,350,20000,304,1,konsumsi|jual,lalat bibit|karat daun,10.0-20.0,"Kacang Panjang varietas Bima 17. Panen pertama sekitar 48-63 hari, cocok 0-800 mdpl, pH tanah 5.8-6.8, suhu ideal 24-32 C.",1
SKU-0044-100G,V0044,Benih Kacang Panjang Bima 17 (100 g),Kebun Lestari,Kacang Panjang,sayuran buah,Bima 17,OP,tahan hujan,48,63,24,32,0,800,80,260,5.8,6.8,lempung|lempung berpasir,sedang,6,lahan|polybag|vertikultur,60x30,8,100,700,35000,13,1,konsumsi|jual,lalat bibit|karat daun,10.0-20.0,"Kacang Panjang varietas Bima 17. Panen pertama sekitar 48-63 hari, cocok 0-800 mdpl, pH tanah 5.8-6.8, suhu ideal 24-32 C.",1
SKU-0045-25G,V0045,Benih Kacang Panjang Fajar 48 F1 (25 g),Tani Jaya,Kacang Panjang,sayuran buah,Fajar 48 F1,F1,hibrida,48,63,24,32,0,800,80,180,5.8,6.8,lempung|lempung berpasir,sedang,6,lahan|polybag|vertikultur,60x30,8,25,175,22500,259,1,konsumsi|jual,,12.5-25.0,"Kacang Panjang varietas Fajar 48 F1. Panen pertama sekitar 48-63 hari, cocok 0-800 mdpl, pH tanah 5.8-6.8, suhu ideal 24-32 C.",1
SKU-0045-50G,V0045,Benih Kacang Panjang Fajar 48 F1 (50 g),Tani Jaya,Kacang Panjang,sayuran buah,Fajar 48 F1,F1,hibrida,48,63,24,32,0,800,80,180,5.8,6.8,lempung|lempung berpasir,sedang,6,lahan|polybag|vertikultur,60x30,8,50,350,40000,233,1,konsumsi|jual,,12.5-25.0,"Kacang Panjang varietas Fajar 48 F1. Panen pertama sekitar 48-63 hari, cocok 0-800 mdpl, pH tanah 5.8-6.8, suhu ideal 24-32 C.",1
SKU-0045-100G,V0045,Benih Kacang Panjang Fajar 48 F1 (100 g),Tani Jaya,Kacang Panjang,sayuran buah,Fajar 48 F1,F1,hibrida,48,63,24,32,0,800,80,180,5.8,6.8,lempung|lempung berpasir,sedang,6,lahan|polybag|vertikultur,60x30,8,100,700,70500,209,1,konsumsi|jual,,12.5-25.0,"Kacang Panjang varietas Fajar 48 F1. Panen pertama sekitar 48-63 hari, cocok 0-800 mdpl, pH tanah 5.8-6.8, suhu ideal 24-32 C.",1
SKU-0046-25G,V0046,Benih Kacang Panjang Tirta 95 (25 g),Tani Jaya,Kacang Panjang,sayuran buah,Tirta 95,OP,genjah,40,53,24,32,0,800,80,180,5.8,6.8,lempung|lempung berpasir,sedang,6,lahan|polybag|vertikultur,60x30,8,25,175,10500,0,1,konsumsi|jual,lalat bibit,9.0-18.0,"Kacang Panjang varietas Tirta 95. Panen pertama sekitar 40-53 hari, cocok 0-800 mdpl, pH tanah 5.8-6.8, suhu ideal 24-32 C.",1
SKU-0046-50G,V0046,Benih Kacang Panjang Tirta 95 (50 g),Tani Jaya,Kacang Panjang,sayuran buah,Tirta 95,OP,genjah,40,53,24,32,0,800,80,180,5.8,6.8,lempung|lempung berpasir,sedang,6,lahan|polybag|vertikultur,60x30,8,50,350,18500,298,1,konsumsi|jual,lalat bibit,9.0-18.0,"Kacang Panjang varietas Tirta 95. Panen pertama sekitar 40-53 hari, cocok 0-800 mdpl, pH tanah 5.8-6.8, suhu ideal 24-32 C.",1
SKU-0046-100G,V0046,Benih Kacang Panjang Tirta 95 (100 g),Tani Jaya,Kacang Panjang,sayuran buah,Tirta 95,OP,genjah,40,53,24,32,0,800,80,180,5.8,6.8,lempung|lempung berpasir,sedang,6,lahan|polybag|vertikultur,60x30,8,100,700,33000,52,1,konsumsi|jual,lalat bibit,9.0-18.0,"Kacang Panjang varietas Tirta 95. Panen pertama sekitar 40-53 hari, cocok 0-800 mdpl, pH tanah 5.8-6.8, suhu ideal 24-32 C.",1
SKU-0047-25G,V0047,Benih Kacang Panjang Bintang 64 (25 g),Agro Subur,Kacang Panjang,sayuran buah,Bintang 64,OP,tahan kering,48,63,24,32,0,800,50,140,5.8,6.8,lempung|lempung berpasir,sedang,6,lahan|polybag|vertikultur,60x30,8,25,175,11500,399,1,konsumsi|jual,lalat bibit,10.0-20.0,"Kacang Panjang varietas Bintang 64. Panen pertama sekitar 48-63 hari, cocok 0-800 mdpl, pH tanah 5.8-6.8, suhu ideal 24-32 C.",1
SKU-0047-50G,V0047,Benih Kacang Panjang Bintang 64 (50 g),Agro Subur,Kacang Panjang,sayuran buah,Bintang 64,OP,tahan kering,48,63,24,32,0,800,50,140,5.8,6.8,lempung|lempung berpasir,sedang,6,lahan|polybag|vertikultur,60x30,8,50,350,20000,152,1,konsumsi|jual,lalat bibit,10.0-20.0,"Kacang Panjang varietas Bintang 64. Panen pertama sekitar 48-63 hari, cocok 0-800 mdpl, pH tanah 5.8-6.8, suhu ideal 24-32 C.",1
SKU-0047-100G,V0047,Benih Kacang Panjang Bintang 64 (100 g),Agro Subur,Kacang Panjang,sayuran buah,Bintang 64,OP,tahan kering,48,63,24,32,0,800,50,140,5.8,6.8,lempung|lempung berpasir,sedang,6,lahan|polybag|vertikultur,60x30,8,100,700,35500,435,1,konsumsi|jual,lalat bibit,10.0-20.0,"Kacang Panjang varietas Bintang 64. Panen pertama sekitar 48-63 hari, cocok 0-800 mdpl, pH tanah 5.8-6.8, suhu ideal 24-32 C.",1
SKU-0048-25G,V0048,Benih Kacang Panjang Lestari 20 (25 g),Sumber Panen,Kacang Panjang,sayuran buah,Lestari 20,OP,dataran rendah,42,57,25,34,0,800,80,180,5.8,6.8,lempung|lempung berpasir,sedang,6,lahan|polybag|vertikultur,60x30,8,25,175,12000,500,1,konsumsi|jual,lalat bibit|karat daun,10.0-20.0,"Kacang Panjang varietas Lestari 20. Panen pertama sekitar 42-57 hari, cocok 0-800 mdpl, pH tanah 5.8-6.8, suhu ideal 25-34 C.",1
SKU-0048-50G,V0048,Benih Kacang Panjang Lestari 20 (50 g),Sumber Panen,Kacang Panjang,sayuran buah,Lestari 20,OP,dataran rendah,42,57,25,34,0,800,80,180,5.8,6.8,lempung|lempung berpasir,sedang,6,lahan|polybag|vertikultur,60x30,8,50,350,21500,396,1,konsumsi|jual,lalat bibit|karat daun,10.0-20.0,"Kacang Panjang varietas Lestari 20. Panen pertama sekitar 42-57 hari, cocok 0-800 mdpl, pH tanah 5.8-6.8, suhu ideal 25-34 C.",1
SKU-0048-100G,V0048,Benih Kacang Panjang Lestari 20 (100 g),Sumber Panen,Kacang Panjang,sayuran buah,Lestari 20,OP,dataran rendah,42,57,25,34,0,800,80,180,5.8,6.8,lempung|lempung berpasir,sedang,6,lahan|polybag|vertikultur,60x30,8,100,700,38000,0,1,konsumsi|jual,lalat bibit|karat daun,10.0-20.0,"Kacang Panjang varietas Lestari 20. Panen pertama sekitar 42-57 hari, cocok 0-800 mdpl, pH tanah 5.8-6.8, suhu ideal 25-34 C.",1
SKU-0049-25G,V0049,Benih Buncis Gading 40 (25 g),Agro Subur,Buncis,sayuran buah,Gading 40,OP,,45,60,18,26,300,1500,80,150,5.5,6.8,lempung,baik,6,lahan|polybag,50x30,10,25,88,10500,95,1,konsumsi|jual,karat daun,10.0-18.0,"Buncis varietas Gading 40. Panen pertama sekitar 45-60 hari, cocok 300-1500 mdpl, pH tanah 5.5-6.8, suhu ideal 18-26 C.",1
SKU-0049-50G,V0049,Benih Buncis Gading 40 (50 g),Agro Subur,Buncis,sayuran buah,Gading 40,OP,,45,60,18,26,300,1500,80,150,5.5,6.8,lempung,baik,6,lahan|polybag,50x30,10,50,175,19000,392,1,konsumsi|jual,karat daun,10.0-18.0,"Buncis varietas Gading 40. Panen pertama sekitar 45-60 hari, cocok 300-1500 mdpl, pH tanah 5.5-6.8, suhu ideal 18-26 C.",1
SKU-0049-100G,V0049,Benih Buncis Gading 40 (100 g),Agro Subur,Buncis,sayuran buah,Gading 40,OP,,45,60,18,26,300,1500,80,150,5.5,6.8,lempung,baik,6,lahan|polybag,50x30,10,100,350,33000,408,1,konsumsi|jual,karat daun,10.0-18.0,"Buncis varietas Gading 40. Panen pertama sekitar 45-60 hari, cocok 300-1500 mdpl, pH tanah 5.5-6.8, suhu ideal 18-26 C.",1
SKU-0050-25G,V0050,Benih Buncis Dewi 30 (25 g),Greenfield Seeds,Buncis,sayuran buah,Dewi 30,OP,tahan panas,42,57,18,29,0,1500,80,150,5.5,6.8,lempung,baik,6,lahan|polybag,50x30,10,25,88,10500,202,1,konsumsi|jual,karat daun|antraknosa,10.0-18.0,"Buncis varietas Dewi 30. Panen pertama sekitar 42-57 hari, cocok 0-1500 mdpl, pH tanah 5.5-6.8, suhu ideal 18-29 C.",1
SKU-0050-50G,V0050,Benih Buncis Dewi 30 (50 g),Greenfield Seeds,Buncis,sayuran buah,Dewi 30,OP,tahan panas,42,57,18,29,0,1500,80,150,5.5,6.8,lempung,baik,6,lahan|polybag,50x30,10,50,175,18500,376,1,konsumsi|jual,karat daun|antraknosa,10.0-18.0,"Buncis varietas Dewi 30. Panen pertama sekitar 42-57 hari, cocok 0-1500 mdpl, pH tanah 5.5-6.8, suhu ideal 18-29 C.",1
SKU-0050-100G,V0050,Benih Buncis Dewi 30 (100 g),Greenfield Seeds,Buncis,sayuran buah,Dewi 30,OP,tahan panas,42,57,18,29,0,1500,80,150,5.5,6.8,lempung,baik,6,lahan|polybag,50x30,10,100,350,32500,313,1,konsumsi|jual,karat daun|antraknosa,10.0-18.0,"Buncis varietas Dewi 30. Panen pertama sekitar 42-57 hari, cocok 0-1500 mdpl, pH tanah 5.5-6.8, suhu ideal 18-29 C.",1
SKU-0051-25G,V0051,Benih Buncis Mutiara 90 (25 g),Kebun Lestari,Buncis,sayuran buah,Mutiara 90,OP,organik,42,57,18,26,300,1500,80,150,5.5,6.8,lempung,baik,6,lahan|polybag,50x30,10,25,88,14000,299,1,konsumsi|jual,,10.0-18.0,"Buncis varietas Mutiara 90. Panen pertama sekitar 42-57 hari, cocok 300-1500 mdpl, pH tanah 5.5-6.8, suhu ideal 18-26 C.",1
SKU-0051-50G,V0051,Benih Buncis Mutiara 90 (50 g),Kebun Lestari,Buncis,sayuran buah,Mutiara 90,OP,organik,42,57,18,26,300,1500,80,150,5.5,6.8,lempung,baik,6,lahan|polybag,50x30,10,50,175,24500,187,1,konsumsi|jual,,10.0-18.0,"Buncis varietas Mutiara 90. Panen pertama sekitar 42-57 hari, cocok 300-1500 mdpl, pH tanah 5.5-6.8, suhu ideal 18-26 C.",1
SKU-0051-100G,V0051,Benih Buncis Mutiara 90 (100 g),Kebun Lestari,Buncis,sayuran buah,Mutiara 90,OP,organik,42,57,18,26,300,1500,80,150,5.5,6.8,lempung,baik,6,lahan|polybag,50x30,10,100,350,43500,348,1,konsumsi|jual,,10.0-18.0,"Buncis varietas Mutiara 90. Panen pertama sekitar 42-57 hari, cocok 300-1500 mdpl, pH tanah 5.5-6.8, suhu ideal 18-26 C.",1
SKU-0052-25G,V0052,Benih Buncis Fajar 18 (25 g),BibitKu,Buncis,sayuran buah,Fajar 18,OP,kompak/cocok pot,42,57,18,26,300,1500,80,150,5.5,6.8,lempung,baik,6,lahan|polybag|pot,50x30,15.0,25,88,11000,335,1,konsumsi|jual,karat daun|antraknosa,6.0-10.8,"Buncis varietas Fajar 18. Panen pertama sekitar 42-57 hari, cocok 300-1500 mdpl, pH tanah 5.5-6.8, suhu ideal 18-26 C.",1
SKU-0052-50G,V0052,Benih Buncis Fajar 18 (50 g),BibitKu,Buncis,sayuran buah,Fajar 18,OP,kompak/cocok pot,42,57,18,26,300,1500,80,150,5.5,6.8,lempung,baik,6,lahan|polybag|pot,50x30,15.0,50,175,19500,245,1,konsumsi|jual,karat daun|antraknosa,6.0-10.8,"Buncis varietas Fajar 18. Panen pertama sekitar 42-57 hari, cocok 300-1500 mdpl, pH tanah 5.5-6.8, suhu ideal 18-26 C.",1
SKU-0052-100G,V0052,Benih Buncis Fajar 18 (100 g),BibitKu,Buncis,sayuran buah,Fajar 18,OP,kompak/cocok pot,42,57,18,26,300,1500,80,150,5.5,6.8,lempung,baik,6,lahan|polybag|pot,50x30,15.0,100,350,34500,232,1,konsumsi|jual,karat daun|antraknosa,6.0-10.8,"Buncis varietas Fajar 18. Panen pertama sekitar 42-57 hari, cocok 300-1500 mdpl, pH tanah 5.5-6.8, suhu ideal 18-26 C.",1
SKU-0053-25G,V0053,Benih Buncis Rimba 76 (25 g),Greenfield Seeds,Buncis,sayuran buah,Rimba 76,OP,genjah,39,52,18,26,300,1500,80,150,5.5,6.8,lempung,baik,6,lahan|polybag,50x30,10,25,88,11000,147,1,konsumsi|jual,karat daun,9.0-16.2,"Buncis varietas Rimba 76. Panen pertama sekitar 39-52 hari, cocok 300-1500 mdpl, pH tanah 5.5-6.8, suhu ideal 18-26 C.",1
SKU-0053-50G,V0053,Benih Buncis Rimba 76 (50 g),Greenfield Seeds,Buncis,sayuran buah,Rimba 76,OP,genjah,39,52,18,26,300,1500,80,150,5.5,6.8,lempung,baik,6,lahan|polybag,50x30,10,50,175,19500,135,1,konsumsi|jual,karat daun,9.0-16.2,"Buncis varietas Rimba 76. Panen pertama sekitar 39-52 hari, cocok 300-1500 mdpl, pH tanah 5.5-6.8, suhu ideal 18-26 C.",1
SKU-0053-100G,V0053,Benih Buncis Rimba 76 (100 g),Greenfield Seeds,Buncis,sayuran buah,Rimba 76,OP,genjah,39,52,18,26,300,1500,80,150,5.5,6.8,lempung,baik,6,lahan|polybag,50x30,10,100,350,34000,54,1,konsumsi|jual,karat daun,9.0-16.2,"Buncis varietas Rimba 76. Panen pertama sekitar 39-52 hari, cocok 300-1500 mdpl, pH tanah 5.5-6.8, suhu ideal 18-26 C.",1
SKU-0054-25G,V0054,Benih Buncis Lestari 67 (25 g),Kebun Lestari,Buncis,sayuran buah,Lestari 67,OP,tahan hujan,48,63,18,26,300,1500,80,230,5.5,6.8,lempung,sedang,6,lahan|polybag,50x30,10,25,88,10000,0,1,konsumsi|jual,karat daun|antraknosa,10.0-18.0,"Buncis varietas Lestari 67. Panen pertama sekitar 48-63 hari, cocok 300-1500 mdpl, pH tanah 5.5-6.8, suhu ideal 18-26 C.",1
SKU-0054-50G,V0054,Benih Buncis Lestari 67 (50 g),Kebun Lestari,Buncis,sayuran buah,Lestari 67,OP,tahan hujan,48,63,18,26,300,1500,80,230,5.5,6.8,lempung,sedang,6,lahan|polybag,50x30,10,50,175,18000,103,1,konsumsi|jual,karat daun|antraknosa,10.0-18.0,"Buncis varietas Lestari 67. Panen pertama sekitar 48-63 hari, cocok 300-1500 mdpl, pH tanah 5.5-6.8, suhu ideal 18-26 C.",1
SKU-0054-100G,V0054,Benih Buncis Lestari 67 (100 g),Kebun Lestari,Buncis,sayuran buah,Lestari 67,OP,tahan hujan,48,63,18,26,300,1500,80,230,5.5,6.8,lempung,sedang,6,lahan|polybag,50x30,10,100,350,31500,191,1,konsumsi|jual,karat daun|antraknosa,10.0-18.0,"Buncis varietas Lestari 67. Panen pertama sekitar 48-63 hari, cocok 300-1500 mdpl, pH tanah 5.5-6.8, suhu ideal 18-26 C.",1
SKU-0055-50G,V0055,Benih Jagung Manis Garuda 11 (50 g),Kebun Lestari,Jagung Manis,sayuran buah,Garuda 11,OP,,62,77,21,30,0,1200,80,150,5.8,7.0,lempung|lempung berpasir,baik,8,lahan|polybag,70x25,6,50,200,24000,374,1,konsumsi|jual|keduanya,bulai|ulat grayak,10.0-15.0,"Jagung Manis varietas Garuda 11. Panen pertama sekitar 62-77 hari, cocok 0-1200 mdpl, pH tanah 5.8-7.0, suhu ideal 21-30 C.",1
SKU-0055-100G,V0055,Benih Jagung Manis Garuda 11 (100 g),Kebun Lestari,Jagung Manis,sayuran buah,Garuda 11,OP,,62,77,21,30,0,1200,80,150,5.8,7.0,lempung|lempung berpasir,baik,8,lahan|polybag,70x25,6,100,400,42500,415,1,konsumsi|jual|keduanya,bulai|ulat grayak,10.0-15.0,"Jagung Manis varietas Garuda 11. Panen pertama sekitar 62-77 hari, cocok 0-1200 mdpl, pH tanah 5.8-7.0, suhu ideal 21-30 C.",1
SKU-0055-250G,V0055,Benih Jagung Manis Garuda 11 (250 g),Kebun Lestari,Jagung Manis,sayuran buah,Garuda 11,OP,,62,77,21,30,0,1200,80,150,5.8,7.0,lempung|lempung berpasir,baik,8,lahan|polybag,70x25,6,250,1000,93000,0,1,konsumsi|jual|keduanya,bulai|ulat grayak,10.0-15.0,"Jagung Manis varietas Garuda 11. Panen pertama sekitar 62-77 hari, cocok 0-1200 mdpl, pH tanah 5.8-7.0, suhu ideal 21-30 C.",1
SKU-0056-50G,V0056,Benih Jagung Manis Nusa 38 (50 g),Tani Jaya,Jagung Manis,sayuran buah,Nusa 38,OP,tahan hujan,67,82,21,30,0,1200,80,230,5.8,7.0,lempung|lempung berpasir,sedang,8,lahan|polybag,70x25,6,50,200,24000,186,1,konsumsi|jual|keduanya,bulai|ulat grayak,10.0-15.0,"Jagung Manis varietas Nusa 38. Panen pertama sekitar 67-82 hari, cocok 0-1200 mdpl, pH tanah 5.8-7.0, suhu ideal 21-30 C.",1
SKU-0056-100G,V0056,Benih Jagung Manis Nusa 38 (100 g),Tani Jaya,Jagung Manis,sayuran buah,Nusa 38,OP,tahan hujan,67,82,21,30,0,1200,80,230,5.8,7.0,lempung|lempung berpasir,sedang,8,lahan|polybag,70x25,6,100,400,42500,391,1,konsumsi|jual|keduanya,bulai|ulat grayak,10.0-15.0,"Jagung Manis varietas Nusa 38. Panen pertama sekitar 67-82 hari, cocok 0-1200 mdpl, pH tanah 5.8-7.0, suhu ideal 21-30 C.",1
SKU-0056-250G,V0056,Benih Jagung Manis Nusa 38 (250 g),Tani Jaya,Jagung Manis,sayuran buah,Nusa 38,OP,tahan hujan,67,82,21,30,0,1200,80,230,5.8,7.0,lempung|lempung berpasir,sedang,8,lahan|polybag,70x25,6,250,1000,93000,190,1,konsumsi|jual|keduanya,bulai|ulat grayak,10.0-15.0,"Jagung Manis varietas Nusa 38. Panen pertama sekitar 67-82 hari, cocok 0-1200 mdpl, pH tanah 5.8-7.0, suhu ideal 21-30 C.",1
SKU-0057-50G,V0057,Benih Jagung Manis Mutiara 68 (50 g),Greenfield Seeds,Jagung Manis,sayuran buah,Mutiara 68,OP,tahan kering,64,79,21,30,0,1200,50,110,5.8,7.0,lempung|lempung berpasir,baik,8,lahan|polybag,70x25,6,50,200,24000,400,1,konsumsi|jual|keduanya,bulai,10.0-15.0,"Jagung Manis varietas Mutiara 68. Panen pertama sekitar 64-79 hari, cocok 0-1200 mdpl, pH tanah 5.8-7.0, suhu ideal 21-30 C.",1
SKU-0057-100G,V0057,Benih Jagung Manis Mutiara 68 (100 g),Greenfield Seeds,Jagung Manis,sayuran buah,Mutiara 68,OP,tahan kering,64,79,21,30,0,1200,50,110,5.8,7.0,lempung|lempung berpasir,baik,8,lahan|polybag,70x25,6,100,400,42500,108,1,konsumsi|jual|keduanya,bulai,10.0-15.0,"Jagung Manis varietas Mutiara 68. Panen pertama sekitar 64-79 hari, cocok 0-1200 mdpl, pH tanah 5.8-7.0, suhu ideal 21-30 C.",1
SKU-0057-250G,V0057,Benih Jagung Manis Mutiara 68 (250 g),Greenfield Seeds,Jagung Manis,sayuran buah,Mutiara 68,OP,tahan kering,64,79,21,30,0,1200,50,110,5.8,7.0,lempung|lempung berpasir,baik,8,lahan|polybag,70x25,6,250,1000,93000,257,1,konsumsi|jual|keduanya,bulai,10.0-15.0,"Jagung Manis varietas Mutiara 68. Panen pertama sekitar 64-79 hari, cocok 0-1200 mdpl, pH tanah 5.8-7.0, suhu ideal 21-30 C.",1
SKU-0058-50G,V0058,Benih Jagung Manis Lestari 85 (50 g),Greenfield Seeds,Jagung Manis,sayuran buah,Lestari 85,OP,dataran rendah,62,77,22,32,0,700,80,150,5.8,7.0,lempung|lempung berpasir,baik,8,lahan|polybag,70x25,6,50,200,27500,74,1,konsumsi|jual|keduanya,bulai,10.0-15.0,"Jagung Manis varietas Lestari 85. Panen pertama sekitar 62-77 hari, cocok 0-700 mdpl, pH tanah 5.8-7.0, suhu ideal 22-32 C.",1
SKU-0058-100G,V0058,Benih Jagung Manis Lestari 85 (100 g),Greenfield Seeds,Jagung Manis,sayuran buah,Lestari 85,OP,dataran rendah,62,77,22,32,0,700,80,150,5.8,7.0,lempung|lempung berpasir,baik,8,lahan|polybag,70x25,6,100,400,49000,37,1,konsumsi|jual|keduanya,bulai,10.0-15.0,"Jagung Manis varietas Lestari 85. Panen pertama sekitar 62-77 hari, cocok 0-700 mdpl, pH tanah 5.8-7.0, suhu ideal 22-32 C.",1
SKU-0058-250G,V0058,Benih Jagung Manis Lestari 85 (250 g),Greenfield Seeds,Jagung Manis,sayuran buah,Lestari 85,OP,dataran rendah,62,77,22,32,0,700,80,150,5.8,7.0,lempung|lempung berpasir,baik,8,lahan|polybag,70x25,6,250,1000,107500,367,1,konsumsi|jual|keduanya,bulai,10.0-15.0,"Jagung Manis varietas Lestari 85. Panen pertama sekitar 62-77 hari, cocok 0-700 mdpl, pH tanah 5.8-7.0, suhu ideal 22-32 C.",1
SKU-0059-50G,V0059,Benih Jagung Manis Gading 91 (50 g),Sumber Panen,Jagung Manis,sayuran buah,Gading 91,OP,organik,62,77,21,30,0,1200,80,150,5.8,7.0,lempung|lempung berpasir,baik,8,lahan|polybag,70x25,6,50,200,36500,36,1,konsumsi|jual|keduanya,bulai,10.0-15.0,"Jagung Manis varietas Gading 91. Panen pertama sekitar 62-77 hari, cocok 0-1200 mdpl, pH tanah 5.8-7.0, suhu ideal 21-30 C.",1
SKU-0059-100G,V0059,Benih Jagung Manis Gading 91 (100 g),Sumber Panen,Jagung Manis,sayuran buah,Gading 91,OP,organik,62,77,21,30,0,1200,80,150,5.8,7.0,lempung|lempung berpasir,baik,8,lahan|polybag,70x25,6,100,400,64000,451,1,konsumsi|jual|keduanya,bulai,10.0-15.0,"Jagung Manis varietas Gading 91. Panen pertama sekitar 62-77 hari, cocok 0-1200 mdpl, pH tanah 5.8-7.0, suhu ideal 21-30 C.",1
SKU-0059-250G,V0059,Benih Jagung Manis Gading 91 (250 g),Sumber Panen,Jagung Manis,sayuran buah,Gading 91,OP,organik,62,77,21,30,0,1200,80,150,5.8,7.0,lempung|lempung berpasir,baik,8,lahan|polybag,70x25,6,250,1000,140500,430,1,konsumsi|jual|keduanya,bulai,10.0-15.0,"Jagung Manis varietas Gading 91. Panen pertama sekitar 62-77 hari, cocok 0-1200 mdpl, pH tanah 5.8-7.0, suhu ideal 21-30 C.",1
SKU-0060-50G,V0060,Benih Jagung Manis Mekar 61 (50 g),Sumber Panen,Jagung Manis,sayuran buah,Mekar 61,OP,kompak/cocok pot,62,77,21,30,0,1200,80,150,5.8,7.0,lempung|lempung berpasir,baik,8,lahan|polybag|pot,70x25,9.0,50,200,26000,495,1,konsumsi|jual|keduanya,bulai|ulat grayak,6.0-9.0,"Jagung Manis varietas Mekar 61. Panen pertama sekitar 62-77 hari, cocok 0-1200 mdpl, pH tanah 5.8-7.0, suhu ideal 21-30 C.",1
SKU-0060-100G,V0060,Benih Jagung Manis Mekar 61 (100 g),Sumber Panen,Jagung Manis,sayuran buah,Mekar 61,OP,kompak/cocok pot,62,77,21,30,0,1200,80,150,5.8,7.0,lempung|lempung berpasir,baik,8,lahan|polybag|pot,70x25,9.0,100,400,46000,137,1,konsumsi|jual|keduanya,bulai|ulat grayak,6.0-9.0,"Jagung Manis varietas Mekar 61. Panen pertama sekitar 62-77 hari, cocok 0-1200 mdpl, pH tanah 5.8-7.0, suhu ideal 21-30 C.",1
SKU-0060-250G,V0060,Benih Jagung Manis Mekar 61 (250 g),Sumber Panen,Jagung Manis,sayuran buah,Mekar 61,OP,kompak/cocok pot,62,77,21,30,0,1200,80,150,5.8,7.0,lempung|lempung berpasir,baik,8,lahan|polybag|pot,70x25,9.0,250,1000,101000,401,1,konsumsi|jual|keduanya,bulai|ulat grayak,6.0-9.0,"Jagung Manis varietas Mekar 61. Panen pertama sekitar 62-77 hari, cocok 0-1200 mdpl, pH tanah 5.8-7.0, suhu ideal 21-30 C.",1
SKU-0061-10G,V0061,Benih Okra Arjuna 66 (10 g),Greenfield Seeds,Okra,sayuran buah,Arjuna 66,OP,,53,68,24,34,0,800,80,200,6.0,7.0,lempung|lempung berpasir,baik,7,lahan|polybag|pot,60x40,4,10,150,15500,60,1,konsumsi|keduanya,kutu daun|embun tepung,8.0-14.0,"Okra varietas Arjuna 66. Panen pertama sekitar 53-68 hari, cocok 0-800 mdpl, pH tanah 6.0-7.0, suhu ideal 24-34 C.",1
SKU-0061-25G,V0061,Benih Okra Arjuna 66 (25 g),Greenfield Seeds,Okra,sayuran buah,Arjuna 66,OP,,53,68,24,34,0,800,80,200,6.0,7.0,lempung|lempung berpasir,baik,7,lahan|polybag|pot,60x40,4,25,375,34500,116,1,konsumsi|keduanya,kutu daun|embun tepung,8.0-14.0,"Okra varietas Arjuna 66. Panen pertama sekitar 53-68 hari, cocok 0-800 mdpl, pH tanah 6.0-7.0, suhu ideal 24-34 C.",1
SKU-0062-10G,V0062,Benih Okra Bintang 37 (10 g),Greenfield Seeds,Okra,sayuran buah,Bintang 37,OP,kompak/cocok pot,52,67,24,34,0,800,80,200,6.0,7.0,lempung|lempung berpasir,baik,7,lahan|polybag|pot,60x40,6.0,10,150,14000,362,1,konsumsi|keduanya,kutu daun|embun tepung,4.8-8.4,"Okra varietas Bintang 37. Panen pertama sekitar 52-67 hari, cocok 0-800 mdpl, pH tanah 6.0-7.0, suhu ideal 24-34 C.",1
SKU-0062-25G,V0062,Benih Okra Bintang 37 (25 g),Greenfield Seeds,Okra,sayuran buah,Bintang 37,OP,kompak/cocok pot,52,67,24,34,0,800,80,200,6.0,7.0,lempung|lempung berpasir,baik,7,lahan|polybag|pot,60x40,6.0,25,375,30500,159,1,konsumsi|keduanya,kutu daun|embun tepung,4.8-8.4,"Okra varietas Bintang 37. Panen pertama sekitar 52-67 hari, cocok 0-800 mdpl, pH tanah 6.0-7.0, suhu ideal 24-34 C.",1
SKU-0063-10G,V0063,Benih Okra Bara 39 (10 g),Greenfield Seeds,Okra,sayuran buah,Bara 39,OP,tahan panas,52,67,24,37,0,800,80,200,6.0,7.0,lempung|lempung berpasir,baik,7,lahan|polybag|pot,60x40,4,10,150,14500,145,1,konsumsi|keduanya,kutu daun|embun tepung,8.0-14.0,"Okra varietas Bara 39. Panen pertama sekitar 52-67 hari, cocok 0-800 mdpl, pH tanah 6.0-7.0, suhu ideal 24-37 C.",1
SKU-0063-25G,V0063,Benih Okra Bara 39 (25 g),Greenfield Seeds,Okra,sayuran buah,Bara 39,OP,tahan panas,52,67,24,37,0,800,80,200,6.0,7.0,lempung|lempung berpasir,baik,7,lahan|polybag|pot,60x40,4,25,375,32000,330,1,konsumsi|keduanya,kutu daun|embun tepung,8.0-14.0,"Okra varietas Bara 39. Panen pertama sekitar 52-67 hari, cocok 0-800 mdpl, pH tanah 6.0-7.0, suhu ideal 24-37 C.",1
SKU-0064-10G,V0064,Benih Okra Rajawali 94 (10 g),Kebun Lestari,Okra,sayuran buah,Rajawali 94,OP,organik,50,65,24,34,0,800,80,200,6.0,7.0,lempung|lempung berpasir,baik,7,lahan|polybag|pot,60x40,4,10,150,18000,40,1,konsumsi|keduanya,kutu daun,8.0-14.0,"Okra varietas Rajawali 94. Panen pertama sekitar 50-65 hari, cocok 0-800 mdpl, pH tanah 6.0-7.0, suhu ideal 24-34 C.",1
SKU-0064-25G,V0064,Benih Okra Rajawali 94 (25 g),Kebun Lestari,Okra,sayuran buah,Rajawali 94,OP,organik,50,65,24,34,0,800,80,200,6.0,7.0,lempung|lempung berpasir,baik,7,lahan|polybag|pot,60x40,4,25,375,40000,167,1,konsumsi|keduanya,kutu daun,8.0-14.0,"Okra varietas Rajawali 94. Panen pertama sekitar 50-65 hari, cocok 0-800 mdpl, pH tanah 6.0-7.0, suhu ideal 24-34 C.",1
SKU-0065-10G,V0065,Benih Okra Intan 82 (10 g),Greenfield Seeds,Okra,sayuran buah,Intan 82,OP,tahan hujan,50,65,24,34,0,800,80,280,6.0,7.0,lempung|lempung berpasir,sedang,7,lahan|polybag|pot,60x40,4,10,150,14000,266,1,konsumsi|keduanya,kutu daun|embun tepung,8.0-14.0,"Okra varietas Intan 82. Panen pertama sekitar 50-65 hari, cocok 0-800 mdpl, pH tanah 6.0-7.0, suhu ideal 24-34 C.",1
SKU-0065-25G,V0065,Benih Okra Intan 82 (25 g),Greenfield Seeds,Okra,sayuran buah,Intan 82,OP,tahan hujan,50,65,24,34,0,800,80,280,6.0,7.0,lempung|lempung berpasir,sedang,7,lahan|polybag|pot,60x40,4,25,375,30500,234,1,konsumsi|keduanya,kutu daun|embun tepung,8.0-14.0,"Okra varietas Intan 82. Panen pertama sekitar 50-65 hari, cocok 0-800 mdpl, pH tanah 6.0-7.0, suhu ideal 24-34 C.",1
SKU-0066-10G,V0066,Benih Okra Mekar 86 F1 (10 g),Benih Nusantara,Okra,sayuran buah,Mekar 86 F1,F1,hibrida,50,65,24,34,0,800,80,200,6.0,7.0,lempung|lempung berpasir,baik,7,lahan|polybag|pot,60x40,4,10,150,29500,310,1,konsumsi|keduanya,kutu daun,10.0-17.5,"Okra varietas Mekar 86 F1. Panen pertama sekitar 50-65 hari, cocok 0-800 mdpl, pH tanah 6.0-7.0, suhu ideal 24-34 C.",1
SKU-0066-25G,V0066,Benih Okra Mekar 86 F1 (25 g),Benih Nusantara,Okra,sayuran buah,Mekar 86 F1,F1,hibrida,50,65,24,34,0,800,80,200,6.0,7.0,lempung|lempung berpasir,baik,7,lahan|polybag|pot,60x40,4,25,375,64500,401,1,konsumsi|keduanya,kutu daun,10.0-17.5,"Okra varietas Mekar 86 F1. Panen pertama sekitar 50-65 hari, cocok 0-800 mdpl, pH tanah 6.0-7.0, suhu ideal 24-34 C.",1
SKU-0067-10G,V0067,Benih Labu Kuning Permata 93 (10 g),Sumber Panen,Labu Kuning,sayuran buah,Permata 93,OP,,89,109,22,30,0,1000,80,180,5.5,7.0,lempung,baik,7,lahan|vertikultur,200x100,0.5,10,50,6500,188,1,konsumsi|jual,embun tepung|lalat buah,20.0-40.0,"Labu Kuning varietas Permata 93. Panen pertama sekitar 89-109 hari, cocok 0-1000 mdpl, pH tanah 5.5-7.0, suhu ideal 22-30 C.",1
SKU-0067-25G,V0067,Benih Labu Kuning Permata 93 (25 g),Sumber Panen,Labu Kuning,sayuran buah,Permata 93,OP,,89,109,22,30,0,1000,80,180,5.5,7.0,lempung,baik,7,lahan|vertikultur,200x100,0.5,25,125,14500,174,1,konsumsi|jual,embun tepung|lalat buah,20.0-40.0,"Labu Kuning varietas Permata 93. Panen pertama sekitar 89-109 hari, cocok 0-1000 mdpl, pH tanah 5.5-7.0, suhu ideal 22-30 C.",1
SKU-0068-10G,V0068,Benih Labu Kuning Samudra 23 (10 g),Agro Subur,Labu Kuning,sayuran buah,Samudra 23,OP,tahan hujan,89,109,22,30,0,1000,80,260,5.5,7.0,lempung,sedang,7,lahan|vertikultur,200x100,0.5,10,50,7000,28,1,konsumsi|jual,embun tepung|lalat buah,20.0-40.0,"Labu Kuning varietas Samudra 23. Panen pertama sekitar 89-109 hari, cocok 0-1000 mdpl, pH tanah 5.5-7.0, suhu ideal 22-30 C.",1
SKU-0068-25G,V0068,Benih Labu Kuning Samudra 23 (25 g),Agro Subur,Labu Kuning,sayuran buah,Samudra 23,OP,tahan hujan,89,109,22,30,0,1000,80,260,5.5,7.0,lempung,sedang,7,lahan|vertikultur,200x100,0.5,25,125,15500,171,1,konsumsi|jual,embun tepung|lalat buah,20.0-40.0,"Labu Kuning varietas Samudra 23. Panen pertama sekitar 89-109 hari, cocok 0-1000 mdpl, pH tanah 5.5-7.0, suhu ideal 22-30 C.",1
SKU-0069-10G,V0069,Benih Labu Kuning Lestari 51 (10 g),TaniMas,Labu Kuning,sayuran buah,Lestari 51,OP,genjah,79,97,22,30,0,1000,80,180,5.5,7.0,lempung,baik,7,lahan|vertikultur,200x100,0.5,10,50,7000,221,1,konsumsi|jual,embun tepung|lalat buah,18.0-36.0,"Labu Kuning varietas Lestari 51. Panen pertama sekitar 79-97 hari, cocok 0-1000 mdpl, pH tanah 5.5-7.0, suhu ideal 22-30 C.",1
SKU-0069-25G,V0069,Benih Labu Kuning Lestari 51 (25 g),TaniMas,Labu Kuning,sayuran buah,Lestari 51,OP,genjah,79,97,22,30,0,1000,80,180,5.5,7.0,lempung,baik,7,lahan|vertikultur,200x100,0.5,25,125,15500,275,1,konsumsi|jual,embun tepung|lalat buah,18.0-36.0,"Labu Kuning varietas Lestari 51. Panen pertama sekitar 79-97 hari, cocok 0-1000 mdpl, pH tanah 5.5-7.0, suhu ideal 22-30 C.",1
SKU-0070-10G,V0070,Benih Labu Kuning Fajar 89 (10 g),Sumber Panen,Labu Kuning,sayuran buah,Fajar 89,OP,kompak/cocok pot,92,112,22,30,0,1000,80,180,5.5,7.0,lempung,baik,7,lahan|vertikultur|pot|polybag,200x100,0.8,10,50,7000,460,1,konsumsi|jual,embun tepung,12.0-24.0,"Labu Kuning varietas Fajar 89. Panen pertama sekitar 92-112 hari, cocok 0-1000 mdpl, pH tanah 5.5-7.0, suhu ideal 22-30 C.",1
SKU-0070-25G,V0070,Benih Labu Kuning Fajar 89 (25 g),Sumber Panen,Labu Kuning,sayuran buah,Fajar 89,OP,kompak/cocok pot,92,112,22,30,0,1000,80,180,5.5,7.0,lempung,baik,7,lahan|vertikultur|pot|polybag,200x100,0.8,25,125,15500,72,1,konsumsi|jual,embun tepung,12.0-24.0,"Labu Kuning varietas Fajar 89. Panen pertama sekitar 92-112 hari, cocok 0-1000 mdpl, pH tanah 5.5-7.0, suhu ideal 22-30 C.",1
SKU-0071-10G,V0071,Benih Labu Kuning Surya 90 (10 g),Kebun Lestari,Labu Kuning,sayuran buah,Surya 90,OP,dataran tinggi,92,112,20,28,500,1400,80,180,5.5,7.0,lempung,baik,7,lahan|vertikultur,200x100,0.5,10,50,6500,477,1,konsumsi|jual,embun tepung|lalat buah,20.0-40.0,"Labu Kuning varietas Surya 90. Panen pertama sekitar 92-112 hari, cocok 500-1400 mdpl, pH tanah 5.5-7.0, suhu ideal 20-28 C.",1
SKU-0071-25G,V0071,Benih Labu Kuning Surya 90 (25 g),Kebun Lestari,Labu Kuning,sayuran buah,Surya 90,OP,dataran tinggi,92,112,20,28,500,1400,80,180,5.5,7.0,lempung,baik,7,lahan|vertikultur,200x100,0.5,25,125,14500,494,1,konsumsi|jual,embun tepung|lalat buah,20.0-40.0,"Labu Kuning varietas Surya 90. Panen pertama sekitar 92-112 hari, cocok 500-1400 mdpl, pH tanah 5.5-7.0, suhu ideal 20-28 C.",1
SKU-0072-10G,V0072,Benih Labu Kuning Kencana 92 (10 g),Agro Subur,Labu Kuning,sayuran buah,Kencana 92,OP,tahan panas,90,110,22,33,0,1000,80,180,5.5,7.0,lempung,baik,7,lahan|vertikultur,200x100,0.5,10,50,8000,251,1,konsumsi|jual,embun tepung|lalat buah,20.0-40.0,"Labu Kuning varietas Kencana 92. Panen pertama sekitar 90-110 hari, cocok 0-1000 mdpl, pH tanah 5.5-7.0, suhu ideal 22-33 C.",1
SKU-0072-25G,V0072,Benih Labu Kuning Kencana 92 (25 g),Agro Subur,Labu Kuning,sayuran buah,Kencana 92,OP,tahan panas,90,110,22,33,0,1000,80,180,5.5,7.0,lempung,baik,7,lahan|vertikultur,200x100,0.5,25,125,17500,292,1,konsumsi|jual,embun tepung|lalat buah,20.0-40.0,"Labu Kuning varietas Kencana 92. Panen pertama sekitar 90-110 hari, cocok 0-1000 mdpl, pH tanah 5.5-7.0, suhu ideal 22-33 C.",1
SKU-0073-5G,V0073,Benih Zukini Anggun 27 (5 g),TaniMas,Zukini,sayuran buah,Anggun 27,OP,,49,59,18,28,0,1000,80,160,6.0,7.0,lempung|lempung berpasir,baik,6,lahan|polybag,90x60,1.5,5,30,16500,146,2,konsumsi|keduanya,embun tepung|virus mosaik,20.0-40.0,"Zukini varietas Anggun 27. Panen pertama sekitar 49-59 hari, cocok 0-1000 mdpl, pH tanah 6.0-7.0, suhu ideal 18-28 C.",1
SKU-0073-10G,V0073,Benih Zukini Anggun 27 (10 g),TaniMas,Zukini,sayuran buah,Anggun 27,OP,,49,59,18,28,0,1000,80,160,6.0,7.0,lempung|lempung berpasir,baik,6,lahan|polybag,90x60,1.5,10,60,29000,154,2,konsumsi|keduanya,embun tepung|virus mosaik,20.0-40.0,"Zukini varietas Anggun 27. Panen pertama sekitar 49-59 hari, cocok 0-1000 mdpl, pH tanah 6.0-7.0, suhu ideal 18-28 C.",1
SKU-0074-5G,V0074,Benih Zukini Nusa 85 (5 g),Sumber Panen,Zukini,sayuran buah,Nusa 85,OP,dataran rendah,53,63,19,30,0,700,80,160,6.0,7.0,lempung|lempung berpasir,baik,6,lahan|polybag,90x60,1.5,5,30,14000,243,2,konsumsi|keduanya,embun tepung,20.0-40.0,"Zukini varietas Nusa 85. Panen pertama sekitar 53-63 hari, cocok 0-700 mdpl, pH tanah 6.0-7.0, suhu ideal 19-30 C.",1
SKU-0074-10G,V0074,Benih Zukini Nusa 85 (10 g),Sumber Panen,Zukini,sayuran buah,Nusa 85,OP,dataran rendah,53,63,19,30,0,700,80,160,6.0,7.0,lempung|lempung berpasir,baik,6,lahan|polybag,90x60,1.5,10,60,24500,455,2,konsumsi|keduanya,embun tepung,20.0-40.0,"Zukini varietas Nusa 85. Panen pertama sekitar 53-63 hari, cocok 0-700 mdpl, pH tanah 6.0-7.0, suhu ideal 19-30 C.",1
SKU-0075-5G,V0075,Benih Zukini Pelangi 99 (5 g),Kebun Lestari,Zukini,sayuran buah,Pelangi 99,OP,kompak/cocok pot,51,61,18,28,0,1000,80,160,6.0,7.0,lempung|lempung berpasir,baik,6,lahan|polybag|pot,90x60,2.2,5,30,15000,252,2,konsumsi|keduanya,embun tepung|virus mosaik,12.0-24.0,"Zukini varietas Pelangi 99. Panen pertama sekitar 51-61 hari, cocok 0-1000 mdpl, pH tanah 6.0-7.0, suhu ideal 18-28 C.",1
SKU-0075-10G,V0075,Benih Zukini Pelangi 99 (10 g),Kebun Lestari,Zukini,sayuran buah,Pelangi 99,OP,kompak/cocok pot,51,61,18,28,0,1000,80,160,6.0,7.0,lempung|lempung berpasir,baik,6,lahan|polybag|pot,90x60,2.2,10,60,26500,425,2,konsumsi|keduanya,embun tepung|virus mosaik,12.0-24.0,"Zukini varietas Pelangi 99. Panen pertama sekitar 51-61 hari, cocok 0-1000 mdpl, pH tanah 6.0-7.0, suhu ideal 18-28 C.",1
SKU-0076-5G,V0076,Benih Zukini Cempaka 59 (5 g),Agro Subur,Zukini,sayuran buah,Cempaka 59,OP,dataran tinggi,50,60,16,26,500,1400,80,160,6.0,7.0,lempung|lempung berpasir,baik,6,lahan|polybag,90x60,1.5,5,30,17000,442,2,konsumsi|keduanya,embun tepung|virus mosaik,20.0-40.0,"Zukini varietas Cempaka 59. Panen pertama sekitar 50-60 hari, cocok 500-1400 mdpl, pH tanah 6.0-7.0, suhu ideal 16-26 C.",1
SKU-0076-10G,V0076,Benih Zukini Cempaka 59 (10 g),Agro Subur,Zukini,sayuran buah,Cempaka 59,OP,dataran tinggi,50,60,16,26,500,1400,80,160,6.0,7.0,lempung|lempung berpasir,baik,6,lahan|polybag,90x60,1.5,10,60,30000,279,2,konsumsi|keduanya,embun tepung|virus mosaik,20.0-40.0,"Zukini varietas Cempaka 59. Panen pertama sekitar 50-60 hari, cocok 500-1400 mdpl, pH tanah 6.0-7.0, suhu ideal 16-26 C.",1
SKU-0077-5G,V0077,Benih Zukini Arjuna 11 (5 g),Agro Subur,Zukini,sayuran buah,Arjuna 11,OP,tahan hujan,50,60,18,28,0,1000,80,240,6.0,7.0,lempung|lempung berpasir,sedang,6,lahan|polybag,90x60,1.5,5,30,17000,145,2,konsumsi|keduanya,embun tepung|virus mosaik,20.0-40.0,"Zukini varietas Arjuna 11. Panen pertama sekitar 50-60 hari, cocok 0-1000 mdpl, pH tanah 6.0-7.0, suhu ideal 18-28 C.",1
SKU-0077-10G,V0077,Benih Zukini Arjuna 11 (10 g),Agro Subur,Zukini,sayuran buah,Arjuna 11,OP,tahan hujan,50,60,18,28,0,1000,80,240,6.0,7.0,lempung|lempung berpasir,sedang,6,lahan|polybag,90x60,1.5,10,60,29500,364,2,konsumsi|keduanya,embun tepung|virus mosaik,20.0-40.0,"Zukini varietas Arjuna 11. Panen pertama sekitar 50-60 hari, cocok 0-1000 mdpl, pH tanah 6.0-7.0, suhu ideal 18-28 C.",1
SKU-0078-5G,V0078,Benih Zukini Bintang 20 (5 g),BibitKu,Zukini,sayuran buah,Bintang 20,OP,tahan kering,53,63,18,28,0,1000,50,120,6.0,7.0,lempung|lempung berpasir,baik,6,lahan|polybag,90x60,1.5,5,30,16000,259,2,konsumsi|keduanya,embun tepung|virus mosaik,20.0-40.0,"Zukini varietas Bintang 20. Panen pertama sekitar 53-63 hari, cocok 0-1000 mdpl, pH tanah 6.0-7.0, suhu ideal 18-28 C.",1
SKU-0078-10G,V0078,Benih Zukini Bintang 20 (10 g),BibitKu,Zukini,sayuran buah,Bintang 20,OP,tahan kering,53,63,18,28,0,1000,50,120,6.0,7.0,lempung|lempung berpasir,baik,6,lahan|polybag,90x60,1.5,10,60,28000,28,2,konsumsi|keduanya,embun tepung|virus mosaik,20.0-40.0,"Zukini varietas Bintang 20. Panen pertama sekitar 53-63 hari, cocok 0-1000 mdpl, pH tanah 6.0-7.0, suhu ideal 18-28 C.",1
SKU-0079-5G,V0079,Benih Melon Cakra 21 (5 g),Tani Jaya,Melon,sayuran buah,Cakra 21,OP,,57,72,25,32,0,800,50,120,6.0,6.8,lempung berpasir,baik,8,lahan|polybag,100x50,2,5,150,32500,163,3,jual|keduanya,layu fusarium|embun tepung,20.0-35.0,"Melon varietas Cakra 21. Panen pertama sekitar 57-72 hari, cocok 0-800 mdpl, pH tanah 6.0-6.8, suhu ideal 25-32 C.",1
SKU-0079-10G,V0079,Benih Melon Cakra 21 (10 g),Tani Jaya,Melon,sayuran buah,Cakra 21,OP,,57,72,25,32,0,800,50,120,6.0,6.8,lempung berpasir,baik,8,lahan|polybag,100x50,2,10,300,57500,33,3,jual|keduanya,layu fusarium|embun tepung,20.0-35.0,"Melon varietas Cakra 21. Panen pertama sekitar 57-72 hari, cocok 0-800 mdpl, pH tanah 6.0-6.8, suhu ideal 25-32 C.",1
SKU-0080-5G,V0080,Benih Melon Tirta 17 (5 g),Greenfield Seeds,Melon,sayuran buah,Tirta 17,OP,dataran tinggi,59,74,23,30,500,1200,50,120,6.0,6.8,lempung berpasir,baik,8,lahan|polybag,100x50,2,5,150,30000,97,3,jual|keduanya,layu fusarium|embun tepung,20.0-35.0,"Melon varietas Tirta 17. Panen pertama sekitar 59-74 hari, cocok 500-1200 mdpl, pH tanah 6.0-6.8, suhu ideal 23-30 C.",1
SKU-0080-10G,V0080,Benih Melon Tirta 17 (10 g),Greenfield Seeds,Melon,sayuran buah,Tirta 17,OP,dataran tinggi,59,74,23,30,500,1200,50,120,6.0,6.8,lempung berpasir,baik,8,lahan|polybag,100x50,2,10,300,52500,322,3,jual|keduanya,layu fusarium|embun tepung,20.0-35.0,"Melon varietas Tirta 17. Panen pertama sekitar 59-74 hari, cocok 500-1200 mdpl, pH tanah 6.0-6.8, suhu ideal 23-30 C.",1
SKU-0081-5G,V0081,Benih Melon Kartika 58 (5 g),Kebun Lestari,Melon,sayuran buah,Kartika 58,OP,tahan panas,60,75,25,35,0,800,50,120,6.0,6.8,lempung berpasir,baik,8,lahan|polybag,100x50,2,5,150,34000,14,3,jual|keduanya,layu fusarium,20.0-35.0,"Melon varietas Kartika 58. Panen pertama sekitar 60-75 hari, cocok 0-800 mdpl, pH tanah 6.0-6.8, suhu ideal 25-35 C.",1
SKU-0081-10G,V0081,Benih Melon Kartika 58 (10 g),Kebun Lestari,Melon,sayuran buah,Kartika 58,OP,tahan panas,60,75,25,35,0,800,50,120,6.0,6.8,lempung berpasir,baik,8,lahan|polybag,100x50,2,10,300,59500,248,3,jual|keduanya,layu fusarium,20.0-35.0,"Melon varietas Kartika 58. Panen pertama sekitar 60-75 hari, cocok 0-800 mdpl, pH tanah 6.0-6.8, suhu ideal 25-35 C.",1
SKU-0082-5G,V0082,Benih Melon Nusa 96 (5 g),Agro Subur,Melon,sayuran buah,Nusa 96,OP,tahan kering,57,72,25,32,0,800,30,80,6.0,6.8,lempung berpasir,baik,8,lahan|polybag,100x50,2,5,150,30500,138,3,jual|keduanya,layu fusarium|embun tepung,20.0-35.0,"Melon varietas Nusa 96. Panen pertama sekitar 57-72 hari, cocok 0-800 mdpl, pH tanah 6.0-6.8, suhu ideal 25-32 C.",1
SKU-0082-10G,V0082,Benih Melon Nusa 96 (10 g),Agro Subur,Melon,sayuran buah,Nusa 96,OP,tahan kering,57,72,25,32,0,800,30,80,6.0,6.8,lempung berpasir,baik,8,lahan|polybag,100x50,2,10,300,53500,164,3,jual|keduanya,layu fusarium|embun tepung,20.0-35.0,"Melon varietas Nusa 96. Panen pertama sekitar 57-72 hari, cocok 0-800 mdpl, pH tanah 6.0-6.8, suhu ideal 25-32 C.",1
SKU-0083-5G,V0083,Benih Melon Pelangi 59 (5 g),Sumber Panen,Melon,sayuran buah,Pelangi 59,OP,kompak/cocok pot,57,72,25,32,0,800,50,120,6.0,6.8,lempung berpasir,baik,8,lahan|polybag|pot,100x50,3.0,5,150,29000,434,3,jual|keduanya,,12.0-21.0,"Melon varietas Pelangi 59. Panen pertama sekitar 57-72 hari, cocok 0-800 mdpl, pH tanah 6.0-6.8, suhu ideal 25-32 C.",1
SKU-0083-10G,V0083,Benih Melon Pelangi 59 (10 g),Sumber Panen,Melon,sayuran buah,Pelangi 59,OP,kompak/cocok pot,57,72,25,32,0,800,50,120,6.0,6.8,lempung berpasir,baik,8,lahan|polybag|pot,100x50,3.0,10,300,50500,150,3,jual|keduanya,,12.0-21.0,"Melon varietas Pelangi 59. Panen pertama sekitar 57-72 hari, cocok 0-800 mdpl, pH tanah 6.0-6.8, suhu ideal 25-32 C.",1
SKU-0084-5G,V0084,Benih Melon Surya 82 (5 g),Benih Nusantara,Melon,sayuran buah,Surya 82,OP,dataran rendah,61,76,26,34,0,800,50,120,6.0,6.8,lempung berpasir,baik,8,lahan|polybag,100x50,2,5,150,32500,127,3,jual|keduanya,,20.0-35.0,"Melon varietas Surya 82. Panen pertama sekitar 61-76 hari, cocok 0-800 mdpl, pH tanah 6.0-6.8, suhu ideal 26-34 C.",1
SKU-0084-10G,V0084,Benih Melon Surya 82 (10 g),Benih Nusantara,Melon,sayuran buah,Surya 82,OP,dataran rendah,61,76,26,34,0,800,50,120,6.0,6.8,lempung berpasir,baik,8,lahan|polybag,100x50,2,10,300,57500,190,3,jual|keduanya,,20.0-35.0,"Melon varietas Surya 82. Panen pertama sekitar 61-76 hari, cocok 0-800 mdpl, pH tanah 6.0-6.8, suhu ideal 26-34 C.",1
SKU-0085-5G,V0085,Benih Semangka Bintang 22 (5 g),Benih Nusantara,Semangka,sayuran buah,Bintang 22,OP,,64,79,25,32,0,600,50,120,6.0,6.8,lempung berpasir,baik,8,lahan,200x60,1,5,75,22000,177,3,jual|keduanya,layu fusarium,20.0-40.0,"Semangka varietas Bintang 22. Panen pertama sekitar 64-79 hari, cocok 0-600 mdpl, pH tanah 6.0-6.8, suhu ideal 25-32 C.",1
SKU-0085-10G,V0085,Benih Semangka Bintang 22 (10 g),Benih Nusantara,Semangka,sayuran buah,Bintang 22,OP,,64,79,25,32,0,600,50,120,6.0,6.8,lempung berpasir,baik,8,lahan,200x60,1,10,150,38500,99,3,jual|keduanya,layu fusarium,20.0-40.0,"Semangka varietas Bintang 22. Panen pertama sekitar 64-79 hari, cocok 0-600 mdpl, pH tanah 6.0-6.8, suhu ideal 25-32 C.",1
SKU-0086-5G,V0086,Benih Semangka Pelangi 26 (5 g),BibitKu,Semangka,sayuran buah,Pelangi 26,OP,tahan panas,66,81,25,35,0,600,50,120,6.0,6.8,lempung berpasir,baik,8,lahan,200x60,1,5,75,20500,422,3,jual|keduanya,,20.0-40.0,"Semangka varietas Pelangi 26. Panen pertama sekitar 66-81 hari, cocok 0-600 mdpl, pH tanah 6.0-6.8, suhu ideal 25-35 C.",1
SKU-0086-10G,V0086,Benih Semangka Pelangi 26 (10 g),BibitKu,Semangka,sayuran buah,Pelangi 26,OP,tahan panas,66,81,25,35,0,600,50,120,6.0,6.8,lempung berpasir,baik,8,lahan,200x60,1,10,150,36000,455,3,jual|keduanya,,20.0-40.0,"Semangka varietas Pelangi 26. Panen pertama sekitar 66-81 hari, cocok 0-600 mdpl, pH tanah 6.0-6.8, suhu ideal 25-35 C.",1
SKU-0087-5G,V0087,Benih Semangka Tirta 24 (5 g),Sumber Panen,Semangka,sayuran buah,Tirta 24,OP,organik,62,77,25,32,0,600,50,120,6.0,6.8,lempung berpasir,baik,8,lahan,200x60,1,5,75,24500,213,3,jual|keduanya,,20.0-40.0,"Semangka varietas Tirta 24. Panen pertama sekitar 62-77 hari, cocok 0-600 mdpl, pH tanah 6.0-6.8, suhu ideal 25-32 C.",1
SKU-0087-10G,V0087,Benih Semangka Tirta 24 (10 g),Sumber Panen,Semangka,sayuran buah,Tirta 24,OP,organik,62,77,25,32,0,600,50,120,6.0,6.8,lempung berpasir,baik,8,lahan,200x60,1,10,150,43000,421,3,jual|keduanya,,20.0-40.0,"Semangka varietas Tirta 24. Panen pertama sekitar 62-77 hari, cocok 0-600 mdpl, pH tanah 6.0-6.8, suhu ideal 25-32 C.",1
SKU-0088-5G,V0088,Benih Semangka Garuda 56 (5 g),TaniMas,Semangka,sayuran buah,Garuda 56,OP,tahan hujan,68,83,25,32,0,600,50,200,6.0,6.8,lempung berpasir,sedang,8,lahan,200x60,1,5,75,20000,144,3,jual|keduanya,layu fusarium,20.0-40.0,"Semangka varietas Garuda 56. Panen pertama sekitar 68-83 hari, cocok 0-600 mdpl, pH tanah 6.0-6.8, suhu ideal 25-32 C.",1
SKU-0088-10G,V0088,Benih Semangka Garuda 56 (10 g),TaniMas,Semangka,sayuran buah,Garuda 56,OP,tahan hujan,68,83,25,32,0,600,50,200,6.0,6.8,lempung berpasir,sedang,8,lahan,200x60,1,10,150,35000,431,3,jual|keduanya,layu fusarium,20.0-40.0,"Semangka varietas Garuda 56. Panen pertama sekitar 68-83 hari, cocok 0-600 mdpl, pH tanah 6.0-6.8, suhu ideal 25-32 C.",1
SKU-0089-5G,V0089,Benih Semangka Fajar 23 (5 g),Kebun Lestari,Semangka,sayuran buah,Fajar 23,OP,dataran rendah,65,80,26,34,0,600,50,120,6.0,6.8,lempung berpasir,baik,8,lahan,200x60,1,5,75,18000,123,3,jual|keduanya,layu fusarium|lalat buah,20.0-40.0,"Semangka varietas Fajar 23. Panen pertama sekitar 65-80 hari, cocok 0-600 mdpl, pH tanah 6.0-6.8, suhu ideal 26-34 C.",1
SKU-0089-10G,V0089,Benih Semangka Fajar 23 (10 g),Kebun Lestari,Semangka,sayuran buah,Fajar 23,OP,dataran rendah,65,80,26,34,0,600,50,120,6.0,6.8,lempung berpasir,baik,8,lahan,200x60,1,10,150,32000,335,3,jual|keduanya,layu fusarium|lalat buah,20.0-40.0,"Semangka varietas Fajar 23. Panen pertama sekitar 65-80 hari, cocok 0-600 mdpl, pH tanah 6.0-6.8, suhu ideal 26-34 C.",1
SKU-0090-5G,V0090,Benih Semangka Dewi 69 (5 g),Greenfield Seeds,Semangka,sayuran buah,Dewi 69,OP,dataran tinggi,67,82,23,30,0,1000,50,120,6.0,6.8,lempung berpasir,baik,8,lahan,200x60,1,5,75,20000,59,3,jual|keduanya,layu fusarium|lalat buah,20.0-40.0,"Semangka varietas Dewi 69. Panen pertama sekitar 67-82 hari, cocok 0-1000 mdpl, pH tanah 6.0-6.8, suhu ideal 23-30 C.",1
SKU-0090-10G,V0090,Benih Semangka Dewi 69 (10 g),Greenfield Seeds,Semangka,sayuran buah,Dewi 69,OP,dataran tinggi,67,82,23,30,0,1000,50,120,6.0,6.8,lempung berpasir,baik,8,lahan,200x60,1,10,150,35500,285,3,jual|keduanya,layu fusarium|lalat buah,20.0-40.0,"Semangka varietas Dewi 69. Panen pertama sekitar 67-82 hari, cocok 0-1000 mdpl, pH tanah 6.0-6.8, suhu ideal 23-30 C.",1
SKU-0091-50G,V0091,Benih Kangkung Bima 85 (50 g),Agro Subur,Kangkung,sayuran daun,Bima 85,OP,,25,35,25,35,0,1000,100,300,5.5,7.5,lempung|liat berlempung|lempung berpasir,toleran,5,lahan|polybag|pot|hidroponik,10x10,150,50,1500,8000,153,1,konsumsi|jual,ulat daun|karat putih,15.0-25.0,"Kangkung varietas Bima 85. Panen pertama sekitar 25-35 hari, cocok 0-1000 mdpl, pH tanah 5.5-7.5, suhu ideal 25-35 C.",1
SKU-0091-100G,V0091,Benih Kangkung Bima 85 (100 g),Agro Subur,Kangkung,sayuran daun,Bima 85,OP,,25,35,25,35,0,1000,100,300,5.5,7.5,lempung|liat berlempung|lempung berpasir,toleran,5,lahan|polybag|pot|hidroponik,10x10,150,100,3000,14000,0,1,konsumsi|jual,ulat daun|karat putih,15.0-25.0,"Kangkung varietas Bima 85. Panen pertama sekitar 25-35 hari, cocok 0-1000 mdpl, pH tanah 5.5-7.5, suhu ideal 25-35 C.",1
SKU-0091-250G,V0091,Benih Kangkung Bima 85 (250 g),Agro Subur,Kangkung,sayuran daun,Bima 85,OP,,25,35,25,35,0,1000,100,300,5.5,7.5,lempung|liat berlempung|lempung berpasir,toleran,5,lahan|polybag|pot|hidroponik,10x10,150,250,7500,31000,237,1,konsumsi|jual,ulat daun|karat putih,15.0-25.0,"Kangkung varietas Bima 85. Panen pertama sekitar 25-35 hari, cocok 0-1000 mdpl, pH tanah 5.5-7.5, suhu ideal 25-35 C.",1
SKU-0092-50G,V0092,Benih Kangkung Arjuna 40 (50 g),BibitKu,Kangkung,sayuran daun,Arjuna 40,OP,dataran rendah,22,32,26,37,0,700,100,300,5.5,7.5,lempung|liat berlempung|lempung berpasir,toleran,5,lahan|polybag|pot|hidroponik,10x10,150,50,1500,8500,151,1,konsumsi|jual,ulat daun|karat putih,15.0-25.0,"Kangkung varietas Arjuna 40. Panen pertama sekitar 22-32 hari, cocok 0-700 mdpl, pH tanah 5.5-7.5, suhu ideal 26-37 C.",1
SKU-0092-100G,V0092,Benih Kangkung Arjuna 40 (100 g),BibitKu,Kangkung,sayuran daun,Arjuna 40,OP,dataran rendah,22,32,26,37,0,700,100,300,5.5,7.5,lempung|liat berlempung|lempung berpasir,toleran,5,lahan|polybag|pot|hidroponik,10x10,150,100,3000,15000,72,1,konsumsi|jual,ulat daun|karat putih,15.0-25.0,"Kangkung varietas Arjuna 40. Panen pertama sekitar 22-32 hari, cocok 0-700 mdpl, pH tanah 5.5-7.5, suhu ideal 26-37 C.",1
SKU-0092-250G,V0092,Benih Kangkung Arjuna 40 (250 g),BibitKu,Kangkung,sayuran daun,Arjuna 40,OP,dataran rendah,22,32,26,37,0,700,100,300,5.5,7.5,lempung|liat berlempung|lempung berpasir,toleran,5,lahan|polybag|pot|hidroponik,10x10,150,250,7500,33500,431,1,konsumsi|jual,ulat daun|karat putih,15.0-25.0,"Kangkung varietas Arjuna 40. Panen pertama sekitar 22-32 hari, cocok 0-700 mdpl, pH tanah 5.5-7.5, suhu ideal 26-37 C.",1
SKU-0093-50G,V0093,Benih Kangkung Mekar 94 (50 g),Kebun Lestari,Kangkung,sayuran daun,Mekar 94,OP,kompak/cocok pot,27,37,25,35,0,1000,100,300,5.5,7.5,lempung|liat berlempung|lempung berpasir,toleran,5,lahan|polybag|pot|hidroponik,10x10,225.0,50,1500,8000,74,1,konsumsi|jual,ulat daun|karat putih,9.0-15.0,"Kangkung varietas Mekar 94. Panen pertama sekitar 27-37 hari, cocok 0-1000 mdpl, pH tanah 5.5-7.5, suhu ideal 25-35 C.",1
SKU-0093-100G,V0093,Benih Kangkung Mekar 94 (100 g),Kebun Lestari,Kangkung,sayuran daun,Mekar 94,OP,kompak/cocok pot,27,37,25,35,0,1000,100,300,5.5,7.5,lempung|liat berlempung|lempung berpasir,toleran,5,lahan|polybag|pot|hidroponik,10x10,225.0,100,3000,14000,115,1,konsumsi|jual,ulat daun|karat putih,9.0-15.0,"Kangkung varietas Mekar 94. Panen pertama sekitar 27-37 hari, cocok 0-1000 mdpl, pH tanah 5.5-7.5, suhu ideal 25-35 C.",1
SKU-0093-250G,V0093,Benih Kangkung Mekar 94 (250 g),Kebun Lestari,Kangkung,sayuran daun,Mekar 94,OP,kompak/cocok pot,27,37,25,35,0,1000,100,300,5.5,7.5,lempung|liat berlempung|lempung berpasir,toleran,5,lahan|polybag|pot|hidroponik,10x10,225.0,250,7500,31000,401,1,konsumsi|jual,ulat daun|karat putih,9.0-15.0,"Kangkung varietas Mekar 94. Panen pertama sekitar 27-37 hari, cocok 0-1000 mdpl, pH tanah 5.5-7.5, suhu ideal 25-35 C.",1
SKU-0094-50G,V0094,Benih Kangkung Garuda 36 (50 g),Kebun Lestari,Kangkung,sayuran daun,Garuda 36,OP,tahan panas,28,38,25,38,0,1000,100,300,5.5,7.5,lempung|liat berlempung|lempung berpasir,toleran,5,lahan|polybag|pot|hidroponik,10x10,150,50,1500,8500,0,1,konsumsi|jual,,15.0-25.0,"Kangkung varietas Garuda 36. Panen pertama sekitar 28-38 hari, cocok 0-1000 mdpl, pH tanah 5.5-7.5, suhu ideal 25-38 C.",1
SKU-0094-100G,V0094,Benih Kangkung Garuda 36 (100 g),Kebun Lestari,Kangkung,sayuran daun,Garuda 36,OP,tahan panas,28,38,25,38,0,1000,100,300,5.5,7.5,lempung|liat berlempung|lempung berpasir,toleran,5,lahan|polybag|pot|hidroponik,10x10,150,100,3000,14500,84,1,konsumsi|jual,,15.0-25.0,"Kangkung varietas Garuda 36. Panen pertama sekitar 28-38 hari, cocok 0-1000 mdpl, pH tanah 5.5-7.5, suhu ideal 25-38 C.",1
SKU-0094-250G,V0094,Benih Kangkung Garuda 36 (250 g),Kebun Lestari,Kangkung,sayuran daun,Garuda 36,OP,tahan panas,28,38,25,38,0,1000,100,300,5.5,7.5,lempung|liat berlempung|lempung berpasir,toleran,5,lahan|polybag|pot|hidroponik,10x10,150,250,7500,32500,286,1,konsumsi|jual,,15.0-25.0,"Kangkung varietas Garuda 36. Panen pertama sekitar 28-38 hari, cocok 0-1000 mdpl, pH tanah 5.5-7.5, suhu ideal 25-38 C.",1
SKU-0095-50G,V0095,Benih Kangkung Lestari 32 (50 g),TaniMas,Kangkung,sayuran daun,Lestari 32,OP,organik,27,37,25,35,0,1000,100,300,5.5,7.5,lempung|liat berlempung|lempung berpasir,toleran,5,lahan|polybag|pot|hidroponik,10x10,150,50,1500,11000,18,1,konsumsi|jual,,15.0-25.0,"Kangkung varietas Lestari 32. Panen pertama sekitar 27-37 hari, cocok 0-1000 mdpl, pH tanah 5.5-7.5, suhu ideal 25-35 C.",1
SKU-0095-100G,V0095,Benih Kangkung Lestari 32 (100 g),TaniMas,Kangkung,sayuran daun,Lestari 32,OP,organik,27,37,25,35,0,1000,100,300,5.5,7.5,lempung|liat berlempung|lempung berpasir,toleran,5,lahan|polybag|pot|hidroponik,10x10,150,100,3000,19000,36,1,konsumsi|jual,,15.0-25.0,"Kangkung varietas Lestari 32. Panen pertama sekitar 27-37 hari, cocok 0-1000 mdpl, pH tanah 5.5-7.5, suhu ideal 25-35 C.",1
SKU-0095-250G,V0095,Benih Kangkung Lestari 32 (250 g),TaniMas,Kangkung,sayuran daun,Lestari 32,OP,organik,27,37,25,35,0,1000,100,300,5.5,7.5,lempung|liat berlempung|lempung berpasir,toleran,5,lahan|polybag|pot|hidroponik,10x10,150,250,7500,42000,225,1,konsumsi|jual,,15.0-25.0,"Kangkung varietas Lestari 32. Panen pertama sekitar 27-37 hari, cocok 0-1000 mdpl, pH tanah 5.5-7.5, suhu ideal 25-35 C.",1
SKU-0096-50G,V0096,Benih Kangkung Permata 24 (50 g),TaniMas,Kangkung,sayuran daun,Permata 24,OP,tahan hujan,25,35,25,35,0,1000,100,380,5.5,7.5,lempung|liat berlempung|lempung berpasir,toleran,5,lahan|polybag|pot|hidroponik,10x10,150,50,1500,7500,324,1,konsumsi|jual,ulat daun|karat putih,15.0-25.0,"Kangkung varietas Permata 24. Panen pertama sekitar 25-35 hari, cocok 0-1000 mdpl, pH tanah 5.5-7.5, suhu ideal 25-35 C.",1
SKU-0096-100G,V0096,Benih Kangkung Permata 24 (100 g),TaniMas,Kangkung,sayuran daun,Permata 24,OP,tahan hujan,25,35,25,35,0,1000,100,380,5.5,7.5,lempung|liat berlempung|lempung berpasir,toleran,5,lahan|polybag|pot|hidroponik,10x10,150,100,3000,13500,0,1,konsumsi|jual,ulat daun|karat putih,15.0-25.0,"Kangkung varietas Permata 24. Panen pertama sekitar 25-35 hari, cocok 0-1000 mdpl, pH tanah 5.5-7.5, suhu ideal 25-35 C.",1
SKU-0096-250G,V0096,Benih Kangkung Permata 24 (250 g),TaniMas,Kangkung,sayuran daun,Permata 24,OP,tahan hujan,25,35,25,35,0,1000,100,380,5.5,7.5,lempung|liat berlempung|lempung berpasir,toleran,5,lahan|polybag|pot|hidroponik,10x10,150,250,7500,29500,453,1,konsumsi|jual,ulat daun|karat putih,15.0-25.0,"Kangkung varietas Permata 24. Panen pertama sekitar 25-35 hari, cocok 0-1000 mdpl, pH tanah 5.5-7.5, suhu ideal 25-35 C.",1
SKU-0097-25G,V0097,Benih Bayam Bara 71 (25 g),Tani Jaya,Bayam,sayuran daun,Bara 71,OP,,25,35,20,32,0,1200,80,200,6.0,7.0,lempung|lempung berpasir,sedang,5,lahan|polybag|pot|hidroponik,10x10,200,25,2500,3000,321,1,konsumsi|jual,karat putih|ulat daun,10.0-20.0,"Bayam varietas Bara 71. Panen pertama sekitar 25-35 hari, cocok 0-1200 mdpl, pH tanah 6.0-7.0, suhu ideal 20-32 C.",1
SKU-0097-50G,V0097,Benih Bayam Bara 71 (50 g),Tani Jaya,Bayam,sayuran daun,Bara 71,OP,,25,35,20,32,0,1200,80,200,6.0,7.0,lempung|lempung berpasir,sedang,5,lahan|polybag|pot|hidroponik,10x10,200,50,5000,5500,74,1,konsumsi|jual,karat putih|ulat daun,10.0-20.0,"Bayam varietas Bara 71. Panen pertama sekitar 25-35 hari, cocok 0-1200 mdpl, pH tanah 6.0-7.0, suhu ideal 20-32 C.",1
SKU-0097-100G,V0097,Benih Bayam Bara 71 (100 g),Tani Jaya,Bayam,sayuran daun,Bara 71,OP,,25,35,20,32,0,1200,80,200,6.0,7.0,lempung|lempung berpasir,sedang,5,lahan|polybag|pot|hidroponik,10x10,200,100,10000,10000,334,1,konsumsi|jual,karat putih|ulat daun,10.0-20.0,"Bayam varietas Bara 71. Panen pertama sekitar 25-35 hari, cocok 0-1200 mdpl, pH tanah 6.0-7.0, suhu ideal 20-32 C.",1
SKU-0098-25G,V0098,Benih Bayam Rajawali 80 (25 g),BibitKu,Bayam,sayuran daun,Rajawali 80,OP,organik,25,35,20,32,0,1200,80,200,6.0,7.0,lempung|lempung berpasir,sedang,5,lahan|polybag|pot|hidroponik,10x10,200,25,2500,4500,369,1,konsumsi|jual,karat putih,10.0-20.0,"Bayam varietas Rajawali 80. Panen pertama sekitar 25-35 hari, cocok 0-1200 mdpl, pH tanah 6.0-7.0, suhu ideal 20-32 C.",1
SKU-0098-50G,V0098,Benih Bayam Rajawali 80 (50 g),BibitKu,Bayam,sayuran daun,Rajawali 80,OP,organik,25,35,20,32,0,1200,80,200,6.0,7.0,lempung|lempung berpasir,sedang,5,lahan|polybag|pot|hidroponik,10x10,200,50,5000,8000,345,1,konsumsi|jual,karat putih,10.0-20.0,"Bayam varietas Rajawali 80. Panen pertama sekitar 25-35 hari, cocok 0-1200 mdpl, pH tanah 6.0-7.0, suhu ideal 20-32 C.",1
SKU-0098-100G,V0098,Benih Bayam Rajawali 80 (100 g),BibitKu,Bayam,sayuran daun,Rajawali 80,OP,organik,25,35,20,32,0,1200,80,200,6.0,7.0,lempung|lempung berpasir,sedang,5,lahan|polybag|pot|hidroponik,10x10,200,100,10000,14000,403,1,konsumsi|jual,karat putih,10.0-20.0,"Bayam varietas Rajawali 80. Panen pertama sekitar 25-35 hari, cocok 0-1200 mdpl, pH tanah 6.0-7.0, suhu ideal 20-32 C.",1
SKU-0099-25G,V0099,Benih Bayam Garuda 37 (25 g),Tani Jaya,Bayam,sayuran daun,Garuda 37,OP,tahan hujan,25,35,20,32,0,1200,80,280,6.0,7.0,lempung|lempung berpasir,sedang,5,lahan|polybag|pot|hidroponik,10x10,200,25,2500,3500,170,1,konsumsi|jual,karat putih|ulat daun,10.0-20.0,"Bayam varietas Garuda 37. Panen pertama sekitar 25-35 hari, cocok 0-1200 mdpl, pH tanah 6.0-7.0, suhu ideal 20-32 C.",1
SKU-0099-50G,V0099,Benih Bayam Garuda 37 (50 g),Tani Jaya,Bayam,sayuran daun,Garuda 37,OP,tahan hujan,25,35,20,32,0,1200,80,280,6.0,7.0,lempung|lempung berpasir,sedang,5,lahan|polybag|pot|hidroponik,10x10,200,50,5000,6000,350,1,konsumsi|jual,karat putih|ulat daun,10.0-20.0,"Bayam varietas Garuda 37. Panen pertama sekitar 25-35 hari, cocok 0-1200 mdpl, pH tanah 6.0-7.0, suhu ideal 20-32 C.",1
SKU-0099-100G,V0099,Benih Bayam Garuda 37 (100 g),Tani Jaya,Bayam,sayuran daun,Garuda 37,OP,tahan hujan,25,35,20,32,0,1200,80,280,6.0,7.0,lempung|lempung berpasir,sedang,5,lahan|polybag|pot|hidroponik,10x10,200,100,10000,10500,498,1,konsumsi|jual,karat putih|ulat daun,10.0-20.0,"Bayam varietas Garuda 37. Panen pertama sekitar 25-35 hari, cocok 0-1200 mdpl, pH tanah 6.0-7.0, suhu ideal 20-32 C.",1
SKU-0100-25G,V0100,Benih Bayam Gading 97 (25 g),Sumber Panen,Bayam,sayuran daun,Gading 97,OP,tahan panas,22,32,20,35,0,1200,80,200,6.0,7.0,lempung|lempung berpasir,sedang,5,lahan|polybag|pot|hidroponik,10x10,200,25,2500,3000,76,1,konsumsi|jual,,10.0-20.0,"Bayam varietas Gading 97. Panen pertama sekitar 22-32 hari, cocok 0-1200 mdpl, pH tanah 6.0-7.0, suhu ideal 20-35 C.",1
SKU-0100-50G,V0100,Benih Bayam Gading 97 (50 g),Sumber Panen,Bayam,sayuran daun,Gading 97,OP,tahan panas,22,32,20,35,0,1200,80,200,6.0,7.0,lempung|lempung berpasir,sedang,5,lahan|polybag|pot|hidroponik,10x10,200,50,5000,5000,310,1,konsumsi|jual,,10.0-20.0,"Bayam varietas Gading 97. Panen pertama sekitar 22-32 hari, cocok 0-1200 mdpl, pH tanah 6.0-7.0, suhu ideal 20-35 C.",1
SKU-0100-100G,V0100,Benih Bayam Gading 97 (100 g),Sumber Panen,Bayam,sayuran daun,Gading 97,OP,tahan panas,22,32,20,35,0,1200,80,200,6.0,7.0,lempung|lempung berpasir,sedang,5,lahan|polybag|pot|hidroponik,10x10,200,100,10000,8500,297,1,konsumsi|jual,,10.0-20.0,"Bayam varietas Gading 97. Panen pertama sekitar 22-32 hari, cocok 0-1200 mdpl, pH tanah 6.0-7.0, suhu ideal 20-35 C.",1
SKU-0101-25G,V0101,Benih Bayam Tirta 95 (25 g),TaniMas,Bayam,sayuran daun,Tirta 95,OP,tahan kering,25,35,20,32,0,1200,50,160,6.0,7.0,lempung|lempung berpasir,sedang,5,lahan|polybag|pot|hidroponik,10x10,200,25,2500,3000,379,1,konsumsi|jual,,10.0-20.0,"Bayam varietas Tirta 95. Panen pertama sekitar 25-35 hari, cocok 0-1200 mdpl, pH tanah 6.0-7.0, suhu ideal 20-32 C.",1
SKU-0101-50G,V0101,Benih Bayam Tirta 95 (50 g),TaniMas,Bayam,sayuran daun,Tirta 95,OP,tahan kering,25,35,20,32,0,1200,50,160,6.0,7.0,lempung|lempung berpasir,sedang,5,lahan|polybag|pot|hidroponik,10x10,200,50,5000,5000,157,1,konsumsi|jual,,10.0-20.0,"Bayam varietas Tirta 95. Panen pertama sekitar 25-35 hari, cocok 0-1200 mdpl, pH tanah 6.0-7.0, suhu ideal 20-32 C.",1
SKU-0101-100G,V0101,Benih Bayam Tirta 95 (100 g),TaniMas,Bayam,sayuran daun,Tirta 95,OP,tahan kering,25,35,20,32,0,1200,50,160,6.0,7.0,lempung|lempung berpasir,sedang,5,lahan|polybag|pot|hidroponik,10x10,200,100,10000,9000,190,1,konsumsi|jual,,10.0-20.0,"Bayam varietas Tirta 95. Panen pertama sekitar 25-35 hari, cocok 0-1200 mdpl, pH tanah 6.0-7.0, suhu ideal 20-32 C.",1
SKU-0102-25G,V0102,Benih Bayam Kencana 83 (25 g),Kebun Lestari,Bayam,sayuran daun,Kencana 83,OP,genjah,19,28,20,32,0,1200,80,200,6.0,7.0,lempung|lempung berpasir,sedang,5,lahan|polybag|pot|hidroponik,10x10,200,25,2500,3000,400,1,konsumsi|jual,,9.0-18.0,"Bayam varietas Kencana 83. Panen pertama sekitar 19-28 hari, cocok 0-1200 mdpl, pH tanah 6.0-7.0, suhu ideal 20-32 C.",1
SKU-0102-50G,V0102,Benih Bayam Kencana 83 (50 g),Kebun Lestari,Bayam,sayuran daun,Kencana 83,OP,genjah,19,28,20,32,0,1200,80,200,6.0,7.0,lempung|lempung berpasir,sedang,5,lahan|polybag|pot|hidroponik,10x10,200,50,5000,5500,125,1,konsumsi|jual,,9.0-18.0,"Bayam varietas Kencana 83. Panen pertama sekitar 19-28 hari, cocok 0-1200 mdpl, pH tanah 6.0-7.0, suhu ideal 20-32 C.",1
SKU-0102-100G,V0102,Benih Bayam Kencana 83 (100 g),Kebun Lestari,Bayam,sayuran daun,Kencana 83,OP,genjah,19,28,20,32,0,1200,80,200,6.0,7.0,lempung|lempung berpasir,sedang,5,lahan|polybag|pot|hidroponik,10x10,200,100,10000,10000,442,1,konsumsi|jual,,9.0-18.0,"Bayam varietas Kencana 83. Panen pertama sekitar 19-28 hari, cocok 0-1200 mdpl, pH tanah 6.0-7.0, suhu ideal 20-32 C.",1
SKU-0103-10G,V0103,Benih Sawi Hijau Surya 33 (10 g),Greenfield Seeds,Sawi Hijau,sayuran daun,Surya 33,OP,,32,42,20,30,0,1200,100,200,6.0,7.0,lempung|lempung berpasir|liat berlempung,sedang,5,lahan|polybag|pot|hidroponik,20x20,40,10,2500,4500,83,1,konsumsi|jual,ulat tritip|busuk lunak,15.0-25.0,"Sawi Hijau varietas Surya 33. Panen pertama sekitar 32-42 hari, cocok 0-1200 mdpl, pH tanah 6.0-7.0, suhu ideal 20-30 C.",1
SKU-0103-25G,V0103,Benih Sawi Hijau Surya 33 (25 g),Greenfield Seeds,Sawi Hijau,sayuran daun,Surya 33,OP,,32,42,20,30,0,1200,100,200,6.0,7.0,lempung|lempung berpasir|liat berlempung,sedang,5,lahan|polybag|pot|hidroponik,20x20,40,25,6250,9500,215,1,konsumsi|jual,ulat tritip|busuk lunak,15.0-25.0,"Sawi Hijau varietas Surya 33. Panen pertama sekitar 32-42 hari, cocok 0-1200 mdpl, pH tanah 6.0-7.0, suhu ideal 20-30 C.",1
SKU-0103-50G,V0103,Benih Sawi Hijau Surya 33 (50 g),Greenfield Seeds,Sawi Hijau,sayuran daun,Surya 33,OP,,32,42,20,30,0,1200,100,200,6.0,7.0,lempung|lempung berpasir|liat berlempung,sedang,5,lahan|polybag|pot|hidroponik,20x20,40,50,12500,17000,389,1,konsumsi|jual,ulat tritip|busuk lunak,15.0-25.0,"Sawi Hijau varietas Surya 33. Panen pertama sekitar 32-42 hari, cocok 0-1200 mdpl, pH tanah 6.0-7.0, suhu ideal 20-30 C.",1
SKU-0104-10G,V0104,Benih Sawi Hijau Bintang 13 (10 g),TaniMas,Sawi Hijau,sayuran daun,Bintang 13,OP,organik,32,42,20,30,0,1200,100,200,6.0,7.0,lempung|lempung berpasir|liat berlempung,sedang,5,lahan|polybag|pot|hidroponik,20x20,40,10,2500,5500,176,1,konsumsi|jual,ulat tritip,15.0-25.0,"Sawi Hijau varietas Bintang 13. Panen pertama sekitar 32-42 hari, cocok 0-1200 mdpl, pH tanah 6.0-7.0, suhu ideal 20-30 C.",1
SKU-0104-25G,V0104,Benih Sawi Hijau Bintang 13 (25 g),TaniMas,Sawi Hijau,sayuran daun,Bintang 13,OP,organik,32,42,20,30,0,1200,100,200,6.0,7.0,lempung|lempung berpasir|liat berlempung,sedang,5,lahan|polybag|pot|hidroponik,20x20,40,25,6250,12000,300,1,konsumsi|jual,ulat tritip,15.0-25.0,"Sawi Hijau varietas Bintang 13. Panen pertama sekitar 32-42 hari, cocok 0-1200 mdpl, pH tanah 6.0-7.0, suhu ideal 20-30 C.",1
SKU-0104-50G,V0104,Benih Sawi Hijau Bintang 13 (50 g),TaniMas,Sawi Hijau,sayuran daun,Bintang 13,OP,organik,32,42,20,30,0,1200,100,200,6.0,7.0,lempung|lempung berpasir|liat berlempung,sedang,5,lahan|polybag|pot|hidroponik,20x20,40,50,12500,21000,462,1,konsumsi|jual,ulat tritip,15.0-25.0,"Sawi Hijau varietas Bintang 13. Panen pertama sekitar 32-42 hari, cocok 0-1200 mdpl, pH tanah 6.0-7.0, suhu ideal 20-30 C.",1
SKU-0105-10G,V0105,Benih Sawi Hijau Bara 29 (10 g),Agro Subur,Sawi Hijau,sayuran daun,Bara 29,OP,genjah,29,37,20,30,0,1200,100,200,6.0,7.0,lempung|lempung berpasir|liat berlempung,sedang,5,lahan|polybag|pot|hidroponik,20x20,40,10,2500,4000,258,1,konsumsi|jual,ulat tritip|busuk lunak,13.5-22.5,"Sawi Hijau varietas Bara 29. Panen pertama sekitar 29-37 hari, cocok 0-1200 mdpl, pH tanah 6.0-7.0, suhu ideal 20-30 C.",1
SKU-0105-25G,V0105,Benih Sawi Hijau Bara 29 (25 g),Agro Subur,Sawi Hijau,sayuran daun,Bara 29,OP,genjah,29,37,20,30,0,1200,100,200,6.0,7.0,lempung|lempung berpasir|liat berlempung,sedang,5,lahan|polybag|pot|hidroponik,20x20,40,25,6250,9500,222,1,konsumsi|jual,ulat tritip|busuk lunak,13.5-22.5,"Sawi Hijau varietas Bara 29. Panen pertama sekitar 29-37 hari, cocok 0-1200 mdpl, pH tanah 6.0-7.0, suhu ideal 20-30 C.",1
SKU-0105-50G,V0105,Benih Sawi Hijau Bara 29 (50 g),Agro Subur,Sawi Hijau,sayuran daun,Bara 29,OP,genjah,29,37,20,30,0,1200,100,200,6.0,7.0,lempung|lempung berpasir|liat berlempung,sedang,5,lahan|polybag|pot|hidroponik,20x20,40,50,12500,16500,396,1,konsumsi|jual,ulat tritip|busuk lunak,13.5-22.5,"Sawi Hijau varietas Bara 29. Panen pertama sekitar 29-37 hari, cocok 0-1200 mdpl, pH tanah 6.0-7.0, suhu ideal 20-30 C.",1
SKU-0106-10G,V0106,Benih Sawi Hijau Permata 24 (10 g),BibitKu,Sawi Hijau,sayuran daun,Permata 24,OP,tahan hujan,30,40,20,30,0,1200,100,280,6.0,7.0,lempung|lempung berpasir|liat berlempung,sedang,5,lahan|polybag|pot|hidroponik,20x20,40,10,2500,3500,167,1,konsumsi|jual,ulat tritip|busuk lunak,15.0-25.0,"Sawi Hijau varietas Permata 24. Panen pertama sekitar 30-40 hari, cocok 0-1200 mdpl, pH tanah 6.0-7.0, suhu ideal 20-30 C.",1
SKU-0106-25G,V0106,Benih Sawi Hijau Permata 24 (25 g),BibitKu,Sawi Hijau,sayuran daun,Permata 24,OP,tahan hujan,30,40,20,30,0,1200,100,280,6.0,7.0,lempung|lempung berpasir|liat berlempung,sedang,5,lahan|polybag|pot|hidroponik,20x20,40,25,6250,8000,0,1,konsumsi|jual,ulat tritip|busuk lunak,15.0-25.0,"Sawi Hijau varietas Permata 24. Panen pertama sekitar 30-40 hari, cocok 0-1200 mdpl, pH tanah 6.0-7.0, suhu ideal 20-30 C.",1
SKU-0106-50G,V0106,Benih Sawi Hijau Permata 24 (50 g),BibitKu,Sawi Hijau,sayuran daun,Permata 24,OP,tahan hujan,30,40,20,30,0,1200,100,280,6.0,7.0,lempung|lempung berpasir|liat berlempung,sedang,5,lahan|polybag|pot|hidroponik,20x20,40,50,12500,14500,316,1,konsumsi|jual,ulat tritip|busuk lunak,15.0-25.0,"Sawi Hijau varietas Permata 24. Panen pertama sekitar 30-40 hari, cocok 0-1200 mdpl, pH tanah 6.0-7.0, suhu ideal 20-30 C.",1
SKU-0107-10G,V0107,Benih Sawi Hijau Pelangi 48 (10 g),Kebun Lestari,Sawi Hijau,sayuran daun,Pelangi 48,OP,tahan kering,33,43,20,30,0,1200,70,160,6.0,7.0,lempung|lempung berpasir|liat berlempung,sedang,5,lahan|polybag|pot|hidroponik,20x20,40,10,2500,3500,99,1,konsumsi|jual,ulat tritip,15.0-25.0,"Sawi Hijau varietas Pelangi 48. Panen pertama sekitar 33-43 hari, cocok 0-1200 mdpl, pH tanah 6.0-7.0, suhu ideal 20-30 C.",1
SKU-0107-25G,V0107,Benih Sawi Hijau Pelangi 48 (25 g),Kebun Lestari,Sawi Hijau,sayuran daun,Pelangi 48,OP,tahan kering,33,43,20,30,0,1200,70,160,6.0,7.0,lempung|lempung berpasir|liat berlempung,sedang,5,lahan|polybag|pot|hidroponik,20x20,40,25,6250,8000,282,1,konsumsi|jual,ulat tritip,15.0-25.0,"Sawi Hijau varietas Pelangi 48. Panen pertama sekitar 33-43 hari, cocok 0-1200 mdpl, pH tanah 6.0-7.0, suhu ideal 20-30 C.",1
SKU-0107-50G,V0107,Benih Sawi Hijau Pelangi 48 (50 g),Kebun Lestari,Sawi Hijau,sayuran daun,Pelangi 48,OP,tahan kering,33,43,20,30,0,1200,70,160,6.0,7.0,lempung|lempung berpasir|liat berlempung,sedang,5,lahan|polybag|pot|hidroponik,20x20,40,50,12500,14500,266,1,konsumsi|jual,ulat tritip,15.0-25.0,"Sawi Hijau varietas Pelangi 48. Panen pertama sekitar 33-43 hari, cocok 0-1200 mdpl, pH tanah 6.0-7.0, suhu ideal 20-30 C.",1
SKU-0108-10G,V0108,Benih Sawi Hijau Garuda 95 (10 g),BibitKu,Sawi Hijau,sayuran daun,Garuda 95,OP,dataran rendah,27,37,21,32,0,700,100,200,6.0,7.0,lempung|lempung berpasir|liat berlempung,sedang,5,lahan|polybag|pot|hidroponik,20x20,40,10,2500,4000,49,1,konsumsi|jual,ulat tritip|busuk lunak,15.0-25.0,"Sawi Hijau varietas Garuda 95. Panen pertama sekitar 27-37 hari, cocok 0-700 mdpl, pH tanah 6.0-7.0, suhu ideal 21-32 C.",1
SKU-0108-25G,V0108,Benih Sawi Hijau Garuda 95 (25 g),BibitKu,Sawi Hijau,sayuran daun,Garuda 95,OP,dataran rendah,27,37,21,32,0,700,100,200,6.0,7.0,lempung|lempung berpasir|liat berlempung,sedang,5,lahan|polybag|pot|hidroponik,20x20,40,25,6250,9000,304,1,konsumsi|jual,ulat tritip|busuk lunak,15.0-25.0,"Sawi Hijau varietas Garuda 95. Panen pertama sekitar 27-37 hari, cocok 0-700 mdpl, pH tanah 6.0-7.0, suhu ideal 21-32 C.",1
SKU-0108-50G,V0108,Benih Sawi Hijau Garuda 95 (50 g),BibitKu,Sawi Hijau,sayuran daun,Garuda 95,OP,dataran rendah,27,37,21,32,0,700,100,200,6.0,7.0,lempung|lempung berpasir|liat berlempung,sedang,5,lahan|polybag|pot|hidroponik,20x20,40,50,12500,15500,217,1,konsumsi|jual,ulat tritip|busuk lunak,15.0-25.0,"Sawi Hijau varietas Garuda 95. Panen pertama sekitar 27-37 hari, cocok 0-700 mdpl, pH tanah 6.0-7.0, suhu ideal 21-32 C.",1
SKU-0109-10G,V0109,Benih Pakcoy Tirta 31 (10 g),Sumber Panen,Pakcoy,sayuran daun,Tirta 31,OP,,28,38,18,28,0,1500,100,200,6.0,7.0,lempung|lempung berpasir,sedang,5,lahan|polybag|pot|hidroponik,20x20,40,10,2500,6500,215,1,konsumsi|jual,ulat tritip,15.0-25.0,"Pakcoy varietas Tirta 31. Panen pertama sekitar 28-38 hari, cocok 0-1500 mdpl, pH tanah 6.0-7.0, suhu ideal 18-28 C.",1
SKU-0109-25G,V0109,Benih Pakcoy Tirta 31 (25 g),Sumber Panen,Pakcoy,sayuran daun,Tirta 31,OP,,28,38,18,28,0,1500,100,200,6.0,7.0,lempung|lempung berpasir,sedang,5,lahan|polybag|pot|hidroponik,20x20,40,25,6250,14000,212,1,konsumsi|jual,ulat tritip,15.0-25.0,"Pakcoy varietas Tirta 31. Panen pertama sekitar 28-38 hari, cocok 0-1500 mdpl, pH tanah 6.0-7.0, suhu ideal 18-28 C.",1
SKU-0109-50G,V0109,Benih Pakcoy Tirta 31 (50 g),Sumber Panen,Pakcoy,sayuran daun,Tirta 31,OP,,28,38,18,28,0,1500,100,200,6.0,7.0,lempung|lempung berpasir,sedang,5,lahan|polybag|pot|hidroponik,20x20,40,50,12500,25000,391,1,konsumsi|jual,ulat tritip,15.0-25.0,"Pakcoy varietas Tirta 31. Panen pertama sekitar 28-38 hari, cocok 0-1500 mdpl, pH tanah 6.0-7.0, suhu ideal 18-28 C.",1
SKU-0110-10G,V0110,Benih Pakcoy Cakra 52 (10 g),Agro Subur,Pakcoy,sayuran daun,Cakra 52,OP,kompak/cocok pot,22,32,18,28,0,1500,100,200,6.0,7.0,lempung|lempung berpasir,sedang,5,lahan|polybag|pot|hidroponik,20x20,60.0,10,2500,6000,382,1,konsumsi|jual,,9.0-15.0,"Pakcoy varietas Cakra 52. Panen pertama sekitar 22-32 hari, cocok 0-1500 mdpl, pH tanah 6.0-7.0, suhu ideal 18-28 C.",1
SKU-0110-25G,V0110,Benih Pakcoy Cakra 52 (25 g),Agro Subur,Pakcoy,sayuran daun,Cakra 52,OP,kompak/cocok pot,22,32,18,28,0,1500,100,200,6.0,7.0,lempung|lempung berpasir,sedang,5,lahan|polybag|pot|hidroponik,20x20,60.0,25,6250,13500,340,1,konsumsi|jual,,9.0-15.0,"Pakcoy varietas Cakra 52. Panen pertama sekitar 22-32 hari, cocok 0-1500 mdpl, pH tanah 6.0-7.0, suhu ideal 18-28 C.",1
SKU-0110-50G,V0110,Benih Pakcoy Cakra 52 (50 g),Agro Subur,Pakcoy,sayuran daun,Cakra 52,OP,kompak/cocok pot,22,32,18,28,0,1500,100,200,6.0,7.0,lempung|lempung berpasir,sedang,5,lahan|polybag|pot|hidroponik,20x20,60.0,50,12500,24000,130,1,konsumsi|jual,,9.0-15.0,"Pakcoy varietas Cakra 52. Panen pertama sekitar 22-32 hari, cocok 0-1500 mdpl, pH tanah 6.0-7.0, suhu ideal 18-28 C.",1
SKU-0111-10G,V0111,Benih Pakcoy Kencana 28 (10 g),Greenfield Seeds,Pakcoy,sayuran daun,Kencana 28,OP,tahan hujan,23,33,18,28,0,1500,100,280,6.0,7.0,lempung|lempung berpasir,sedang,5,lahan|polybag|pot|hidroponik,20x20,40,10,2500,5500,331,1,konsumsi|jual,ulat tritip|kutu daun,15.0-25.0,"Pakcoy varietas Kencana 28. Panen pertama sekitar 23-33 hari, cocok 0-1500 mdpl, pH tanah 6.0-7.0, suhu ideal 18-28 C.",1
SKU-0111-25G,V0111,Benih Pakcoy Kencana 28 (25 g),Greenfield Seeds,Pakcoy,sayuran daun,Kencana 28,OP,tahan hujan,23,33,18,28,0,1500,100,280,6.0,7.0,lempung|lempung berpasir,sedang,5,lahan|polybag|pot|hidroponik,20x20,40,25,6250,12500,396,1,konsumsi|jual,ulat tritip|kutu daun,15.0-25.0,"Pakcoy varietas Kencana 28. Panen pertama sekitar 23-33 hari, cocok 0-1500 mdpl, pH tanah 6.0-7.0, suhu ideal 18-28 C.",1
SKU-0111-50G,V0111,Benih Pakcoy Kencana 28 (50 g),Greenfield Seeds,Pakcoy,sayuran daun,Kencana 28,OP,tahan hujan,23,33,18,28,0,1500,100,280,6.0,7.0,lempung|lempung berpasir,sedang,5,lahan|polybag|pot|hidroponik,20x20,40,50,12500,22000,306,1,konsumsi|jual,ulat tritip|kutu daun,15.0-25.0,"Pakcoy varietas Kencana 28. Panen pertama sekitar 23-33 hari, cocok 0-1500 mdpl, pH tanah 6.0-7.0, suhu ideal 18-28 C.",1
SKU-0112-10G,V0112,Benih Pakcoy Arjuna 97 (10 g),BibitKu,Pakcoy,sayuran daun,Arjuna 97,OP,genjah,24,33,18,28,0,1500,100,200,6.0,7.0,lempung|lempung berpasir,sedang,5,lahan|polybag|pot|hidroponik,20x20,40,10,2500,7000,417,1,konsumsi|jual,ulat tritip,13.5-22.5,"Pakcoy varietas Arjuna 97. Panen pertama sekitar 24-33 hari, cocok 0-1500 mdpl, pH tanah 6.0-7.0, suhu ideal 18-28 C.",1
SKU-0112-25G,V0112,Benih Pakcoy Arjuna 97 (25 g),BibitKu,Pakcoy,sayuran daun,Arjuna 97,OP,genjah,24,33,18,28,0,1500,100,200,6.0,7.0,lempung|lempung berpasir,sedang,5,lahan|polybag|pot|hidroponik,20x20,40,25,6250,15000,38,1,konsumsi|jual,ulat tritip,13.5-22.5,"Pakcoy varietas Arjuna 97. Panen pertama sekitar 24-33 hari, cocok 0-1500 mdpl, pH tanah 6.0-7.0, suhu ideal 18-28 C.",1
SKU-0112-50G,V0112,Benih Pakcoy Arjuna 97 (50 g),BibitKu,Pakcoy,sayuran daun,Arjuna 97,OP,genjah,24,33,18,28,0,1500,100,200,6.0,7.0,lempung|lempung berpasir,sedang,5,lahan|polybag|pot|hidroponik,20x20,40,50,12500,26500,47,1,konsumsi|jual,ulat tritip,13.5-22.5,"Pakcoy varietas Arjuna 97. Panen pertama sekitar 24-33 hari, cocok 0-1500 mdpl, pH tanah 6.0-7.0, suhu ideal 18-28 C.",1
SKU-0113-10G,V0113,Benih Pakcoy Nusa 69 (10 g),Sumber Panen,Pakcoy,sayuran daun,Nusa 69,OP,tahan panas,22,32,18,31,0,1500,100,200,6.0,7.0,lempung|lempung berpasir,sedang,5,lahan|polybag|pot|hidroponik,20x20,40,10,2500,5500,447,1,konsumsi|jual,ulat tritip|kutu daun,15.0-25.0,"Pakcoy varietas Nusa 69. Panen pertama sekitar 22-32 hari, cocok 0-1500 mdpl, pH tanah 6.0-7.0, suhu ideal 18-31 C.",1
SKU-0113-25G,V0113,Benih Pakcoy Nusa 69 (25 g),Sumber Panen,Pakcoy,sayuran daun,Nusa 69,OP,tahan panas,22,32,18,31,0,1500,100,200,6.0,7.0,lempung|lempung berpasir,sedang,5,lahan|polybag|pot|hidroponik,20x20,40,25,6250,12000,314,1,konsumsi|jual,ulat tritip|kutu daun,15.0-25.0,"Pakcoy varietas Nusa 69. Panen pertama sekitar 22-32 hari, cocok 0-1500 mdpl, pH tanah 6.0-7.0, suhu ideal 18-31 C.",1
SKU-0113-50G,V0113,Benih Pakcoy Nusa 69 (50 g),Sumber Panen,Pakcoy,sayuran daun,Nusa 69,OP,tahan panas,22,32,18,31,0,1500,100,200,6.0,7.0,lempung|lempung berpasir,sedang,5,lahan|polybag|pot|hidroponik,20x20,40,50,12500,21000,246,1,konsumsi|jual,ulat tritip|kutu daun,15.0-25.0,"Pakcoy varietas Nusa 69. Panen pertama sekitar 22-32 hari, cocok 0-1500 mdpl, pH tanah 6.0-7.0, suhu ideal 18-31 C.",1
SKU-0114-10G,V0114,Benih Pakcoy Rajawali 80 (10 g),Benih Nusantara,Pakcoy,sayuran daun,Rajawali 80,OP,organik,25,35,18,28,0,1500,100,200,6.0,7.0,lempung|lempung berpasir,sedang,5,lahan|polybag|pot|hidroponik,20x20,40,10,2500,9000,500,1,konsumsi|jual,ulat tritip,15.0-25.0,"Pakcoy varietas Rajawali 80. Panen pertama sekitar 25-35 hari, cocok 0-1500 mdpl, pH tanah 6.0-7.0, suhu ideal 18-28 C.",1
SKU-0114-25G,V0114,Benih Pakcoy Rajawali 80 (25 g),Benih Nusantara,Pakcoy,sayuran daun,Rajawali 80,OP,organik,25,35,18,28,0,1500,100,200,6.0,7.0,lempung|lempung berpasir,sedang,5,lahan|polybag|pot|hidroponik,20x20,40,25,6250,19500,62,1,konsumsi|jual,ulat tritip,15.0-25.0,"Pakcoy varietas Rajawali 80. Panen pertama sekitar 25-35 hari, cocok 0-1500 mdpl, pH tanah 6.0-7.0, suhu ideal 18-28 C.",1
SKU-0114-50G,V0114,Benih Pakcoy Rajawali 80 (50 g),Benih Nusantara,Pakcoy,sayuran daun,Rajawali 80,OP,organik,25,35,18,28,0,1500,100,200,6.0,7.0,lempung|lempung berpasir,sedang,5,lahan|polybag|pot|hidroponik,20x20,40,50,12500,34000,438,1,konsumsi|jual,ulat tritip,15.0-25.0,"Pakcoy varietas Rajawali 80. Panen pertama sekitar 25-35 hari, cocok 0-1500 mdpl, pH tanah 6.0-7.0, suhu ideal 18-28 C.",1
SKU-0115-2G,V0115,Benih Selada Bara 41 (2 g),Sumber Panen,Selada,sayuran daun,Bara 41,OP,,35,50,15,24,500,1800,80,150,6.0,7.0,lempung,baik,5,lahan|polybag|pot|hidroponik,25x25,20,2,1600,5000,208,2,konsumsi|jual,busuk lunak|kutu daun,15.0-25.0,"Selada varietas Bara 41. Panen pertama sekitar 35-50 hari, cocok 500-1800 mdpl, pH tanah 6.0-7.0, suhu ideal 15-24 C.",1
SKU-0115-5G,V0115,Benih Selada Bara 41 (5 g),Sumber Panen,Selada,sayuran daun,Bara 41,OP,,35,50,15,24,500,1800,80,150,6.0,7.0,lempung,baik,5,lahan|polybag|pot|hidroponik,25x25,20,5,4000,11500,183,2,konsumsi|jual,busuk lunak|kutu daun,15.0-25.0,"Selada varietas Bara 41. Panen pertama sekitar 35-50 hari, cocok 500-1800 mdpl, pH tanah 6.0-7.0, suhu ideal 15-24 C.",1
SKU-0115-10G,V0115,Benih Selada Bara 41 (10 g),Sumber Panen,Selada,sayuran daun,Bara 41,OP,,35,50,15,24,500,1800,80,150,6.0,7.0,lempung,baik,5,lahan|polybag|pot|hidroponik,25x25,20,10,8000,20000,36,2,konsumsi|jual,busuk lunak|kutu daun,15.0-25.0,"Selada varietas Bara 41. Panen pertama sekitar 35-50 hari, cocok 500-1800 mdpl, pH tanah 6.0-7.0, suhu ideal 15-24 C.",1
SKU-0116-2G,V0116,Benih Selada Sakti 90 (2 g),BibitKu,Selada,sayuran daun,Sakti 90,OP,tahan kering,32,47,15,24,500,1800,50,110,6.0,7.0,lempung,baik,5,lahan|polybag|pot|hidroponik,25x25,20,2,1600,5000,474,2,konsumsi|jual,busuk lunak,15.0-25.0,"Selada varietas Sakti 90. Panen pertama sekitar 32-47 hari, cocok 500-1800 mdpl, pH tanah 6.0-7.0, suhu ideal 15-24 C.",1
SKU-0116-5G,V0116,Benih Selada Sakti 90 (5 g),BibitKu,Selada,sayuran daun,Sakti 90,OP,tahan kering,32,47,15,24,500,1800,50,110,6.0,7.0,lempung,baik,5,lahan|polybag|pot|hidroponik,25x25,20,5,4000,11000,86,2,konsumsi|jual,busuk lunak,15.0-25.0,"Selada varietas Sakti 90. Panen pertama sekitar 32-47 hari, cocok 500-1800 mdpl, pH tanah 6.0-7.0, suhu ideal 15-24 C.",1
SKU-0116-10G,V0116,Benih Selada Sakti 90 (10 g),BibitKu,Selada,sayuran daun,Sakti 90,OP,tahan kering,32,47,15,24,500,1800,50,110,6.0,7.0,lempung,baik,5,lahan|polybag|pot|hidroponik,25x25,20,10,8000,19000,308,2,konsumsi|jual,busuk lunak,15.0-25.0,"Selada varietas Sakti 90. Panen pertama sekitar 32-47 hari, cocok 500-1800 mdpl, pH tanah 6.0-7.0, suhu ideal 15-24 C.",1
SKU-0117-2G,V0117,Benih Selada Samudra 28 (2 g),BibitKu,Selada,sayuran daun,Samudra 28,OP,dataran tinggi,34,49,13,22,500,2200,80,150,6.0,7.0,lempung,baik,5,lahan|polybag|pot|hidroponik,25x25,20,2,1600,5500,490,2,konsumsi|jual,busuk lunak|kutu daun,15.0-25.0,"Selada varietas Samudra 28. Panen pertama sekitar 34-49 hari, cocok 500-2200 mdpl, pH tanah 6.0-7.0, suhu ideal 13-22 C.",1
SKU-0117-5G,V0117,Benih Selada Samudra 28 (5 g),BibitKu,Selada,sayuran daun,Samudra 28,OP,dataran tinggi,34,49,13,22,500,2200,80,150,6.0,7.0,lempung,baik,5,lahan|polybag|pot|hidroponik,25x25,20,5,4000,12500,296,2,konsumsi|jual,busuk lunak|kutu daun,15.0-25.0,"Selada varietas Samudra 28. Panen pertama sekitar 34-49 hari, cocok 500-2200 mdpl, pH tanah 6.0-7.0, suhu ideal 13-22 C.",1
SKU-0117-10G,V0117,Benih Selada Samudra 28 (10 g),BibitKu,Selada,sayuran daun,Samudra 28,OP,dataran tinggi,34,49,13,22,500,2200,80,150,6.0,7.0,lempung,baik,5,lahan|polybag|pot|hidroponik,25x25,20,10,8000,22000,415,2,konsumsi|jual,busuk lunak|kutu daun,15.0-25.0,"Selada varietas Samudra 28. Panen pertama sekitar 34-49 hari, cocok 500-2200 mdpl, pH tanah 6.0-7.0, suhu ideal 13-22 C.",1
SKU-0118-2G,V0118,Benih Selada Tirta 26 (2 g),TaniMas,Selada,sayuran daun,Tirta 26,OP,tahan hujan,37,52,15,24,500,1800,80,230,6.0,7.0,lempung,sedang,5,lahan|polybag|pot|hidroponik,25x25,20,2,1600,5500,184,2,konsumsi|jual,busuk lunak,15.0-25.0,"Selada varietas Tirta 26. Panen pertama sekitar 37-52 hari, cocok 500-1800 mdpl, pH tanah 6.0-7.0, suhu ideal 15-24 C.",1
SKU-0118-5G,V0118,Benih Selada Tirta 26 (5 g),TaniMas,Selada,sayuran daun,Tirta 26,OP,tahan hujan,37,52,15,24,500,1800,80,230,6.0,7.0,lempung,sedang,5,lahan|polybag|pot|hidroponik,25x25,20,5,4000,11500,258,2,konsumsi|jual,busuk lunak,15.0-25.0,"Selada varietas Tirta 26. Panen pertama sekitar 37-52 hari, cocok 500-1800 mdpl, pH tanah 6.0-7.0, suhu ideal 15-24 C.",1
SKU-0118-10G,V0118,Benih Selada Tirta 26 (10 g),TaniMas,Selada,sayuran daun,Tirta 26,OP,tahan hujan,37,52,15,24,500,1800,80,230,6.0,7.0,lempung,sedang,5,lahan|polybag|pot|hidroponik,25x25,20,10,8000,20500,80,2,konsumsi|jual,busuk lunak,15.0-25.0,"Selada varietas Tirta 26. Panen pertama sekitar 37-52 hari, cocok 500-1800 mdpl, pH tanah 6.0-7.0, suhu ideal 15-24 C.",1
SKU-0119-2G,V0119,Benih Selada Gading 19 (2 g),Greenfield Seeds,Selada,sayuran daun,Gading 19,OP,organik,38,53,15,24,500,1800,80,150,6.0,7.0,lempung,baik,5,lahan|polybag|pot|hidroponik,25x25,20,2,1600,7000,348,2,konsumsi|jual,,15.0-25.0,"Selada varietas Gading 19. Panen pertama sekitar 38-53 hari, cocok 500-1800 mdpl, pH tanah 6.0-7.0, suhu ideal 15-24 C.",1
SKU-0119-5G,V0119,Benih Selada Gading 19 (5 g),Greenfield Seeds,Selada,sayuran daun,Gading 19,OP,organik,38,53,15,24,500,1800,80,150,6.0,7.0,lempung,baik,5,lahan|polybag|pot|hidroponik,25x25,20,5,4000,15500,402,2,konsumsi|jual,,15.0-25.0,"Selada varietas Gading 19. Panen pertama sekitar 38-53 hari, cocok 500-1800 mdpl, pH tanah 6.0-7.0, suhu ideal 15-24 C.",1
SKU-0119-10G,V0119,Benih Selada Gading 19 (10 g),Greenfield Seeds,Selada,sayuran daun,Gading 19,OP,organik,38,53,15,24,500,1800,80,150,6.0,7.0,lempung,baik,5,lahan|polybag|pot|hidroponik,25x25,20,10,8000,27500,315,2,konsumsi|jual,,15.0-25.0,"Selada varietas Gading 19. Panen pertama sekitar 38-53 hari, cocok 500-1800 mdpl, pH tanah 6.0-7.0, suhu ideal 15-24 C.",1
SKU-0120-2G,V0120,Benih Selada Cempaka 29 F1 (2 g),Agro Subur,Selada,sayuran daun,Cempaka 29 F1,F1,hibrida,33,48,15,24,500,1800,80,150,6.0,7.0,lempung,baik,5,lahan|polybag|pot|hidroponik,25x25,20,2,1600,10000,220,2,konsumsi|jual,busuk lunak|kutu daun,18.8-31.2,"Selada varietas Cempaka 29 F1. Panen pertama sekitar 33-48 hari, cocok 500-1800 mdpl, pH tanah 6.0-7.0, suhu ideal 15-24 C.",1
SKU-0120-5G,V0120,Benih Selada Cempaka 29 F1 (5 g),Agro Subur,Selada,sayuran daun,Cempaka 29 F1,F1,hibrida,33,48,15,24,500,1800,80,150,6.0,7.0,lempung,baik,5,lahan|polybag|pot|hidroponik,25x25,20,5,4000,22000,378,2,konsumsi|jual,busuk lunak|kutu daun,18.8-31.2,"Selada varietas Cempaka 29 F1. Panen pertama sekitar 33-48 hari, cocok 500-1800 mdpl, pH tanah 6.0-7.0, suhu ideal 15-24 C.",1
SKU-0120-10G,V0120,Benih Selada Cempaka 29 F1 (10 g),Agro Subur,Selada,sayuran daun,Cempaka 29 F1,F1,hibrida,33,48,15,24,500,1800,80,150,6.0,7.0,lempung,baik,5,lahan|polybag|pot|hidroponik,25x25,20,10,8000,38500,237,2,konsumsi|jual,busuk lunak|kutu daun,18.8-31.2,"Selada varietas Cempaka 29 F1. Panen pertama sekitar 33-48 hari, cocok 500-1800 mdpl, pH tanah 6.0-7.0, suhu ideal 15-24 C.",1
SKU-0121-2G,V0121,Benih Seledri Nusa 70 (2 g),Kebun Lestari,Seledri,sayuran daun,Nusa 70,OP,,69,89,16,24,800,1800,90,160,6.0,6.8,lempung,sedang,5,lahan|polybag|pot,25x25,20,2,4000,6000,267,2,konsumsi|jual,,15.0-30.0,"Seledri varietas Nusa 70. Panen pertama sekitar 69-89 hari, cocok 800-1800 mdpl, pH tanah 6.0-6.8, suhu ideal 16-24 C.",1
SKU-0121-5G,V0121,Benih Seledri Nusa 70 (5 g),Kebun Lestari,Seledri,sayuran daun,Nusa 70,OP,,69,89,16,24,800,1800,90,160,6.0,6.8,lempung,sedang,5,lahan|polybag|pot,25x25,20,5,10000,13000,92,2,konsumsi|jual,,15.0-30.0,"Seledri varietas Nusa 70. Panen pertama sekitar 69-89 hari, cocok 800-1800 mdpl, pH tanah 6.0-6.8, suhu ideal 16-24 C.",1
SKU-0122-2G,V0122,Benih Seledri Dewi 35 (2 g),Agro Subur,Seledri,sayuran daun,Dewi 35,OP,tahan hujan,73,93,16,24,800,1800,90,240,6.0,6.8,lempung,sedang,5,lahan|polybag|pot,25x25,20,2,4000,5500,62,2,konsumsi|jual,,15.0-30.0,"Seledri varietas Dewi 35. Panen pertama sekitar 73-93 hari, cocok 800-1800 mdpl, pH tanah 6.0-6.8, suhu ideal 16-24 C.",1
SKU-0122-5G,V0122,Benih Seledri Dewi 35 (5 g),Agro Subur,Seledri,sayuran daun,Dewi 35,OP,tahan hujan,73,93,16,24,800,1800,90,240,6.0,6.8,lempung,sedang,5,lahan|polybag|pot,25x25,20,5,10000,12000,274,2,konsumsi|jual,,15.0-30.0,"Seledri varietas Dewi 35. Panen pertama sekitar 73-93 hari, cocok 800-1800 mdpl, pH tanah 6.0-6.8, suhu ideal 16-24 C.",1
SKU-0123-2G,V0123,Benih Seledri Kartika 25 F1 (2 g),Greenfield Seeds,Seledri,sayuran daun,Kartika 25 F1,F1,hibrida,67,87,16,24,800,1800,90,160,6.0,6.8,lempung,sedang,5,lahan|polybag|pot,25x25,20,2,4000,11000,494,2,konsumsi|jual,bercak daun|busuk batang,18.8-37.5,"Seledri varietas Kartika 25 F1. Panen pertama sekitar 67-87 hari, cocok 800-1800 mdpl, pH tanah 6.0-6.8, suhu ideal 16-24 C.",1
SKU-0123-5G,V0123,Benih Seledri Kartika 25 F1 (5 g),Greenfield Seeds,Seledri,sayuran daun,Kartika 25 F1,F1,hibrida,67,87,16,24,800,1800,90,160,6.0,6.8,lempung,sedang,5,lahan|polybag|pot,25x25,20,5,10000,24000,428,2,konsumsi|jual,bercak daun|busuk batang,18.8-37.5,"Seledri varietas Kartika 25 F1. Panen pertama sekitar 67-87 hari, cocok 800-1800 mdpl, pH tanah 6.0-6.8, suhu ideal 16-24 C.",1
SKU-0124-2G,V0124,Benih Seledri Arjuna 54 (2 g),Benih Nusantara,Seledri,sayuran daun,Arjuna 54,OP,dataran tinggi,70,90,14,22,800,2200,90,160,6.0,6.8,lempung,sedang,5,lahan|polybag|pot,25x25,20,2,4000,5000,24,2,konsumsi|jual,,15.0-30.0,"Seledri varietas Arjuna 54. Panen pertama sekitar 70-90 hari, cocok 800-2200 mdpl, pH tanah 6.0-6.8, suhu ideal 14-22 C.",1
SKU-0124-5G,V0124,Benih Seledri Arjuna 54 (5 g),Benih Nusantara,Seledri,sayuran daun,Arjuna 54,OP,dataran tinggi,70,90,14,22,800,2200,90,160,6.0,6.8,lempung,sedang,5,lahan|polybag|pot,25x25,20,5,10000,11500,60,2,konsumsi|jual,,15.0-30.0,"Seledri varietas Arjuna 54. Panen pertama sekitar 70-90 hari, cocok 800-2200 mdpl, pH tanah 6.0-6.8, suhu ideal 14-22 C.",1
SKU-0125-2G,V0125,Benih Seledri Mutiara 93 (2 g),BibitKu,Seledri,sayuran daun,Mutiara 93,OP,organik,73,93,16,24,800,1800,90,160,6.0,6.8,lempung,sedang,5,lahan|polybag|pot,25x25,20,2,4000,7000,398,2,konsumsi|jual,bercak daun|busuk batang,15.0-30.0,"Seledri varietas Mutiara 93. Panen pertama sekitar 73-93 hari, cocok 800-1800 mdpl, pH tanah 6.0-6.8, suhu ideal 16-24 C.",1
SKU-0125-5G,V0125,Benih Seledri Mutiara 93 (5 g),BibitKu,Seledri,sayuran daun,Mutiara 93,OP,organik,73,93,16,24,800,1800,90,160,6.0,6.8,lempung,sedang,5,lahan|polybag|pot,25x25,20,5,10000,15000,239,2,konsumsi|jual,bercak daun|busuk batang,15.0-30.0,"Seledri varietas Mutiara 93. Panen pertama sekitar 73-93 hari, cocok 800-1800 mdpl, pH tanah 6.0-6.8, suhu ideal 16-24 C.",1
SKU-0126-2G,V0126,Benih Seledri Intan 10 (2 g),TaniMas,Seledri,sayuran daun,Intan 10,OP,kompak/cocok pot,67,87,16,24,800,1800,90,160,6.0,6.8,lempung,sedang,5,lahan|polybag|pot,25x25,30.0,2,4000,5500,280,2,konsumsi|jual,bercak daun|busuk batang,9.0-18.0,"Seledri varietas Intan 10. Panen pertama sekitar 67-87 hari, cocok 800-1800 mdpl, pH tanah 6.0-6.8, suhu ideal 16-24 C.",1
SKU-0126-5G,V0126,Benih Seledri Intan 10 (5 g),TaniMas,Seledri,sayuran daun,Intan 10,OP,kompak/cocok pot,67,87,16,24,800,1800,90,160,6.0,6.8,lempung,sedang,5,lahan|polybag|pot,25x25,30.0,5,10000,12000,407,2,konsumsi|jual,bercak daun|busuk batang,9.0-18.0,"Seledri varietas Intan 10. Panen pertama sekitar 67-87 hari, cocok 800-1800 mdpl, pH tanah 6.0-6.8, suhu ideal 16-24 C.",1
SKU-0127-5G,V0127,Benih Bawang Daun Cakra 63 (5 g),Sumber Panen,Bawang Daun,sayuran daun,Cakra 63,OP,,57,77,18,25,700,1800,100,180,6.0,7.0,lempung,baik,5,lahan|polybag|pot,20x15,30,5,1250,14000,0,2,konsumsi|jual,trips|bercak ungu,15.0-30.0,"Bawang Daun varietas Cakra 63. Panen pertama sekitar 57-77 hari, cocok 700-1800 mdpl, pH tanah 6.0-7.0, suhu ideal 18-25 C.",1
SKU-0127-10G,V0127,Benih Bawang Daun Cakra 63 (10 g),Sumber Panen,Bawang Daun,sayuran daun,Cakra 63,OP,,57,77,18,25,700,1800,100,180,6.0,7.0,lempung,baik,5,lahan|polybag|pot,20x15,30,10,2500,24500,133,2,konsumsi|jual,trips|bercak ungu,15.0-30.0,"Bawang Daun varietas Cakra 63. Panen pertama sekitar 57-77 hari, cocok 700-1800 mdpl, pH tanah 6.0-7.0, suhu ideal 18-25 C.",1
SKU-0128-5G,V0128,Benih Bawang Daun Mutiara 28 (5 g),Greenfield Seeds,Bawang Daun,sayuran daun,Mutiara 28,OP,tahan hujan,60,80,18,25,700,1800,100,260,6.0,7.0,lempung,sedang,5,lahan|polybag|pot,20x15,30,5,1250,13500,278,2,konsumsi|jual,trips|bercak ungu,15.0-30.0,"Bawang Daun varietas Mutiara 28. Panen pertama sekitar 60-80 hari, cocok 700-1800 mdpl, pH tanah 6.0-7.0, suhu ideal 18-25 C.",1
SKU-0128-10G,V0128,Benih Bawang Daun Mutiara 28 (10 g),Greenfield Seeds,Bawang Daun,sayuran daun,Mutiara 28,OP,tahan hujan,60,80,18,25,700,1800,100,260,6.0,7.0,lempung,sedang,5,lahan|polybag|pot,20x15,30,10,2500,24000,44,2,konsumsi|jual,trips|bercak ungu,15.0-30.0,"Bawang Daun varietas Mutiara 28. Panen pertama sekitar 60-80 hari, cocok 700-1800 mdpl, pH tanah 6.0-7.0, suhu ideal 18-25 C.",1
SKU-0129-5G,V0129,Benih Bawang Daun Permata 79 (5 g),Benih Nusantara,Bawang Daun,sayuran daun,Permata 79,OP,tahan panas,60,80,18,28,400,1800,100,180,6.0,7.0,lempung,baik,5,lahan|polybag|pot,20x15,30,5,1250,17000,192,2,konsumsi|jual,trips,15.0-30.0,"Bawang Daun varietas Permata 79. Panen pertama sekitar 60-80 hari, cocok 400-1800 mdpl, pH tanah 6.0-7.0, suhu ideal 18-28 C.",1
SKU-0129-10G,V0129,Benih Bawang Daun Permata 79 (10 g),Benih Nusantara,Bawang Daun,sayuran daun,Permata 79,OP,tahan panas,60,80,18,28,400,1800,100,180,6.0,7.0,lempung,baik,5,lahan|polybag|pot,20x15,30,10,2500,29500,186,2,konsumsi|jual,trips,15.0-30.0,"Bawang Daun varietas Permata 79. Panen pertama sekitar 60-80 hari, cocok 400-1800 mdpl, pH tanah 6.0-7.0, suhu ideal 18-28 C.",1
SKU-0130-5G,V0130,Benih Bawang Daun Anggun 94 (5 g),TaniMas,Bawang Daun,sayuran daun,Anggun 94,OP,dataran rendah,63,83,19,27,200,700,100,180,6.0,7.0,lempung,baik,5,lahan|polybag|pot,20x15,30,5,1250,15500,183,2,konsumsi|jual,trips|bercak ungu,15.0-30.0,"Bawang Daun varietas Anggun 94. Panen pertama sekitar 63-83 hari, cocok 200-700 mdpl, pH tanah 6.0-7.0, suhu ideal 19-27 C.",1
SKU-0130-10G,V0130,Benih Bawang Daun Anggun 94 (10 g),TaniMas,Bawang Daun,sayuran daun,Anggun 94,OP,dataran rendah,63,83,19,27,200,700,100,180,6.0,7.0,lempung,baik,5,lahan|polybag|pot,20x15,30,10,2500,27500,99,2,konsumsi|jual,trips|bercak ungu,15.0-30.0,"Bawang Daun varietas Anggun 94. Panen pertama sekitar 63-83 hari, cocok 200-700 mdpl, pH tanah 6.0-7.0, suhu ideal 19-27 C.",1
SKU-0131-5G,V0131,Benih Bawang Daun Dewi 97 (5 g),Sumber Panen,Bawang Daun,sayuran daun,Dewi 97,OP,genjah,53,70,18,25,700,1800,100,180,6.0,7.0,lempung,baik,5,lahan|polybag|pot,20x15,30,5,1250,15500,28,2,konsumsi|jual,,13.5-27.0,"Bawang Daun varietas Dewi 97. Panen pertama sekitar 53-70 hari, cocok 700-1800 mdpl, pH tanah 6.0-7.0, suhu ideal 18-25 C.",1
SKU-0131-10G,V0131,Benih Bawang Daun Dewi 97 (10 g),Sumber Panen,Bawang Daun,sayuran daun,Dewi 97,OP,genjah,53,70,18,25,700,1800,100,180,6.0,7.0,lempung,baik,5,lahan|polybag|pot,20x15,30,10,2500,27000,32,2,konsumsi|jual,,13.5-27.0,"Bawang Daun varietas Dewi 97. Panen pertama sekitar 53-70 hari, cocok 700-1800 mdpl, pH tanah 6.0-7.0, suhu ideal 18-25 C.",1
SKU-0132-5G,V0132,Benih Bawang Daun Sakti 35 (5 g),Benih Nusantara,Bawang Daun,sayuran daun,Sakti 35,OP,tahan kering,59,79,18,25,700,1800,70,140,6.0,7.0,lempung,baik,5,lahan|polybag|pot,20x15,30,5,1250,17000,395,2,konsumsi|jual,trips|bercak ungu,15.0-30.0,"Bawang Daun varietas Sakti 35. Panen pertama sekitar 59-79 hari, cocok 700-1800 mdpl, pH tanah 6.0-7.0, suhu ideal 18-25 C.",1
SKU-0132-10G,V0132,Benih Bawang Daun Sakti 35 (10 g),Benih Nusantara,Bawang Daun,sayuran daun,Sakti 35,OP,tahan kering,59,79,18,25,700,1800,70,140,6.0,7.0,lempung,baik,5,lahan|polybag|pot,20x15,30,10,2500,30000,156,2,konsumsi|jual,trips|bercak ungu,15.0-30.0,"Bawang Daun varietas Sakti 35. Panen pertama sekitar 59-79 hari, cocok 700-1800 mdpl, pH tanah 6.0-7.0, suhu ideal 18-25 C.",1
SKU-0133-10G,V0133,Benih Kailan Lestari 25 (10 g),BibitKu,Kailan,sayuran daun,Lestari 25,OP,,40,55,18,28,0,1500,100,200,6.0,7.0,lempung|lempung berpasir,sedang,5,lahan|polybag|pot|hidroponik,25x25,20,10,3000,9000,105,2,konsumsi|jual,,10.0-20.0,"Kailan varietas Lestari 25. Panen pertama sekitar 40-55 hari, cocok 0-1500 mdpl, pH tanah 6.0-7.0, suhu ideal 18-28 C.",1
SKU-0133-25G,V0133,Benih Kailan Lestari 25 (25 g),BibitKu,Kailan,sayuran daun,Lestari 25,OP,,40,55,18,28,0,1500,100,200,6.0,7.0,lempung|lempung berpasir,sedang,5,lahan|polybag|pot|hidroponik,25x25,20,25,7500,20000,264,2,konsumsi|jual,,10.0-20.0,"Kailan varietas Lestari 25. Panen pertama sekitar 40-55 hari, cocok 0-1500 mdpl, pH tanah 6.0-7.0, suhu ideal 18-28 C.",1
SKU-0134-10G,V0134,Benih Kailan Fajar 76 (10 g),Greenfield Seeds,Kailan,sayuran daun,Fajar 76,OP,tahan kering,43,58,18,28,0,1500,70,160,6.0,7.0,lempung|lempung berpasir,sedang,5,lahan|polybag|pot|hidroponik,25x25,20,10,3000,7500,160,2,konsumsi|jual,,10.0-20.0,"Kailan varietas Fajar 76. Panen pertama sekitar 43-58 hari, cocok 0-1500 mdpl, pH tanah 6.0-7.0, suhu ideal 18-28 C.",1
SKU-0134-25G,V0134,Benih Kailan Fajar 76 (25 g),Greenfield Seeds,Kailan,sayuran daun,Fajar 76,OP,tahan kering,43,58,18,28,0,1500,70,160,6.0,7.0,lempung|lempung berpasir,sedang,5,lahan|polybag|pot|hidroponik,25x25,20,25,7500,16000,50,2,konsumsi|jual,,10.0-20.0,"Kailan varietas Fajar 76. Panen pertama sekitar 43-58 hari, cocok 0-1500 mdpl, pH tanah 6.0-7.0, suhu ideal 18-28 C.",1
SKU-0135-10G,V0135,Benih Kailan Tirta 94 (10 g),Greenfield Seeds,Kailan,sayuran daun,Tirta 94,OP,genjah,33,46,18,28,0,1500,100,200,6.0,7.0,lempung|lempung berpasir,sedang,5,lahan|polybag|pot|hidroponik,25x25,20,10,3000,8000,238,2,konsumsi|jual,ulat tritip,9.0-18.0,"Kailan varietas Tirta 94. Panen pertama sekitar 33-46 hari, cocok 0-1500 mdpl, pH tanah 6.0-7.0, suhu ideal 18-28 C.",1
SKU-0135-25G,V0135,Benih Kailan Tirta 94 (25 g),Greenfield Seeds,Kailan,sayuran daun,Tirta 94,OP,genjah,33,46,18,28,0,1500,100,200,6.0,7.0,lempung|lempung berpasir,sedang,5,lahan|polybag|pot|hidroponik,25x25,20,25,7500,18000,0,2,konsumsi|jual,ulat tritip,9.0-18.0,"Kailan varietas Tirta 94. Panen pertama sekitar 33-46 hari, cocok 0-1500 mdpl, pH tanah 6.0-7.0, suhu ideal 18-28 C.",1
SKU-0136-10G,V0136,Benih Kailan Kartika 55 (10 g),Tani Jaya,Kailan,sayuran daun,Kartika 55,OP,kompak/cocok pot,39,54,18,28,0,1500,100,200,6.0,7.0,lempung|lempung berpasir,sedang,5,lahan|polybag|pot|hidroponik,25x25,30.0,10,3000,8500,217,2,konsumsi|jual,ulat tritip,6.0-12.0,"Kailan varietas Kartika 55. Panen pertama sekitar 39-54 hari, cocok 0-1500 mdpl, pH tanah 6.0-7.0, suhu ideal 18-28 C.",1
SKU-0136-25G,V0136,Benih Kailan Kartika 55 (25 g),Tani Jaya,Kailan,sayuran daun,Kartika 55,OP,kompak/cocok pot,39,54,18,28,0,1500,100,200,6.0,7.0,lempung|lempung berpasir,sedang,5,lahan|polybag|pot|hidroponik,25x25,30.0,25,7500,18500,420,2,konsumsi|jual,ulat tritip,6.0-12.0,"Kailan varietas Kartika 55. Panen pertama sekitar 39-54 hari, cocok 0-1500 mdpl, pH tanah 6.0-7.0, suhu ideal 18-28 C.",1
SKU-0137-10G,V0137,Benih Kailan Anggun 96 (10 g),Agro Subur,Kailan,sayuran daun,Anggun 96,OP,organik,37,52,18,28,0,1500,100,200,6.0,7.0,lempung|lempung berpasir,sedang,5,lahan|polybag|pot|hidroponik,25x25,20,10,3000,9500,0,2,konsumsi|jual,,10.0-20.0,"Kailan varietas Anggun 96. Panen pertama sekitar 37-52 hari, cocok 0-1500 mdpl, pH tanah 6.0-7.0, suhu ideal 18-28 C.",1
SKU-0137-25G,V0137,Benih Kailan Anggun 96 (25 g),Agro Subur,Kailan,sayuran daun,Anggun 96,OP,organik,37,52,18,28,0,1500,100,200,6.0,7.0,lempung|lempung berpasir,sedang,5,lahan|polybag|pot|hidroponik,25x25,20,25,7500,21500,408,2,konsumsi|jual,,10.0-20.0,"Kailan varietas Anggun 96. Panen pertama sekitar 37-52 hari, cocok 0-1500 mdpl, pH tanah 6.0-7.0, suhu ideal 18-28 C.",1
SKU-0138-10G,V0138,Benih Kailan Bintang 56 (10 g),BibitKu,Kailan,sayuran daun,Bintang 56,OP,dataran rendah,40,55,19,30,0,700,100,200,6.0,7.0,lempung|lempung berpasir,sedang,5,lahan|polybag|pot|hidroponik,25x25,20,10,3000,9000,237,2,konsumsi|jual,ulat tritip,10.0-20.0,"Kailan varietas Bintang 56. Panen pertama sekitar 40-55 hari, cocok 0-700 mdpl, pH tanah 6.0-7.0, suhu ideal 19-30 C.",1
SKU-0138-25G,V0138,Benih Kailan Bintang 56 (25 g),BibitKu,Kailan,sayuran daun,Bintang 56,OP,dataran rendah,40,55,19,30,0,700,100,200,6.0,7.0,lempung|lempung berpasir,sedang,5,lahan|polybag|pot|hidroponik,25x25,20,25,7500,20000,303,2,konsumsi|jual,ulat tritip,10.0-20.0,"Kailan varietas Bintang 56. Panen pertama sekitar 40-55 hari, cocok 0-700 mdpl, pH tanah 6.0-7.0, suhu ideal 19-30 C.",1
SKU-0139-5G,V0139,Benih Kubis Cakra 24 (5 g),Benih Nusantara,Kubis,sayuran daun,Cakra 24,OP,,72,92,15,22,800,2000,100,200,6.0,6.8,lempung|liat berlempung,sedang,6,lahan|polybag,50x40,4,5,1250,16500,370,2,jual|keduanya,ulat kubis|akar gada,30.0-60.0,"Kubis varietas Cakra 24. Panen pertama sekitar 72-92 hari, cocok 800-2000 mdpl, pH tanah 6.0-6.8, suhu ideal 15-22 C.",1
SKU-0139-10G,V0139,Benih Kubis Cakra 24 (10 g),Benih Nusantara,Kubis,sayuran daun,Cakra 24,OP,,72,92,15,22,800,2000,100,200,6.0,6.8,lempung|liat berlempung,sedang,6,lahan|polybag,50x40,4,10,2500,29000,323,2,jual|keduanya,ulat kubis|akar gada,30.0-60.0,"Kubis varietas Cakra 24. Panen pertama sekitar 72-92 hari, cocok 800-2000 mdpl, pH tanah 6.0-6.8, suhu ideal 15-22 C.",1
SKU-0140-5G,V0140,Benih Kubis Nusa 98 (5 g),Sumber Panen,Kubis,sayuran daun,Nusa 98,OP,dataran rendah,68,88,16,24,300,700,100,200,6.0,6.8,lempung|liat berlempung,sedang,6,lahan|polybag,50x40,4,5,1250,16500,237,2,jual|keduanya,ulat kubis|akar gada,30.0-60.0,"Kubis varietas Nusa 98. Panen pertama sekitar 68-88 hari, cocok 300-700 mdpl, pH tanah 6.0-6.8, suhu ideal 16-24 C.",1
SKU-0140-10G,V0140,Benih Kubis Nusa 98 (10 g),Sumber Panen,Kubis,sayuran daun,Nusa 98,OP,dataran rendah,68,88,16,24,300,700,100,200,6.0,6.8,lempung|liat berlempung,sedang,6,lahan|polybag,50x40,4,10,2500,28500,424,2,jual|keduanya,ulat kubis|akar gada,30.0-60.0,"Kubis varietas Nusa 98. Panen pertama sekitar 68-88 hari, cocok 300-700 mdpl, pH tanah 6.0-6.8, suhu ideal 16-24 C.",1
SKU-0141-5G,V0141,Benih Kubis Samudra 50 (5 g),BibitKu,Kubis,sayuran daun,Samudra 50,OP,tahan kering,72,92,15,22,800,2000,70,160,6.0,6.8,lempung|liat berlempung,sedang,6,lahan|polybag,50x40,4,5,1250,16000,484,2,jual|keduanya,,30.0-60.0,"Kubis varietas Samudra 50. Panen pertama sekitar 72-92 hari, cocok 800-2000 mdpl, pH tanah 6.0-6.8, suhu ideal 15-22 C.",1
SKU-0141-10G,V0141,Benih Kubis Samudra 50 (10 g),BibitKu,Kubis,sayuran daun,Samudra 50,OP,tahan kering,72,92,15,22,800,2000,70,160,6.0,6.8,lempung|liat berlempung,sedang,6,lahan|polybag,50x40,4,10,2500,28000,99,2,jual|keduanya,,30.0-60.0,"Kubis varietas Samudra 50. Panen pertama sekitar 72-92 hari, cocok 800-2000 mdpl, pH tanah 6.0-6.8, suhu ideal 15-22 C.",1
SKU-0142-5G,V0142,Benih Kubis Sakti 56 (5 g),Kebun Lestari,Kubis,sayuran daun,Sakti 56,OP,tahan panas,67,87,15,25,500,2000,100,200,6.0,6.8,lempung|liat berlempung,sedang,6,lahan|polybag,50x40,4,5,1250,20000,194,2,jual|keduanya,ulat kubis|akar gada,30.0-60.0,"Kubis varietas Sakti 56. Panen pertama sekitar 67-87 hari, cocok 500-2000 mdpl, pH tanah 6.0-6.8, suhu ideal 15-25 C.",1
SKU-0142-10G,V0142,Benih Kubis Sakti 56 (10 g),Kebun Lestari,Kubis,sayuran daun,Sakti 56,OP,tahan panas,67,87,15,25,500,2000,100,200,6.0,6.8,lempung|liat berlempung,sedang,6,lahan|polybag,50x40,4,10,2500,35500,198,2,jual|keduanya,ulat kubis|akar gada,30.0-60.0,"Kubis varietas Sakti 56. Panen pertama sekitar 67-87 hari, cocok 500-2000 mdpl, pH tanah 6.0-6.8, suhu ideal 15-25 C.",1
SKU-0143-5G,V0143,Benih Kubis Arjuna 80 (5 g),Agro Subur,Kubis,sayuran daun,Arjuna 80,OP,organik,71,91,15,22,800,2000,100,200,6.0,6.8,lempung|liat berlempung,sedang,6,lahan|polybag,50x40,4,5,1250,25500,220,2,jual|keduanya,,30.0-60.0,"Kubis varietas Arjuna 80. Panen pertama sekitar 71-91 hari, cocok 800-2000 mdpl, pH tanah 6.0-6.8, suhu ideal 15-22 C.",1
SKU-0143-10G,V0143,Benih Kubis Arjuna 80 (10 g),Agro Subur,Kubis,sayuran daun,Arjuna 80,OP,organik,71,91,15,22,800,2000,100,200,6.0,6.8,lempung|liat berlempung,sedang,6,lahan|polybag,50x40,4,10,2500,45000,431,2,jual|keduanya,,30.0-60.0,"Kubis varietas Arjuna 80. Panen pertama sekitar 71-91 hari, cocok 800-2000 mdpl, pH tanah 6.0-6.8, suhu ideal 15-22 C.",1
SKU-0144-5G,V0144,Benih Kubis Rajawali 19 F1 (5 g),Agro Subur,Kubis,sayuran daun,Rajawali 19 F1,F1,hibrida,69,89,15,22,800,2000,100,200,6.0,6.8,lempung|liat berlempung,sedang,6,lahan|polybag,50x40,4,5,1250,33500,409,2,jual|keduanya,ulat kubis|akar gada,37.5-75.0,"Kubis varietas Rajawali 19 F1. Panen pertama sekitar 69-89 hari, cocok 800-2000 mdpl, pH tanah 6.0-6.8, suhu ideal 15-22 C.",1
SKU-0144-10G,V0144,Benih Kubis Rajawali 19 F1 (10 g),Agro Subur,Kubis,sayuran daun,Rajawali 19 F1,F1,hibrida,69,89,15,22,800,2000,100,200,6.0,6.8,lempung|liat berlempung,sedang,6,lahan|polybag,50x40,4,10,2500,59000,310,2,jual|keduanya,ulat kubis|akar gada,37.5-75.0,"Kubis varietas Rajawali 19 F1. Panen pertama sekitar 69-89 hari, cocok 800-2000 mdpl, pH tanah 6.0-6.8, suhu ideal 15-22 C.",1
SKU-0145-5G,V0145,Benih Kembang Kol Dewi 25 (5 g),Agro Subur,Kembang Kol,sayuran daun,Dewi 25,OP,,59,79,15,21,800,2000,100,200,6.0,6.8,lempung|liat berlempung,sedang,6,lahan,50x50,4,5,1500,21000,468,3,jual,ulat kubis|busuk hitam,20.0-35.0,"Kembang Kol varietas Dewi 25. Panen pertama sekitar 59-79 hari, cocok 800-2000 mdpl, pH tanah 6.0-6.8, suhu ideal 15-21 C.",1
SKU-0145-10G,V0145,Benih Kembang Kol Dewi 25 (10 g),Agro Subur,Kembang Kol,sayuran daun,Dewi 25,OP,,59,79,15,21,800,2000,100,200,6.0,6.8,lempung|liat berlempung,sedang,6,lahan,50x50,4,10,3000,37500,50,3,jual,ulat kubis|busuk hitam,20.0-35.0,"Kembang Kol varietas Dewi 25. Panen pertama sekitar 59-79 hari, cocok 800-2000 mdpl, pH tanah 6.0-6.8, suhu ideal 15-21 C.",1
SKU-0146-5G,V0146,Benih Kembang Kol Lestari 35 (5 g),Greenfield Seeds,Kembang Kol,sayuran daun,Lestari 35,OP,dataran rendah,58,78,16,23,300,700,100,200,6.0,6.8,lempung|liat berlempung,sedang,6,lahan,50x50,4,5,1500,24000,313,3,jual,ulat kubis|busuk hitam,20.0-35.0,"Kembang Kol varietas Lestari 35. Panen pertama sekitar 58-78 hari, cocok 300-700 mdpl, pH tanah 6.0-6.8, suhu ideal 16-23 C.",1
SKU-0146-10G,V0146,Benih Kembang Kol Lestari 35 (10 g),Greenfield Seeds,Kembang Kol,sayuran daun,Lestari 35,OP,dataran rendah,58,78,16,23,300,700,100,200,6.0,6.8,lempung|liat berlempung,sedang,6,lahan,50x50,4,10,3000,42000,88,3,jual,ulat kubis|busuk hitam,20.0-35.0,"Kembang Kol varietas Lestari 35. Panen pertama sekitar 58-78 hari, cocok 300-700 mdpl, pH tanah 6.0-6.8, suhu ideal 16-23 C.",1
SKU-0147-5G,V0147,Benih Kembang Kol Rimba 94 (5 g),BibitKu,Kembang Kol,sayuran daun,Rimba 94,OP,organik,63,83,15,21,800,2000,100,200,6.0,6.8,lempung|liat berlempung,sedang,6,lahan,50x50,4,5,1500,33000,404,3,jual,ulat kubis|busuk hitam,20.0-35.0,"Kembang Kol varietas Rimba 94. Panen pertama sekitar 63-83 hari, cocok 800-2000 mdpl, pH tanah 6.0-6.8, suhu ideal 15-21 C.",1
SKU-0147-10G,V0147,Benih Kembang Kol Rimba 94 (10 g),BibitKu,Kembang Kol,sayuran daun,Rimba 94,OP,organik,63,83,15,21,800,2000,100,200,6.0,6.8,lempung|liat berlempung,sedang,6,lahan,50x50,4,10,3000,58000,343,3,jual,ulat kubis|busuk hitam,20.0-35.0,"Kembang Kol varietas Rimba 94. Panen pertama sekitar 63-83 hari, cocok 800-2000 mdpl, pH tanah 6.0-6.8, suhu ideal 15-21 C.",1
SKU-0148-5G,V0148,Benih Kembang Kol Pelangi 83 (5 g),Tani Jaya,Kembang Kol,sayuran daun,Pelangi 83,OP,tahan panas,61,81,15,24,500,2000,100,200,6.0,6.8,lempung|liat berlempung,sedang,6,lahan,50x50,4,5,1500,24000,257,3,jual,ulat kubis|busuk hitam,20.0-35.0,"Kembang Kol varietas Pelangi 83. Panen pertama sekitar 61-81 hari, cocok 500-2000 mdpl, pH tanah 6.0-6.8, suhu ideal 15-24 C.",1
SKU-0148-10G,V0148,Benih Kembang Kol Pelangi 83 (10 g),Tani Jaya,Kembang Kol,sayuran daun,Pelangi 83,OP,tahan panas,61,81,15,24,500,2000,100,200,6.0,6.8,lempung|liat berlempung,sedang,6,lahan,50x50,4,10,3000,42000,423,3,jual,ulat kubis|busuk hitam,20.0-35.0,"Kembang Kol varietas Pelangi 83. Panen pertama sekitar 61-81 hari, cocok 500-2000 mdpl, pH tanah 6.0-6.8, suhu ideal 15-24 C.",1
SKU-0149-5G,V0149,Benih Kembang Kol Samudra 61 (5 g),Greenfield Seeds,Kembang Kol,sayuran daun,Samudra 61,OP,tahan hujan,60,80,15,21,800,2000,100,280,6.0,6.8,lempung|liat berlempung,sedang,6,lahan,50x50,4,5,1500,20500,320,3,jual,ulat kubis,20.0-35.0,"Kembang Kol varietas Samudra 61. Panen pertama sekitar 60-80 hari, cocok 800-2000 mdpl, pH tanah 6.0-6.8, suhu ideal 15-21 C.",1
SKU-0149-10G,V0149,Benih Kembang Kol Samudra 61 (10 g),Greenfield Seeds,Kembang Kol,sayuran daun,Samudra 61,OP,tahan hujan,60,80,15,21,800,2000,100,280,6.0,6.8,lempung|liat berlempung,sedang,6,lahan,50x50,4,10,3000,36500,451,3,jual,ulat kubis,20.0-35.0,"Kembang Kol varietas Samudra 61. Panen pertama sekitar 60-80 hari, cocok 800-2000 mdpl, pH tanah 6.0-6.8, suhu ideal 15-21 C.",1
SKU-0150-5G,V0150,Benih Kembang Kol Mutiara 50 (5 g),BibitKu,Kembang Kol,sayuran daun,Mutiara 50,OP,genjah,51,68,15,21,800,2000,100,200,6.0,6.8,lempung|liat berlempung,sedang,6,lahan,50x50,4,5,1500,21000,146,3,jual,ulat kubis|busuk hitam,18.0-31.5,"Kembang Kol varietas Mutiara 50. Panen pertama sekitar 51-68 hari, cocok 800-2000 mdpl, pH tanah 6.0-6.8, suhu ideal 15-21 C.",1
SKU-0150-10G,V0150,Benih Kembang Kol Mutiara 50 (10 g),BibitKu,Kembang Kol,sayuran daun,Mutiara 50,OP,genjah,51,68,15,21,800,2000,100,200,6.0,6.8,lempung|liat berlempung,sedang,6,lahan,50x50,4,10,3000,37000,82,3,jual,ulat kubis|busuk hitam,18.0-31.5,"Kembang Kol varietas Mutiara 50. Panen pertama sekitar 51-68 hari, cocok 800-2000 mdpl, pH tanah 6.0-6.8, suhu ideal 15-21 C.",1
SKU-0151-5G,V0151,Benih Brokoli Bima 41 (5 g),Agro Subur,Brokoli,sayuran daun,Bima 41,OP,,73,93,15,22,800,2000,100,200,6.0,7.0,lempung|liat berlempung,sedang,6,lahan|polybag,50x50,4,5,1500,27000,273,3,jual|keduanya,,15.0-25.0,"Brokoli varietas Bima 41. Panen pertama sekitar 73-93 hari, cocok 800-2000 mdpl, pH tanah 6.0-7.0, suhu ideal 15-22 C.",1
SKU-0151-10G,V0151,Benih Brokoli Bima 41 (10 g),Agro Subur,Brokoli,sayuran daun,Bima 41,OP,,73,93,15,22,800,2000,100,200,6.0,7.0,lempung|liat berlempung,sedang,6,lahan|polybag,50x50,4,10,3000,47500,460,3,jual|keduanya,,15.0-25.0,"Brokoli varietas Bima 41. Panen pertama sekitar 73-93 hari, cocok 800-2000 mdpl, pH tanah 6.0-7.0, suhu ideal 15-22 C.",1
SKU-0152-5G,V0152,Benih Brokoli Nusa 73 (5 g),Benih Nusantara,Brokoli,sayuran daun,Nusa 73,OP,dataran tinggi,67,87,13,20,800,2400,100,200,6.0,7.0,lempung|liat berlempung,sedang,6,lahan|polybag,50x50,4,5,1500,31000,35,3,jual|keduanya,ulat kubis|busuk hitam,15.0-25.0,"Brokoli varietas Nusa 73. Panen pertama sekitar 67-87 hari, cocok 800-2400 mdpl, pH tanah 6.0-7.0, suhu ideal 13-20 C.",1
SKU-0152-10G,V0152,Benih Brokoli Nusa 73 (10 g),Benih Nusantara,Brokoli,sayuran daun,Nusa 73,OP,dataran tinggi,67,87,13,20,800,2400,100,200,6.0,7.0,lempung|liat berlempung,sedang,6,lahan|polybag,50x50,4,10,3000,55000,315,3,jual|keduanya,ulat kubis|busuk hitam,15.0-25.0,"Brokoli varietas Nusa 73. Panen pertama sekitar 67-87 hari, cocok 800-2400 mdpl, pH tanah 6.0-7.0, suhu ideal 13-20 C.",1
SKU-0153-5G,V0153,Benih Brokoli Dewi 93 (5 g),Sumber Panen,Brokoli,sayuran daun,Dewi 93,OP,genjah,59,75,15,22,800,2000,100,200,6.0,7.0,lempung|liat berlempung,sedang,6,lahan|polybag,50x50,4,5,1500,28500,382,3,jual|keduanya,ulat kubis|busuk hitam,13.5-22.5,"Brokoli varietas Dewi 93. Panen pertama sekitar 59-75 hari, cocok 800-2000 mdpl, pH tanah 6.0-7.0, suhu ideal 15-22 C.",1
SKU-0153-10G,V0153,Benih Brokoli Dewi 93 (10 g),Sumber Panen,Brokoli,sayuran daun,Dewi 93,OP,genjah,59,75,15,22,800,2000,100,200,6.0,7.0,lempung|liat berlempung,sedang,6,lahan|polybag,50x50,4,10,3000,50000,216,3,jual|keduanya,ulat kubis|busuk hitam,13.5-22.5,"Brokoli varietas Dewi 93. Panen pertama sekitar 59-75 hari, cocok 800-2000 mdpl, pH tanah 6.0-7.0, suhu ideal 15-22 C.",1
SKU-0154-5G,V0154,Benih Brokoli Fajar 15 (5 g),Tani Jaya,Brokoli,sayuran daun,Fajar 15,OP,dataran rendah,67,87,16,24,300,700,100,200,6.0,7.0,lempung|liat berlempung,sedang,6,lahan|polybag,50x50,4,5,1500,28500,401,3,jual|keduanya,ulat kubis|busuk hitam,15.0-25.0,"Brokoli varietas Fajar 15. Panen pertama sekitar 67-87 hari, cocok 300-700 mdpl, pH tanah 6.0-7.0, suhu ideal 16-24 C.",1
SKU-0154-10G,V0154,Benih Brokoli Fajar 15 (10 g),Tani Jaya,Brokoli,sayuran daun,Fajar 15,OP,dataran rendah,67,87,16,24,300,700,100,200,6.0,7.0,lempung|liat berlempung,sedang,6,lahan|polybag,50x50,4,10,3000,50500,432,3,jual|keduanya,ulat kubis|busuk hitam,15.0-25.0,"Brokoli varietas Fajar 15. Panen pertama sekitar 67-87 hari, cocok 300-700 mdpl, pH tanah 6.0-7.0, suhu ideal 16-24 C.",1
SKU-0155-5G,V0155,Benih Brokoli Intan 97 (5 g),TaniMas,Brokoli,sayuran daun,Intan 97,OP,tahan panas,68,88,15,25,500,2000,100,200,6.0,7.0,lempung|liat berlempung,sedang,6,lahan|polybag,50x50,4,5,1500,31500,396,3,jual|keduanya,ulat kubis|busuk hitam,15.0-25.0,"Brokoli varietas Intan 97. Panen pertama sekitar 68-88 hari, cocok 500-2000 mdpl, pH tanah 6.0-7.0, suhu ideal 15-25 C.",1
SKU-0155-10G,V0155,Benih Brokoli Intan 97 (10 g),TaniMas,Brokoli,sayuran daun,Intan 97,OP,tahan panas,68,88,15,25,500,2000,100,200,6.0,7.0,lempung|liat berlempung,sedang,6,lahan|polybag,50x50,4,10,3000,55500,318,3,jual|keduanya,ulat kubis|busuk hitam,15.0-25.0,"Brokoli varietas Intan 97. Panen pertama sekitar 68-88 hari, cocok 500-2000 mdpl, pH tanah 6.0-7.0, suhu ideal 15-25 C.",1
SKU-0156-5G,V0156,Benih Brokoli Permata 61 (5 g),Benih Nusantara,Brokoli,sayuran daun,Permata 61,OP,tahan hujan,67,87,15,22,800,2000,100,280,6.0,7.0,lempung|liat berlempung,sedang,6,lahan|polybag,50x50,4,5,1500,25000,86,3,jual|keduanya,,15.0-25.0,"Brokoli varietas Permata 61. Panen pertama sekitar 67-87 hari, cocok 800-2000 mdpl, pH tanah 6.0-7.0, suhu ideal 15-22 C.",1
SKU-0156-10G,V0156,Benih Brokoli Permata 61 (10 g),Benih Nusantara,Brokoli,sayuran daun,Permata 61,OP,tahan hujan,67,87,15,22,800,2000,100,280,6.0,7.0,lempung|liat berlempung,sedang,6,lahan|polybag,50x50,4,10,3000,44000,273,3,jual|keduanya,,15.0-25.0,"Brokoli varietas Permata 61. Panen pertama sekitar 67-87 hari, cocok 800-2000 mdpl, pH tanah 6.0-7.0, suhu ideal 15-22 C.",1
SKU-0157-10G,V0157,Benih Wortel Cempaka 88 (10 g),Greenfield Seeds,Wortel,sayuran umbi,Cempaka 88,OP,,76,101,16,22,700,1800,80,160,6.0,6.8,lempung berpasir|lempung,baik,6,lahan|pot,20x10,100,10,7000,17500,163,2,konsumsi|jual,nematoda|bercak daun,20.0-35.0,"Wortel varietas Cempaka 88. Panen pertama sekitar 76-101 hari, cocok 700-1800 mdpl, pH tanah 6.0-6.8, suhu ideal 16-22 C.",1
SKU-0157-25G,V0157,Benih Wortel Cempaka 88 (25 g),Greenfield Seeds,Wortel,sayuran umbi,Cempaka 88,OP,,76,101,16,22,700,1800,80,160,6.0,6.8,lempung berpasir|lempung,baik,6,lahan|pot,20x10,100,25,17500,39000,18,2,konsumsi|jual,nematoda|bercak daun,20.0-35.0,"Wortel varietas Cempaka 88. Panen pertama sekitar 76-101 hari, cocok 700-1800 mdpl, pH tanah 6.0-6.8, suhu ideal 16-22 C.",1
SKU-0157-50G,V0157,Benih Wortel Cempaka 88 (50 g),Greenfield Seeds,Wortel,sayuran umbi,Cempaka 88,OP,,76,101,16,22,700,1800,80,160,6.0,6.8,lempung berpasir|lempung,baik,6,lahan|pot,20x10,100,50,35000,68500,354,2,konsumsi|jual,nematoda|bercak daun,20.0-35.0,"Wortel varietas Cempaka 88. Panen pertama sekitar 76-101 hari, cocok 700-1800 mdpl, pH tanah 6.0-6.8, suhu ideal 16-22 C.",1
SKU-0158-10G,V0158,Benih Wortel Kencana 63 (10 g),Greenfield Seeds,Wortel,sayuran umbi,Kencana 63,OP,dataran rendah,78,103,17,24,200,700,80,160,6.0,6.8,lempung berpasir|lempung,baik,6,lahan|pot,20x10,100,10,7000,20000,145,2,konsumsi|jual,nematoda|bercak daun,20.0-35.0,"Wortel varietas Kencana 63. Panen pertama sekitar 78-103 hari, cocok 200-700 mdpl, pH tanah 6.0-6.8, suhu ideal 17-24 C.",1
SKU-0158-25G,V0158,Benih Wortel Kencana 63 (25 g),Greenfield Seeds,Wortel,sayuran umbi,Kencana 63,OP,dataran rendah,78,103,17,24,200,700,80,160,6.0,6.8,lempung berpasir|lempung,baik,6,lahan|pot,20x10,100,25,17500,44500,410,2,konsumsi|jual,nematoda|bercak daun,20.0-35.0,"Wortel varietas Kencana 63. Panen pertama sekitar 78-103 hari, cocok 200-700 mdpl, pH tanah 6.0-6.8, suhu ideal 17-24 C.",1
SKU-0158-50G,V0158,Benih Wortel Kencana 63 (50 g),Greenfield Seeds,Wortel,sayuran umbi,Kencana 63,OP,dataran rendah,78,103,17,24,200,700,80,160,6.0,6.8,lempung berpasir|lempung,baik,6,lahan|pot,20x10,100,50,35000,78500,306,2,konsumsi|jual,nematoda|bercak daun,20.0-35.0,"Wortel varietas Kencana 63. Panen pertama sekitar 78-103 hari, cocok 200-700 mdpl, pH tanah 6.0-6.8, suhu ideal 17-24 C.",1
SKU-0159-10G,V0159,Benih Wortel Rajawali 39 (10 g),Benih Nusantara,Wortel,sayuran umbi,Rajawali 39,OP,tahan kering,76,101,16,22,700,1800,50,120,6.0,6.8,lempung berpasir|lempung,baik,6,lahan|pot,20x10,100,10,7000,18500,430,2,konsumsi|jual,,20.0-35.0,"Wortel varietas Rajawali 39. Panen pertama sekitar 76-101 hari, cocok 700-1800 mdpl, pH tanah 6.0-6.8, suhu ideal 16-22 C.",1
SKU-0159-25G,V0159,Benih Wortel Rajawali 39 (25 g),Benih Nusantara,Wortel,sayuran umbi,Rajawali 39,OP,tahan kering,76,101,16,22,700,1800,50,120,6.0,6.8,lempung berpasir|lempung,baik,6,lahan|pot,20x10,100,25,17500,40500,26,2,konsumsi|jual,,20.0-35.0,"Wortel varietas Rajawali 39. Panen pertama sekitar 76-101 hari, cocok 700-1800 mdpl, pH tanah 6.0-6.8, suhu ideal 16-22 C.",1
SKU-0159-50G,V0159,Benih Wortel Rajawali 39 (50 g),Benih Nusantara,Wortel,sayuran umbi,Rajawali 39,OP,tahan kering,76,101,16,22,700,1800,50,120,6.0,6.8,lempung berpasir|lempung,baik,6,lahan|pot,20x10,100,50,35000,71000,368,2,konsumsi|jual,,20.0-35.0,"Wortel varietas Rajawali 39. Panen pertama sekitar 76-101 hari, cocok 700-1800 mdpl, pH tanah 6.0-6.8, suhu ideal 16-22 C.",1
SKU-0160-10G,V0160,Benih Wortel Pelangi 12 (10 g),Sumber Panen,Wortel,sayuran umbi,Pelangi 12,OP,tahan hujan,74,99,16,22,700,1800,80,240,6.0,6.8,lempung berpasir|lempung,sedang,6,lahan|pot,20x10,100,10,7000,18000,251,2,konsumsi|jual,nematoda,20.0-35.0,"Wortel varietas Pelangi 12. Panen pertama sekitar 74-99 hari, cocok 700-1800 mdpl, pH tanah 6.0-6.8, suhu ideal 16-22 C.",1
SKU-0160-25G,V0160,Benih Wortel Pelangi 12 (25 g),Sumber Panen,Wortel,sayuran umbi,Pelangi 12,OP,tahan hujan,74,99,16,22,700,1800,80,240,6.0,6.8,lempung berpasir|lempung,sedang,6,lahan|pot,20x10,100,25,17500,40000,386,2,konsumsi|jual,nematoda,20.0-35.0,"Wortel varietas Pelangi 12. Panen pertama sekitar 74-99 hari, cocok 700-1800 mdpl, pH tanah 6.0-6.8, suhu ideal 16-22 C.",1
SKU-0160-50G,V0160,Benih Wortel Pelangi 12 (50 g),Sumber Panen,Wortel,sayuran umbi,Pelangi 12,OP,tahan hujan,74,99,16,22,700,1800,80,240,6.0,6.8,lempung berpasir|lempung,sedang,6,lahan|pot,20x10,100,50,35000,70000,371,2,konsumsi|jual,nematoda,20.0-35.0,"Wortel varietas Pelangi 12. Panen pertama sekitar 74-99 hari, cocok 700-1800 mdpl, pH tanah 6.0-6.8, suhu ideal 16-22 C.",1
SKU-0161-10G,V0161,Benih Wortel Gading 76 (10 g),Kebun Lestari,Wortel,sayuran umbi,Gading 76,OP,organik,76,101,16,22,700,1800,80,160,6.0,6.8,lempung berpasir|lempung,baik,6,lahan|pot,20x10,100,10,7000,23000,98,2,konsumsi|jual,nematoda|bercak daun,20.0-35.0,"Wortel varietas Gading 76. Panen pertama sekitar 76-101 hari, cocok 700-1800 mdpl, pH tanah 6.0-6.8, suhu ideal 16-22 C.",1
SKU-0161-25G,V0161,Benih Wortel Gading 76 (25 g),Kebun Lestari,Wortel,sayuran umbi,Gading 76,OP,organik,76,101,16,22,700,1800,80,160,6.0,6.8,lempung berpasir|lempung,baik,6,lahan|pot,20x10,100,25,17500,50500,282,2,konsumsi|jual,nematoda|bercak daun,20.0-35.0,"Wortel varietas Gading 76. Panen pertama sekitar 76-101 hari, cocok 700-1800 mdpl, pH tanah 6.0-6.8, suhu ideal 16-22 C.",1
SKU-0161-50G,V0161,Benih Wortel Gading 76 (50 g),Kebun Lestari,Wortel,sayuran umbi,Gading 76,OP,organik,76,101,16,22,700,1800,80,160,6.0,6.8,lempung berpasir|lempung,baik,6,lahan|pot,20x10,100,50,35000,89000,191,2,konsumsi|jual,nematoda|bercak daun,20.0-35.0,"Wortel varietas Gading 76. Panen pertama sekitar 76-101 hari, cocok 700-1800 mdpl, pH tanah 6.0-6.8, suhu ideal 16-22 C.",1
SKU-0162-10G,V0162,Benih Wortel Samudra 97 (10 g),Greenfield Seeds,Wortel,sayuran umbi,Samudra 97,OP,dataran tinggi,76,101,14,20,700,2200,80,160,6.0,6.8,lempung berpasir|lempung,baik,6,lahan|pot,20x10,100,10,7000,18500,492,2,konsumsi|jual,nematoda|bercak daun,20.0-35.0,"Wortel varietas Samudra 97. Panen pertama sekitar 76-101 hari, cocok 700-2200 mdpl, pH tanah 6.0-6.8, suhu ideal 14-20 C.",1
SKU-0162-25G,V0162,Benih Wortel Samudra 97 (25 g),Greenfield Seeds,Wortel,sayuran umbi,Samudra 97,OP,dataran tinggi,76,101,14,20,700,2200,80,160,6.0,6.8,lempung berpasir|lempung,baik,6,lahan|pot,20x10,100,25,17500,40500,162,2,konsumsi|jual,nematoda|bercak daun,20.0-35.0,"Wortel varietas Samudra 97. Panen pertama sekitar 76-101 hari, cocok 700-2200 mdpl, pH tanah 6.0-6.8, suhu ideal 14-20 C.",1
SKU-0162-50G,V0162,Benih Wortel Samudra 97 (50 g),Greenfield Seeds,Wortel,sayuran umbi,Samudra 97,OP,dataran tinggi,76,101,14,20,700,2200,80,160,6.0,6.8,lempung berpasir|lempung,baik,6,lahan|pot,20x10,100,50,35000,71000,370,2,konsumsi|jual,nematoda|bercak daun,20.0-35.0,"Wortel varietas Samudra 97. Panen pertama sekitar 76-101 hari, cocok 700-2200 mdpl, pH tanah 6.0-6.8, suhu ideal 14-20 C.",1
SKU-0163-10G,V0163,Benih Lobak Garuda 45 (10 g),Greenfield Seeds,Lobak,sayuran umbi,Garuda 45,OP,,42,57,15,25,300,1500,80,160,6.0,6.8,lempung berpasir|lempung,baik,6,lahan|polybag|pot,20x15,40,10,1000,7500,405,1,konsumsi|jual,kutu daun|ulat daun,15.0-30.0,"Lobak varietas Garuda 45. Panen pertama sekitar 42-57 hari, cocok 300-1500 mdpl, pH tanah 6.0-6.8, suhu ideal 15-25 C.",1
SKU-0163-25G,V0163,Benih Lobak Garuda 45 (25 g),Greenfield Seeds,Lobak,sayuran umbi,Garuda 45,OP,,42,57,15,25,300,1500,80,160,6.0,6.8,lempung berpasir|lempung,baik,6,lahan|polybag|pot,20x15,40,25,2500,16000,158,1,konsumsi|jual,kutu daun|ulat daun,15.0-30.0,"Lobak varietas Garuda 45. Panen pertama sekitar 42-57 hari, cocok 300-1500 mdpl, pH tanah 6.0-6.8, suhu ideal 15-25 C.",1
SKU-0163-50G,V0163,Benih Lobak Garuda 45 (50 g),Greenfield Seeds,Lobak,sayuran umbi,Garuda 45,OP,,42,57,15,25,300,1500,80,160,6.0,6.8,lempung berpasir|lempung,baik,6,lahan|polybag|pot,20x15,40,50,5000,28500,0,1,konsumsi|jual,kutu daun|ulat daun,15.0-30.0,"Lobak varietas Garuda 45. Panen pertama sekitar 42-57 hari, cocok 300-1500 mdpl, pH tanah 6.0-6.8, suhu ideal 15-25 C.",1
SKU-0164-10G,V0164,Benih Lobak Mutiara 20 (10 g),BibitKu,Lobak,sayuran umbi,Mutiara 20,OP,tahan panas,45,60,15,28,0,1500,80,160,6.0,6.8,lempung berpasir|lempung,baik,6,lahan|polybag|pot,20x15,40,10,1000,7500,148,1,konsumsi|jual,kutu daun|ulat daun,15.0-30.0,"Lobak varietas Mutiara 20. Panen pertama sekitar 45-60 hari, cocok 0-1500 mdpl, pH tanah 6.0-6.8, suhu ideal 15-28 C.",1
SKU-0164-25G,V0164,Benih Lobak Mutiara 20 (25 g),BibitKu,Lobak,sayuran umbi,Mutiara 20,OP,tahan panas,45,60,15,28,0,1500,80,160,6.0,6.8,lempung berpasir|lempung,baik,6,lahan|polybag|pot,20x15,40,25,2500,16500,366,1,konsumsi|jual,kutu daun|ulat daun,15.0-30.0,"Lobak varietas Mutiara 20. Panen pertama sekitar 45-60 hari, cocok 0-1500 mdpl, pH tanah 6.0-6.8, suhu ideal 15-28 C.",1
SKU-0164-50G,V0164,Benih Lobak Mutiara 20 (50 g),BibitKu,Lobak,sayuran umbi,Mutiara 20,OP,tahan panas,45,60,15,28,0,1500,80,160,6.0,6.8,lempung berpasir|lempung,baik,6,lahan|polybag|pot,20x15,40,50,5000,29000,65,1,konsumsi|jual,kutu daun|ulat daun,15.0-30.0,"Lobak varietas Mutiara 20. Panen pertama sekitar 45-60 hari, cocok 0-1500 mdpl, pH tanah 6.0-6.8, suhu ideal 15-28 C.",1
SKU-0165-10G,V0165,Benih Lobak Intan 85 F1 (10 g),Kebun Lestari,Lobak,sayuran umbi,Intan 85 F1,F1,hibrida,43,58,15,25,300,1500,80,160,6.0,6.8,lempung berpasir|lempung,baik,6,lahan|polybag|pot,20x15,40,10,1000,11500,251,1,konsumsi|jual,kutu daun,18.8-37.5,"Lobak varietas Intan 85 F1. Panen pertama sekitar 43-58 hari, cocok 300-1500 mdpl, pH tanah 6.0-6.8, suhu ideal 15-25 C.",1
SKU-0165-25G,V0165,Benih Lobak Intan 85 F1 (25 g),Kebun Lestari,Lobak,sayuran umbi,Intan 85 F1,F1,hibrida,43,58,15,25,300,1500,80,160,6.0,6.8,lempung berpasir|lempung,baik,6,lahan|polybag|pot,20x15,40,25,2500,25500,404,1,konsumsi|jual,kutu daun,18.8-37.5,"Lobak varietas Intan 85 F1. Panen pertama sekitar 43-58 hari, cocok 300-1500 mdpl, pH tanah 6.0-6.8, suhu ideal 15-25 C.",1
SKU-0165-50G,V0165,Benih Lobak Intan 85 F1 (50 g),Kebun Lestari,Lobak,sayuran umbi,Intan 85 F1,F1,hibrida,43,58,15,25,300,1500,80,160,6.0,6.8,lempung berpasir|lempung,baik,6,lahan|polybag|pot,20x15,40,50,5000,44500,291,1,konsumsi|jual,kutu daun,18.8-37.5,"Lobak varietas Intan 85 F1. Panen pertama sekitar 43-58 hari, cocok 300-1500 mdpl, pH tanah 6.0-6.8, suhu ideal 15-25 C.",1
SKU-0166-10G,V0166,Benih Lobak Rimba 62 (10 g),Sumber Panen,Lobak,sayuran umbi,Rimba 62,OP,dataran rendah,45,60,16,27,0,700,80,160,6.0,6.8,lempung berpasir|lempung,baik,6,lahan|polybag|pot,20x15,40,10,1000,7500,40,1,konsumsi|jual,kutu daun|ulat daun,15.0-30.0,"Lobak varietas Rimba 62. Panen pertama sekitar 45-60 hari, cocok 0-700 mdpl, pH tanah 6.0-6.8, suhu ideal 16-27 C.",1
SKU-0166-25G,V0166,Benih Lobak Rimba 62 (25 g),Sumber Panen,Lobak,sayuran umbi,Rimba 62,OP,dataran rendah,45,60,16,27,0,700,80,160,6.0,6.8,lempung berpasir|lempung,baik,6,lahan|polybag|pot,20x15,40,25,2500,16500,55,1,konsumsi|jual,kutu daun|ulat daun,15.0-30.0,"Lobak varietas Rimba 62. Panen pertama sekitar 45-60 hari, cocok 0-700 mdpl, pH tanah 6.0-6.8, suhu ideal 16-27 C.",1
SKU-0166-50G,V0166,Benih Lobak Rimba 62 (50 g),Sumber Panen,Lobak,sayuran umbi,Rimba 62,OP,dataran rendah,45,60,16,27,0,700,80,160,6.0,6.8,lempung berpasir|lempung,baik,6,lahan|polybag|pot,20x15,40,50,5000,29000,128,1,konsumsi|jual,kutu daun|ulat daun,15.0-30.0,"Lobak varietas Rimba 62. Panen pertama sekitar 45-60 hari, cocok 0-700 mdpl, pH tanah 6.0-6.8, suhu ideal 16-27 C.",1
SKU-0167-10G,V0167,Benih Lobak Anggun 14 (10 g),Agro Subur,Lobak,sayuran umbi,Anggun 14,OP,organik,45,60,15,25,300,1500,80,160,6.0,6.8,lempung berpasir|lempung,baik,6,lahan|polybag|pot,20x15,40,10,1000,10000,263,1,konsumsi|jual,,15.0-30.0,"Lobak varietas Anggun 14. Panen pertama sekitar 45-60 hari, cocok 300-1500 mdpl, pH tanah 6.0-6.8, suhu ideal 15-25 C.",1
SKU-0167-25G,V0167,Benih Lobak Anggun 14 (25 g),Agro Subur,Lobak,sayuran umbi,Anggun 14,OP,organik,45,60,15,25,300,1500,80,160,6.0,6.8,lempung berpasir|lempung,baik,6,lahan|polybag|pot,20x15,40,25,2500,22500,393,1,konsumsi|jual,,15.0-30.0,"Lobak varietas Anggun 14. Panen pertama sekitar 45-60 hari, cocok 300-1500 mdpl, pH tanah 6.0-6.8, suhu ideal 15-25 C.",1
SKU-0167-50G,V0167,Benih Lobak Anggun 14 (50 g),Agro Subur,Lobak,sayuran umbi,Anggun 14,OP,organik,45,60,15,25,300,1500,80,160,6.0,6.8,lempung berpasir|lempung,baik,6,lahan|polybag|pot,20x15,40,50,5000,39500,484,1,konsumsi|jual,,15.0-30.0,"Lobak varietas Anggun 14. Panen pertama sekitar 45-60 hari, cocok 300-1500 mdpl, pH tanah 6.0-6.8, suhu ideal 15-25 C.",1
SKU-0168-10G,V0168,Benih Lobak Nusa 14 (10 g),Benih Nusantara,Lobak,sayuran umbi,Nusa 14,OP,kompak/cocok pot,44,59,15,25,300,1500,80,160,6.0,6.8,lempung berpasir|lempung,baik,6,lahan|polybag|pot,20x15,60.0,10,1000,7500,288,1,konsumsi|jual,kutu daun|ulat daun,9.0-18.0,"Lobak varietas Nusa 14. Panen pertama sekitar 44-59 hari, cocok 300-1500 mdpl, pH tanah 6.0-6.8, suhu ideal 15-25 C.",1
SKU-0168-25G,V0168,Benih Lobak Nusa 14 (25 g),Benih Nusantara,Lobak,sayuran umbi,Nusa 14,OP,kompak/cocok pot,44,59,15,25,300,1500,80,160,6.0,6.8,lempung berpasir|lempung,baik,6,lahan|polybag|pot,20x15,60.0,25,2500,16000,465,1,konsumsi|jual,kutu daun|ulat daun,9.0-18.0,"Lobak varietas Nusa 14. Panen pertama sekitar 44-59 hari, cocok 300-1500 mdpl, pH tanah 6.0-6.8, suhu ideal 15-25 C.",1
SKU-0168-50G,V0168,Benih Lobak Nusa 14 (50 g),Benih Nusantara,Lobak,sayuran umbi,Nusa 14,OP,kompak/cocok pot,44,59,15,25,300,1500,80,160,6.0,6.8,lempung berpasir|lempung,baik,6,lahan|polybag|pot,20x15,60.0,50,5000,28000,445,1,konsumsi|jual,kutu daun|ulat daun,9.0-18.0,"Lobak varietas Nusa 14. Panen pertama sekitar 44-59 hari, cocok 300-1500 mdpl, pH tanah 6.0-6.8, suhu ideal 15-25 C.",1
SKU-0169-10G,V0169,Benih Bit Tirta 30 (10 g),Sumber Panen,Bit,sayuran umbi,Tirta 30,OP,,57,72,15,24,500,1700,80,160,6.0,7.0,lempung berpasir|lempung,baik,6,lahan|polybag|pot,20x15,40,10,600,17500,397,2,konsumsi|keduanya,,15.0-30.0,"Bit varietas Tirta 30. Panen pertama sekitar 57-72 hari, cocok 500-1700 mdpl, pH tanah 6.0-7.0, suhu ideal 15-24 C.",1
SKU-0169-25G,V0169,Benih Bit Tirta 30 (25 g),Sumber Panen,Bit,sayuran umbi,Tirta 30,OP,,57,72,15,24,500,1700,80,160,6.0,7.0,lempung berpasir|lempung,baik,6,lahan|polybag|pot,20x15,40,25,1500,38000,322,2,konsumsi|keduanya,,15.0-30.0,"Bit varietas Tirta 30. Panen pertama sekitar 57-72 hari, cocok 500-1700 mdpl, pH tanah 6.0-7.0, suhu ideal 15-24 C.",1
SKU-0170-10G,V0170,Benih Bit Kartika 91 (10 g),Tani Jaya,Bit,sayuran umbi,Kartika 91,OP,organik,58,73,15,24,500,1700,80,160,6.0,7.0,lempung berpasir|lempung,baik,6,lahan|polybag|pot,20x15,40,10,600,23500,254,2,konsumsi|keduanya,bercak daun,15.0-30.0,"Bit varietas Kartika 91. Panen pertama sekitar 58-73 hari, cocok 500-1700 mdpl, pH tanah 6.0-7.0, suhu ideal 15-24 C.",1
SKU-0170-25G,V0170,Benih Bit Kartika 91 (25 g),Tani Jaya,Bit,sayuran umbi,Kartika 91,OP,organik,58,73,15,24,500,1700,80,160,6.0,7.0,lempung berpasir|lempung,baik,6,lahan|polybag|pot,20x15,40,25,1500,52000,137,2,konsumsi|keduanya,bercak daun,15.0-30.0,"Bit varietas Kartika 91. Panen pertama sekitar 58-73 hari, cocok 500-1700 mdpl, pH tanah 6.0-7.0, suhu ideal 15-24 C.",1
SKU-0171-10G,V0171,Benih Bit Surya 43 F1 (10 g),Tani Jaya,Bit,sayuran umbi,Surya 43 F1,F1,hibrida,53,68,15,24,500,1700,80,160,6.0,7.0,lempung berpasir|lempung,baik,6,lahan|polybag|pot,20x15,40,10,600,33000,194,2,konsumsi|keduanya,bercak daun,18.8-37.5,"Bit varietas Surya 43 F1. Panen pertama sekitar 53-68 hari, cocok 500-1700 mdpl, pH tanah 6.0-7.0, suhu ideal 15-24 C.",1
SKU-0171-25G,V0171,Benih Bit Surya 43 F1 (25 g),Tani Jaya,Bit,sayuran umbi,Surya 43 F1,F1,hibrida,53,68,15,24,500,1700,80,160,6.0,7.0,lempung berpasir|lempung,baik,6,lahan|polybag|pot,20x15,40,25,1500,72000,41,2,konsumsi|keduanya,bercak daun,18.8-37.5,"Bit varietas Surya 43 F1. Panen pertama sekitar 53-68 hari, cocok 500-1700 mdpl, pH tanah 6.0-7.0, suhu ideal 15-24 C.",1
SKU-0172-10G,V0172,Benih Bit Samudra 25 (10 g),Sumber Panen,Bit,sayuran umbi,Samudra 25,OP,dataran rendah,54,69,16,26,0,700,80,160,6.0,7.0,lempung berpasir|lempung,baik,6,lahan|polybag|pot,20x15,40,10,600,17000,404,2,konsumsi|keduanya,,15.0-30.0,"Bit varietas Samudra 25. Panen pertama sekitar 54-69 hari, cocok 0-700 mdpl, pH tanah 6.0-7.0, suhu ideal 16-26 C.",1
SKU-0172-25G,V0172,Benih Bit Samudra 25 (25 g),Sumber Panen,Bit,sayuran umbi,Samudra 25,OP,dataran rendah,54,69,16,26,0,700,80,160,6.0,7.0,lempung berpasir|lempung,baik,6,lahan|polybag|pot,20x15,40,25,1500,37000,70,2,konsumsi|keduanya,,15.0-30.0,"Bit varietas Samudra 25. Panen pertama sekitar 54-69 hari, cocok 0-700 mdpl, pH tanah 6.0-7.0, suhu ideal 16-26 C.",1
SKU-0173-10G,V0173,Benih Bit Bintang 47 (10 g),BibitKu,Bit,sayuran umbi,Bintang 47,OP,dataran tinggi,56,71,13,22,500,2100,80,160,6.0,7.0,lempung berpasir|lempung,baik,6,lahan|polybag|pot,20x15,40,10,600,17000,320,2,konsumsi|keduanya,bercak daun,15.0-30.0,"Bit varietas Bintang 47. Panen pertama sekitar 56-71 hari, cocok 500-2100 mdpl, pH tanah 6.0-7.0, suhu ideal 13-22 C.",1
SKU-0173-25G,V0173,Benih Bit Bintang 47 (25 g),BibitKu,Bit,sayuran umbi,Bintang 47,OP,dataran tinggi,56,71,13,22,500,2100,80,160,6.0,7.0,lempung berpasir|lempung,baik,6,lahan|polybag|pot,20x15,40,25,1500,38000,369,2,konsumsi|keduanya,bercak daun,15.0-30.0,"Bit varietas Bintang 47. Panen pertama sekitar 56-71 hari, cocok 500-2100 mdpl, pH tanah 6.0-7.0, suhu ideal 13-22 C.",1
SKU-0174-10G,V0174,Benih Bit Garuda 70 (10 g),Kebun Lestari,Bit,sayuran umbi,Garuda 70,OP,genjah,50,63,15,24,500,1700,80,160,6.0,7.0,lempung berpasir|lempung,baik,6,lahan|polybag|pot,20x15,40,10,600,17500,238,2,konsumsi|keduanya,,13.5-27.0,"Bit varietas Garuda 70. Panen pertama sekitar 50-63 hari, cocok 500-1700 mdpl, pH tanah 6.0-7.0, suhu ideal 15-24 C.",1
SKU-0174-25G,V0174,Benih Bit Garuda 70 (25 g),Kebun Lestari,Bit,sayuran umbi,Garuda 70,OP,genjah,50,63,15,24,500,1700,80,160,6.0,7.0,lempung berpasir|lempung,baik,6,lahan|polybag|pot,20x15,40,25,1500,38000,195,2,konsumsi|keduanya,,13.5-27.0,"Bit varietas Garuda 70. Panen pertama sekitar 50-63 hari, cocok 500-1700 mdpl, pH tanah 6.0-7.0, suhu ideal 15-24 C.",1
SKU-0175-1G,V0175,Benih Bawang Merah (TSS) Pelangi 83 (1 g),Agro Subur,Bawang Merah (TSS),sayuran umbi,Pelangi 83,OP,,88,108,24,32,0,800,50,100,6.0,6.8,lempung berpasir,baik,8,lahan,15x15,40,1,250,49000,56,3,jual,trips,10.0-20.0,"Bawang Merah (TSS) varietas Pelangi 83. Panen pertama sekitar 88-108 hari, cocok 0-800 mdpl, pH tanah 6.0-6.8, suhu ideal 24-32 C.",1
SKU-0175-2G,V0175,Benih Bawang Merah (TSS) Pelangi 83 (2 g),Agro Subur,Bawang Merah (TSS),sayuran umbi,Pelangi 83,OP,,88,108,24,32,0,800,50,100,6.0,6.8,lempung berpasir,baik,8,lahan,15x15,40,2,500,86500,238,3,jual,trips,10.0-20.0,"Bawang Merah (TSS) varietas Pelangi 83. Panen pertama sekitar 88-108 hari, cocok 0-800 mdpl, pH tanah 6.0-6.8, suhu ideal 24-32 C.",1
SKU-0175-5G,V0175,Benih Bawang Merah (TSS) Pelangi 83 (5 g),Agro Subur,Bawang Merah (TSS),sayuran umbi,Pelangi 83,OP,,88,108,24,32,0,800,50,100,6.0,6.8,lempung berpasir,baik,8,lahan,15x15,40,5,1250,190000,242,3,jual,trips,10.0-20.0,"Bawang Merah (TSS) varietas Pelangi 83. Panen pertama sekitar 88-108 hari, cocok 0-800 mdpl, pH tanah 6.0-6.8, suhu ideal 24-32 C.",1
SKU-0176-1G,V0176,Benih Bawang Merah (TSS) Gading 75 (1 g),Tani Jaya,Bawang Merah (TSS),sayuran umbi,Gading 75,OP,dataran tinggi,90,110,22,30,500,1200,50,100,6.0,6.8,lempung berpasir,baik,8,lahan,15x15,40,1,250,52000,0,3,jual,trips|moler,10.0-20.0,"Bawang Merah (TSS) varietas Gading 75. Panen pertama sekitar 90-110 hari, cocok 500-1200 mdpl, pH tanah 6.0-6.8, suhu ideal 22-30 C.",1
SKU-0176-2G,V0176,Benih Bawang Merah (TSS) Gading 75 (2 g),Tani Jaya,Bawang Merah (TSS),sayuran umbi,Gading 75,OP,dataran tinggi,90,110,22,30,500,1200,50,100,6.0,6.8,lempung berpasir,baik,8,lahan,15x15,40,2,500,91500,11,3,jual,trips|moler,10.0-20.0,"Bawang Merah (TSS) varietas Gading 75. Panen pertama sekitar 90-110 hari, cocok 500-1200 mdpl, pH tanah 6.0-6.8, suhu ideal 22-30 C.",1
SKU-0176-5G,V0176,Benih Bawang Merah (TSS) Gading 75 (5 g),Tani Jaya,Bawang Merah (TSS),sayuran umbi,Gading 75,OP,dataran tinggi,90,110,22,30,500,1200,50,100,6.0,6.8,lempung berpasir,baik,8,lahan,15x15,40,5,1250,201500,306,3,jual,trips|moler,10.0-20.0,"Bawang Merah (TSS) varietas Gading 75. Panen pertama sekitar 90-110 hari, cocok 500-1200 mdpl, pH tanah 6.0-6.8, suhu ideal 22-30 C.",1
SKU-0177-1G,V0177,Benih Bawang Merah (TSS) Mekar 15 (1 g),Tani Jaya,Bawang Merah (TSS),sayuran umbi,Mekar 15,OP,organik,89,109,24,32,0,800,50,100,6.0,6.8,lempung berpasir,baik,8,lahan,15x15,40,1,250,70000,251,3,jual,,10.0-20.0,"Bawang Merah (TSS) varietas Mekar 15. Panen pertama sekitar 89-109 hari, cocok 0-800 mdpl, pH tanah 6.0-6.8, suhu ideal 24-32 C.",1
SKU-0177-2G,V0177,Benih Bawang Merah (TSS) Mekar 15 (2 g),Tani Jaya,Bawang Merah (TSS),sayuran umbi,Mekar 15,OP,organik,89,109,24,32,0,800,50,100,6.0,6.8,lempung berpasir,baik,8,lahan,15x15,40,2,500,123000,0,3,jual,,10.0-20.0,"Bawang Merah (TSS) varietas Mekar 15. Panen pertama sekitar 89-109 hari, cocok 0-800 mdpl, pH tanah 6.0-6.8, suhu ideal 24-32 C.",1
SKU-0177-5G,V0177,Benih Bawang Merah (TSS) Mekar 15 (5 g),Tani Jaya,Bawang Merah (TSS),sayuran umbi,Mekar 15,OP,organik,89,109,24,32,0,800,50,100,6.0,6.8,lempung berpasir,baik,8,lahan,15x15,40,5,1250,270500,403,3,jual,,10.0-20.0,"Bawang Merah (TSS) varietas Mekar 15. Panen pertama sekitar 89-109 hari, cocok 0-800 mdpl, pH tanah 6.0-6.8, suhu ideal 24-32 C.",1
SKU-0178-1G,V0178,Benih Bawang Merah (TSS) Perkasa 92 (1 g),Tani Jaya,Bawang Merah (TSS),sayuran umbi,Perkasa 92,OP,genjah,75,93,24,32,0,800,50,100,6.0,6.8,lempung berpasir,baik,8,lahan,15x15,40,1,250,57500,359,3,jual,,9.0-18.0,"Bawang Merah (TSS) varietas Perkasa 92. Panen pertama sekitar 75-93 hari, cocok 0-800 mdpl, pH tanah 6.0-6.8, suhu ideal 24-32 C.",1
SKU-0178-2G,V0178,Benih Bawang Merah (TSS) Perkasa 92 (2 g),Tani Jaya,Bawang Merah (TSS),sayuran umbi,Perkasa 92,OP,genjah,75,93,24,32,0,800,50,100,6.0,6.8,lempung berpasir,baik,8,lahan,15x15,40,2,500,101000,457,3,jual,,9.0-18.0,"Bawang Merah (TSS) varietas Perkasa 92. Panen pertama sekitar 75-93 hari, cocok 0-800 mdpl, pH tanah 6.0-6.8, suhu ideal 24-32 C.",1
SKU-0178-5G,V0178,Benih Bawang Merah (TSS) Perkasa 92 (5 g),Tani Jaya,Bawang Merah (TSS),sayuran umbi,Perkasa 92,OP,genjah,75,93,24,32,0,800,50,100,6.0,6.8,lempung berpasir,baik,8,lahan,15x15,40,5,1250,222500,344,3,jual,,9.0-18.0,"Bawang Merah (TSS) varietas Perkasa 92. Panen pertama sekitar 75-93 hari, cocok 0-800 mdpl, pH tanah 6.0-6.8, suhu ideal 24-32 C.",1
SKU-0179-1G,V0179,Benih Bawang Merah (TSS) Kartika 54 (1 g),TaniMas,Bawang Merah (TSS),sayuran umbi,Kartika 54,OP,tahan hujan,88,108,24,32,0,800,50,180,6.0,6.8,lempung berpasir,sedang,8,lahan,15x15,40,1,250,57500,397,3,jual,,10.0-20.0,"Bawang Merah (TSS) varietas Kartika 54. Panen pertama sekitar 88-108 hari, cocok 0-800 mdpl, pH tanah 6.0-6.8, suhu ideal 24-32 C.",1
SKU-0179-2G,V0179,Benih Bawang Merah (TSS) Kartika 54 (2 g),TaniMas,Bawang Merah (TSS),sayuran umbi,Kartika 54,OP,tahan hujan,88,108,24,32,0,800,50,180,6.0,6.8,lempung berpasir,sedang,8,lahan,15x15,40,2,500,101000,0,3,jual,,10.0-20.0,"Bawang Merah (TSS) varietas Kartika 54. Panen pertama sekitar 88-108 hari, cocok 0-800 mdpl, pH tanah 6.0-6.8, suhu ideal 24-32 C.",1
SKU-0179-5G,V0179,Benih Bawang Merah (TSS) Kartika 54 (5 g),TaniMas,Bawang Merah (TSS),sayuran umbi,Kartika 54,OP,tahan hujan,88,108,24,32,0,800,50,180,6.0,6.8,lempung berpasir,sedang,8,lahan,15x15,40,5,1250,222500,354,3,jual,,10.0-20.0,"Bawang Merah (TSS) varietas Kartika 54. Panen pertama sekitar 88-108 hari, cocok 0-800 mdpl, pH tanah 6.0-6.8, suhu ideal 24-32 C.",1
SKU-0180-1G,V0180,Benih Bawang Merah (TSS) Anggun 79 (1 g),Tani Jaya,Bawang Merah (TSS),sayuran umbi,Anggun 79,OP,tahan kering,91,111,24,32,0,800,30,70,6.0,6.8,lempung berpasir,baik,8,lahan,15x15,40,1,250,49500,458,3,jual,trips,10.0-20.0,"Bawang Merah (TSS) varietas Anggun 79. Panen pertama sekitar 91-111 hari, cocok 0-800 mdpl, pH tanah 6.0-6.8, suhu ideal 24-32 C.",1
SKU-0180-2G,V0180,Benih Bawang Merah (TSS) Anggun 79 (2 g),Tani Jaya,Bawang Merah (TSS),sayuran umbi,Anggun 79,OP,tahan kering,91,111,24,32,0,800,30,70,6.0,6.8,lempung berpasir,baik,8,lahan,15x15,40,2,500,87500,67,3,jual,trips,10.0-20.0,"Bawang Merah (TSS) varietas Anggun 79. Panen pertama sekitar 91-111 hari, cocok 0-800 mdpl, pH tanah 6.0-6.8, suhu ideal 24-32 C.",1
SKU-0180-5G,V0180,Benih Bawang Merah (TSS) Anggun 79 (5 g),Tani Jaya,Bawang Merah (TSS),sayuran umbi,Anggun 79,OP,tahan kering,91,111,24,32,0,800,30,70,6.0,6.8,lempung berpasir,baik,8,lahan,15x15,40,5,1250,192500,0,3,jual,trips,10.0-20.0,"Bawang Merah (TSS) varietas Anggun 79. Panen pertama sekitar 91-111 hari, cocok 0-800 mdpl, pH tanah 6.0-6.8, suhu ideal 24-32 C.",1
SKU-0181-2G,V0181,Benih Kemangi Kencana 86 (2 g),Benih Nusantara,Kemangi,herbal,Kencana 86,OP,,45,60,22,32,0,1000,80,200,6.0,7.0,lempung|lempung berpasir,baik,6,lahan|polybag|pot|hidroponik,25x25,20,2,1200,3000,215,1,konsumsi|jual,kutu daun|layu,5.0-10.0,"Kemangi varietas Kencana 86. Panen pertama sekitar 45-60 hari, cocok 0-1000 mdpl, pH tanah 6.0-7.0, suhu ideal 22-32 C.",1
SKU-0181-5G,V0181,Benih Kemangi Kencana 86 (5 g),Benih Nusantara,Kemangi,herbal,Kencana 86,OP,,45,60,22,32,0,1000,80,200,6.0,7.0,lempung|lempung berpasir,baik,6,lahan|polybag|pot|hidroponik,25x25,20,5,3000,7000,286,1,konsumsi|jual,kutu daun|layu,5.0-10.0,"Kemangi varietas Kencana 86. Panen pertama sekitar 45-60 hari, cocok 0-1000 mdpl, pH tanah 6.0-7.0, suhu ideal 22-32 C.",1
SKU-0181-10G,V0181,Benih Kemangi Kencana 86 (10 g),Benih Nusantara,Kemangi,herbal,Kencana 86,OP,,45,60,22,32,0,1000,80,200,6.0,7.0,lempung|lempung berpasir,baik,6,lahan|polybag|pot|hidroponik,25x25,20,10,6000,12000,452,1,konsumsi|jual,kutu daun|layu,5.0-10.0,"Kemangi varietas Kencana 86. Panen pertama sekitar 45-60 hari, cocok 0-1000 mdpl, pH tanah 6.0-7.0, suhu ideal 22-32 C.",1
SKU-0182-2G,V0182,Benih Kemangi Perkasa 17 (2 g),Agro Subur,Kemangi,herbal,Perkasa 17,OP,kompak/cocok pot,46,61,22,32,0,1000,80,200,6.0,7.0,lempung|lempung berpasir,baik,6,lahan|polybag|pot|hidroponik,25x25,30.0,2,1200,3500,405,1,konsumsi|jual,kutu daun|layu,3.0-6.0,"Kemangi varietas Perkasa 17. Panen pertama sekitar 46-61 hari, cocok 0-1000 mdpl, pH tanah 6.0-7.0, suhu ideal 22-32 C.",1
SKU-0182-5G,V0182,Benih Kemangi Perkasa 17 (5 g),Agro Subur,Kemangi,herbal,Perkasa 17,OP,kompak/cocok pot,46,61,22,32,0,1000,80,200,6.0,7.0,lempung|lempung berpasir,baik,6,lahan|polybag|pot|hidroponik,25x25,30.0,5,3000,7500,174,1,konsumsi|jual,kutu daun|layu,3.0-6.0,"Kemangi varietas Perkasa 17. Panen pertama sekitar 46-61 hari, cocok 0-1000 mdpl, pH tanah 6.0-7.0, suhu ideal 22-32 C.",1
SKU-0182-10G,V0182,Benih Kemangi Perkasa 17 (10 g),Agro Subur,Kemangi,herbal,Perkasa 17,OP,kompak/cocok pot,46,61,22,32,0,1000,80,200,6.0,7.0,lempung|lempung berpasir,baik,6,lahan|polybag|pot|hidroponik,25x25,30.0,10,6000,13500,458,1,konsumsi|jual,kutu daun|layu,3.0-6.0,"Kemangi varietas Perkasa 17. Panen pertama sekitar 46-61 hari, cocok 0-1000 mdpl, pH tanah 6.0-7.0, suhu ideal 22-32 C.",1
SKU-0183-2G,V0183,Benih Kemangi Gading 94 (2 g),Kebun Lestari,Kemangi,herbal,Gading 94,OP,genjah,38,51,22,32,0,1000,80,200,6.0,7.0,lempung|lempung berpasir,baik,6,lahan|polybag|pot|hidroponik,25x25,20,2,1200,3000,330,1,konsumsi|jual,,4.5-9.0,"Kemangi varietas Gading 94. Panen pertama sekitar 38-51 hari, cocok 0-1000 mdpl, pH tanah 6.0-7.0, suhu ideal 22-32 C.",1
SKU-0183-5G,V0183,Benih Kemangi Gading 94 (5 g),Kebun Lestari,Kemangi,herbal,Gading 94,OP,genjah,38,51,22,32,0,1000,80,200,6.0,7.0,lempung|lempung berpasir,baik,6,lahan|polybag|pot|hidroponik,25x25,20,5,3000,6500,294,1,konsumsi|jual,,4.5-9.0,"Kemangi varietas Gading 94. Panen pertama sekitar 38-51 hari, cocok 0-1000 mdpl, pH tanah 6.0-7.0, suhu ideal 22-32 C.",1
SKU-0183-10G,V0183,Benih Kemangi Gading 94 (10 g),Kebun Lestari,Kemangi,herbal,Gading 94,OP,genjah,38,51,22,32,0,1000,80,200,6.0,7.0,lempung|lempung berpasir,baik,6,lahan|polybag|pot|hidroponik,25x25,20,10,6000,11500,186,1,konsumsi|jual,,4.5-9.0,"Kemangi varietas Gading 94. Panen pertama sekitar 38-51 hari, cocok 0-1000 mdpl, pH tanah 6.0-7.0, suhu ideal 22-32 C.",1
SKU-0184-2G,V0184,Benih Kemangi Bintang 95 (2 g),Tani Jaya,Kemangi,herbal,Bintang 95,OP,dataran tinggi,48,63,20,30,500,1400,80,200,6.0,7.0,lempung|lempung berpasir,baik,6,lahan|polybag|pot|hidroponik,25x25,20,2,1200,3000,104,1,konsumsi|jual,kutu daun|layu,5.0-10.0,"Kemangi varietas Bintang 95. Panen pertama sekitar 48-63 hari, cocok 500-1400 mdpl, pH tanah 6.0-7.0, suhu ideal 20-30 C.",1
SKU-0184-5G,V0184,Benih Kemangi Bintang 95 (5 g),Tani Jaya,Kemangi,herbal,Bintang 95,OP,dataran tinggi,48,63,20,30,500,1400,80,200,6.0,7.0,lempung|lempung berpasir,baik,6,lahan|polybag|pot|hidroponik,25x25,20,5,3000,7000,252,1,konsumsi|jual,kutu daun|layu,5.0-10.0,"Kemangi varietas Bintang 95. Panen pertama sekitar 48-63 hari, cocok 500-1400 mdpl, pH tanah 6.0-7.0, suhu ideal 20-30 C.",1
SKU-0184-10G,V0184,Benih Kemangi Bintang 95 (10 g),Tani Jaya,Kemangi,herbal,Bintang 95,OP,dataran tinggi,48,63,20,30,500,1400,80,200,6.0,7.0,lempung|lempung berpasir,baik,6,lahan|polybag|pot|hidroponik,25x25,20,10,6000,12000,125,1,konsumsi|jual,kutu daun|layu,5.0-10.0,"Kemangi varietas Bintang 95. Panen pertama sekitar 48-63 hari, cocok 500-1400 mdpl, pH tanah 6.0-7.0, suhu ideal 20-30 C.",1
SKU-0185-2G,V0185,Benih Kemangi Nusa 28 (2 g),Sumber Panen,Kemangi,herbal,Nusa 28,OP,organik,42,57,22,32,0,1000,80,200,6.0,7.0,lempung|lempung berpasir,baik,6,lahan|polybag|pot|hidroponik,25x25,20,2,1200,4000,134,1,konsumsi|jual,kutu daun|layu,5.0-10.0,"Kemangi varietas Nusa 28. Panen pertama sekitar 42-57 hari, cocok 0-1000 mdpl, pH tanah 6.0-7.0, suhu ideal 22-32 C.",1
SKU-0185-5G,V0185,Benih Kemangi Nusa 28 (5 g),Sumber Panen,Kemangi,herbal,Nusa 28,OP,organik,42,57,22,32,0,1000,80,200,6.0,7.0,lempung|lempung berpasir,baik,6,lahan|polybag|pot|hidroponik,25x25,20,5,3000,9000,179,1,konsumsi|jual,kutu daun|layu,5.0-10.0,"Kemangi varietas Nusa 28. Panen pertama sekitar 42-57 hari, cocok 0-1000 mdpl, pH tanah 6.0-7.0, suhu ideal 22-32 C.",1
SKU-0185-10G,V0185,Benih Kemangi Nusa 28 (10 g),Sumber Panen,Kemangi,herbal,Nusa 28,OP,organik,42,57,22,32,0,1000,80,200,6.0,7.0,lempung|lempung berpasir,baik,6,lahan|polybag|pot|hidroponik,25x25,20,10,6000,15500,482,1,konsumsi|jual,kutu daun|layu,5.0-10.0,"Kemangi varietas Nusa 28. Panen pertama sekitar 42-57 hari, cocok 0-1000 mdpl, pH tanah 6.0-7.0, suhu ideal 22-32 C.",1
SKU-0186-2G,V0186,Benih Kemangi Arjuna 57 F1 (2 g),TaniMas,Kemangi,herbal,Arjuna 57 F1,F1,hibrida,46,61,22,32,0,1000,80,200,6.0,7.0,lempung|lempung berpasir,baik,6,lahan|polybag|pot|hidroponik,25x25,20,2,1200,6000,106,2,konsumsi|jual,kutu daun|layu,6.2-12.5,"Kemangi varietas Arjuna 57 F1. Panen pertama sekitar 46-61 hari, cocok 0-1000 mdpl, pH tanah 6.0-7.0, suhu ideal 22-32 C.",1
SKU-0186-5G,V0186,Benih Kemangi Arjuna 57 F1 (5 g),TaniMas,Kemangi,herbal,Arjuna 57 F1,F1,hibrida,46,61,22,32,0,1000,80,200,6.0,7.0,lempung|lempung berpasir,baik,6,lahan|polybag|pot|hidroponik,25x25,20,5,3000,13000,310,2,konsumsi|jual,kutu daun|layu,6.2-12.5,"Kemangi varietas Arjuna 57 F1. Panen pertama sekitar 46-61 hari, cocok 0-1000 mdpl, pH tanah 6.0-7.0, suhu ideal 22-32 C.",1
SKU-0186-10G,V0186,Benih Kemangi Arjuna 57 F1 (10 g),TaniMas,Kemangi,herbal,Arjuna 57 F1,F1,hibrida,46,61,22,32,0,1000,80,200,6.0,7.0,lempung|lempung berpasir,baik,6,lahan|polybag|pot|hidroponik,25x25,20,10,6000,22500,296,2,konsumsi|jual,kutu daun|layu,6.2-12.5,"Kemangi varietas Arjuna 57 F1. Panen pertama sekitar 46-61 hari, cocok 0-1000 mdpl, pH tanah 6.0-7.0, suhu ideal 22-32 C.",1
SKU-0187-1G,V0187,Benih Basil Italia Surya 37 (1 g),Kebun Lestari,Basil Italia,herbal,Surya 37,OP,,47,62,20,30,0,1200,80,180,6.0,7.0,lempung|lempung berpasir,baik,6,lahan|polybag|pot|hidroponik,25x25,20,1,600,3500,319,2,konsumsi|keduanya,kutu daun|embun tepung,5.0-10.0,"Basil Italia varietas Surya 37. Panen pertama sekitar 47-62 hari, cocok 0-1200 mdpl, pH tanah 6.0-7.0, suhu ideal 20-30 C.",1
SKU-0187-2G,V0187,Benih Basil Italia Surya 37 (2 g),Kebun Lestari,Basil Italia,herbal,Surya 37,OP,,47,62,20,30,0,1200,80,180,6.0,7.0,lempung|lempung berpasir,baik,6,lahan|polybag|pot|hidroponik,25x25,20,2,1200,6500,213,2,konsumsi|keduanya,kutu daun|embun tepung,5.0-10.0,"Basil Italia varietas Surya 37. Panen pertama sekitar 47-62 hari, cocok 0-1200 mdpl, pH tanah 6.0-7.0, suhu ideal 20-30 C.",1
SKU-0187-5G,V0187,Benih Basil Italia Surya 37 (5 g),Kebun Lestari,Basil Italia,herbal,Surya 37,OP,,47,62,20,30,0,1200,80,180,6.0,7.0,lempung|lempung berpasir,baik,6,lahan|polybag|pot|hidroponik,25x25,20,5,3000,14500,292,2,konsumsi|keduanya,kutu daun|embun tepung,5.0-10.0,"Basil Italia varietas Surya 37. Panen pertama sekitar 47-62 hari, cocok 0-1200 mdpl, pH tanah 6.0-7.0, suhu ideal 20-30 C.",1
SKU-0188-1G,V0188,Benih Basil Italia Tirta 46 (1 g),Tani Jaya,Basil Italia,herbal,Tirta 46,OP,tahan panas,45,60,20,33,0,1200,80,180,6.0,7.0,lempung|lempung berpasir,baik,6,lahan|polybag|pot|hidroponik,25x25,20,1,600,4000,60,2,konsumsi|keduanya,kutu daun,5.0-10.0,"Basil Italia varietas Tirta 46. Panen pertama sekitar 45-60 hari, cocok 0-1200 mdpl, pH tanah 6.0-7.0, suhu ideal 20-33 C.",1
SKU-0188-2G,V0188,Benih Basil Italia Tirta 46 (2 g),Tani Jaya,Basil Italia,herbal,Tirta 46,OP,tahan panas,45,60,20,33,0,1200,80,180,6.0,7.0,lempung|lempung berpasir,baik,6,lahan|polybag|pot|hidroponik,25x25,20,2,1200,7500,379,2,konsumsi|keduanya,kutu daun,5.0-10.0,"Basil Italia varietas Tirta 46. Panen pertama sekitar 45-60 hari, cocok 0-1200 mdpl, pH tanah 6.0-7.0, suhu ideal 20-33 C.",1
SKU-0188-5G,V0188,Benih Basil Italia Tirta 46 (5 g),Tani Jaya,Basil Italia,herbal,Tirta 46,OP,tahan panas,45,60,20,33,0,1200,80,180,6.0,7.0,lempung|lempung berpasir,baik,6,lahan|polybag|pot|hidroponik,25x25,20,5,3000,16000,439,2,konsumsi|keduanya,kutu daun,5.0-10.0,"Basil Italia varietas Tirta 46. Panen pertama sekitar 45-60 hari, cocok 0-1200 mdpl, pH tanah 6.0-7.0, suhu ideal 20-33 C.",1
SKU-0189-1G,V0189,Benih Basil Italia Pelangi 57 F1 (1 g),BibitKu,Basil Italia,herbal,Pelangi 57 F1,F1,hibrida,45,60,20,30,0,1200,80,180,6.0,7.0,lempung|lempung berpasir,baik,6,lahan|polybag|pot|hidroponik,25x25,20,1,600,6500,309,2,konsumsi|keduanya,kutu daun|embun tepung,6.2-12.5,"Basil Italia varietas Pelangi 57 F1. Panen pertama sekitar 45-60 hari, cocok 0-1200 mdpl, pH tanah 6.0-7.0, suhu ideal 20-30 C.",1
SKU-0189-2G,V0189,Benih Basil Italia Pelangi 57 F1 (2 g),BibitKu,Basil Italia,herbal,Pelangi 57 F1,F1,hibrida,45,60,20,30,0,1200,80,180,6.0,7.0,lempung|lempung berpasir,baik,6,lahan|polybag|pot|hidroponik,25x25,20,2,1200,11500,223,2,konsumsi|keduanya,kutu daun|embun tepung,6.2-12.5,"Basil Italia varietas Pelangi 57 F1. Panen pertama sekitar 45-60 hari, cocok 0-1200 mdpl, pH tanah 6.0-7.0, suhu ideal 20-30 C.",1
SKU-0189-5G,V0189,Benih Basil Italia Pelangi 57 F1 (5 g),BibitKu,Basil Italia,herbal,Pelangi 57 F1,F1,hibrida,45,60,20,30,0,1200,80,180,6.0,7.0,lempung|lempung berpasir,baik,6,lahan|polybag|pot|hidroponik,25x25,20,5,3000,25500,110,2,konsumsi|keduanya,kutu daun|embun tepung,6.2-12.5,"Basil Italia varietas Pelangi 57 F1. Panen pertama sekitar 45-60 hari, cocok 0-1200 mdpl, pH tanah 6.0-7.0, suhu ideal 20-30 C.",1
SKU-0190-1G,V0190,Benih Basil Italia Cakra 58 (1 g),Kebun Lestari,Basil Italia,herbal,Cakra 58,OP,dataran tinggi,45,60,18,28,500,1600,80,180,6.0,7.0,lempung|lempung berpasir,baik,6,lahan|polybag|pot|hidroponik,25x25,20,1,600,4000,260,2,konsumsi|keduanya,kutu daun|embun tepung,5.0-10.0,"Basil Italia varietas Cakra 58. Panen pertama sekitar 45-60 hari, cocok 500-1600 mdpl, pH tanah 6.0-7.0, suhu ideal 18-28 C.",1
SKU-0190-2G,V0190,Benih Basil Italia Cakra 58 (2 g),Kebun Lestari,Basil Italia,herbal,Cakra 58,OP,dataran tinggi,45,60,18,28,500,1600,80,180,6.0,7.0,lempung|lempung berpasir,baik,6,lahan|polybag|pot|hidroponik,25x25,20,2,1200,7500,338,2,konsumsi|keduanya,kutu daun|embun tepung,5.0-10.0,"Basil Italia varietas Cakra 58. Panen pertama sekitar 45-60 hari, cocok 500-1600 mdpl, pH tanah 6.0-7.0, suhu ideal 18-28 C.",1
SKU-0190-5G,V0190,Benih Basil Italia Cakra 58 (5 g),Kebun Lestari,Basil Italia,herbal,Cakra 58,OP,dataran tinggi,45,60,18,28,500,1600,80,180,6.0,7.0,lempung|lempung berpasir,baik,6,lahan|polybag|pot|hidroponik,25x25,20,5,3000,16000,245,2,konsumsi|keduanya,kutu daun|embun tepung,5.0-10.0,"Basil Italia varietas Cakra 58. Panen pertama sekitar 45-60 hari, cocok 500-1600 mdpl, pH tanah 6.0-7.0, suhu ideal 18-28 C.",1
SKU-0191-1G,V0191,Benih Basil Italia Rimba 55 (1 g),Agro Subur,Basil Italia,herbal,Rimba 55,OP,dataran rendah,43,58,21,32,0,700,80,180,6.0,7.0,lempung|lempung berpasir,baik,6,lahan|polybag|pot|hidroponik,25x25,20,1,600,4500,40,2,konsumsi|keduanya,kutu daun|embun tepung,5.0-10.0,"Basil Italia varietas Rimba 55. Panen pertama sekitar 43-58 hari, cocok 0-700 mdpl, pH tanah 6.0-7.0, suhu ideal 21-32 C.",1
SKU-0191-2G,V0191,Benih Basil Italia Rimba 55 (2 g),Agro Subur,Basil Italia,herbal,Rimba 55,OP,dataran rendah,43,58,21,32,0,700,80,180,6.0,7.0,lempung|lempung berpasir,baik,6,lahan|polybag|pot|hidroponik,25x25,20,2,1200,7500,439,2,konsumsi|keduanya,kutu daun|embun tepung,5.0-10.0,"Basil Italia varietas Rimba 55. Panen pertama sekitar 43-58 hari, cocok 0-700 mdpl, pH tanah 6.0-7.0, suhu ideal 21-32 C.",1
SKU-0191-5G,V0191,Benih Basil Italia Rimba 55 (5 g),Agro Subur,Basil Italia,herbal,Rimba 55,OP,dataran rendah,43,58,21,32,0,700,80,180,6.0,7.0,lempung|lempung berpasir,baik,6,lahan|polybag|pot|hidroponik,25x25,20,5,3000,16500,493,2,konsumsi|keduanya,kutu daun|embun tepung,5.0-10.0,"Basil Italia varietas Rimba 55. Panen pertama sekitar 43-58 hari, cocok 0-700 mdpl, pH tanah 6.0-7.0, suhu ideal 21-32 C.",1
SKU-0192-1G,V0192,Benih Basil Italia Dewi 95 (1 g),Benih Nusantara,Basil Italia,herbal,Dewi 95,OP,tahan kering,48,63,20,30,0,1200,50,140,6.0,7.0,lempung|lempung berpasir,baik,6,lahan|polybag|pot|hidroponik,25x25,20,1,600,3500,121,2,konsumsi|keduanya,kutu daun|embun tepung,5.0-10.0,"Basil Italia varietas Dewi 95. Panen pertama sekitar 48-63 hari, cocok 0-1200 mdpl, pH tanah 6.0-7.0, suhu ideal 20-30 C.",1
SKU-0192-2G,V0192,Benih Basil Italia Dewi 95 (2 g),Benih Nusantara,Basil Italia,herbal,Dewi 95,OP,tahan kering,48,63,20,30,0,1200,50,140,6.0,7.0,lempung|lempung berpasir,baik,6,lahan|polybag|pot|hidroponik,25x25,20,2,1200,6500,201,2,konsumsi|keduanya,kutu daun|embun tepung,5.0-10.0,"Basil Italia varietas Dewi 95. Panen pertama sekitar 48-63 hari, cocok 0-1200 mdpl, pH tanah 6.0-7.0, suhu ideal 20-30 C.",1
SKU-0192-5G,V0192,Benih Basil Italia Dewi 95 (5 g),Benih Nusantara,Basil Italia,herbal,Dewi 95,OP,tahan kering,48,63,20,30,0,1200,50,140,6.0,7.0,lempung|lempung berpasir,baik,6,lahan|polybag|pot|hidroponik,25x25,20,5,3000,14000,336,2,konsumsi|keduanya,kutu daun|embun tepung,5.0-10.0,"Basil Italia varietas Dewi 95. Panen pertama sekitar 48-63 hari, cocok 0-1200 mdpl, pH tanah 6.0-7.0, suhu ideal 20-30 C.",1
SKU-0193-1G,V0193,Benih Pudina Garuda 62 (1 g),Benih Nusantara,Pudina,herbal,Garuda 62,OP,,57,77,18,26,400,1500,100,200,6.0,7.0,lempung,sedang,4,lahan|polybag|pot|hidroponik,25x25,15,1,5000,8500,355,2,konsumsi|keduanya,karat daun,5.0-10.0,"Pudina varietas Garuda 62. Panen pertama sekitar 57-77 hari, cocok 400-1500 mdpl, pH tanah 6.0-7.0, suhu ideal 18-26 C.",1
SKU-0193-2G,V0193,Benih Pudina Garuda 62 (2 g),Benih Nusantara,Pudina,herbal,Garuda 62,OP,,57,77,18,26,400,1500,100,200,6.0,7.0,lempung,sedang,4,lahan|polybag|pot|hidroponik,25x25,15,2,10000,14500,491,2,konsumsi|keduanya,karat daun,5.0-10.0,"Pudina varietas Garuda 62. Panen pertama sekitar 57-77 hari, cocok 400-1500 mdpl, pH tanah 6.0-7.0, suhu ideal 18-26 C.",1
SKU-0194-1G,V0194,Benih Pudina Rimba 23 F1 (1 g),TaniMas,Pudina,herbal,Rimba 23 F1,F1,hibrida,61,81,18,26,400,1500,100,200,6.0,7.0,lempung,sedang,4,lahan|polybag|pot|hidroponik,25x25,15,1,5000,13500,201,3,konsumsi|keduanya,karat daun,6.2-12.5,"Pudina varietas Rimba 23 F1. Panen pertama sekitar 61-81 hari, cocok 400-1500 mdpl, pH tanah 6.0-7.0, suhu ideal 18-26 C.",1
SKU-0194-2G,V0194,Benih Pudina Rimba 23 F1 (2 g),TaniMas,Pudina,herbal,Rimba 23 F1,F1,hibrida,61,81,18,26,400,1500,100,200,6.0,7.0,lempung,sedang,4,lahan|polybag|pot|hidroponik,25x25,15,2,10000,24000,245,3,konsumsi|keduanya,karat daun,6.2-12.5,"Pudina varietas Rimba 23 F1. Panen pertama sekitar 61-81 hari, cocok 400-1500 mdpl, pH tanah 6.0-7.0, suhu ideal 18-26 C.",1
SKU-0195-1G,V0195,Benih Pudina Rajawali 41 (1 g),Kebun Lestari,Pudina,herbal,Rajawali 41,OP,organik,59,79,18,26,400,1500,100,200,6.0,7.0,lempung,sedang,4,lahan|polybag|pot|hidroponik,25x25,15,1,5000,11000,398,2,konsumsi|keduanya,karat daun,5.0-10.0,"Pudina varietas Rajawali 41. Panen pertama sekitar 59-79 hari, cocok 400-1500 mdpl, pH tanah 6.0-7.0, suhu ideal 18-26 C.",1
SKU-0195-2G,V0195,Benih Pudina Rajawali 41 (2 g),Kebun Lestari,Pudina,herbal,Rajawali 41,OP,organik,59,79,18,26,400,1500,100,200,6.0,7.0,lempung,sedang,4,lahan|polybag|pot|hidroponik,25x25,15,2,10000,19500,0,2,konsumsi|keduanya,karat daun,5.0-10.0,"Pudina varietas Rajawali 41. Panen pertama sekitar 59-79 hari, cocok 400-1500 mdpl, pH tanah 6.0-7.0, suhu ideal 18-26 C.",1
SKU-0196-1G,V0196,Benih Pudina Cempaka 58 (1 g),Tani Jaya,Pudina,herbal,Cempaka 58,OP,genjah,52,69,18,26,400,1500,100,200,6.0,7.0,lempung,sedang,4,lahan|polybag|pot|hidroponik,25x25,15,1,5000,8000,442,2,konsumsi|keduanya,,4.5-9.0,"Pudina varietas Cempaka 58. Panen pertama sekitar 52-69 hari, cocok 400-1500 mdpl, pH tanah 6.0-7.0, suhu ideal 18-26 C.",1
SKU-0196-2G,V0196,Benih Pudina Cempaka 58 (2 g),Tani Jaya,Pudina,herbal,Cempaka 58,OP,genjah,52,69,18,26,400,1500,100,200,6.0,7.0,lempung,sedang,4,lahan|polybag|pot|hidroponik,25x25,15,2,10000,14500,411,2,konsumsi|keduanya,,4.5-9.0,"Pudina varietas Cempaka 58. Panen pertama sekitar 52-69 hari, cocok 400-1500 mdpl, pH tanah 6.0-7.0, suhu ideal 18-26 C.",1
SKU-0197-1G,V0197,Benih Pudina Tirta 82 (1 g),TaniMas,Pudina,herbal,Tirta 82,OP,kompak/cocok pot,61,81,18,26,400,1500,100,200,6.0,7.0,lempung,sedang,4,lahan|polybag|pot|hidroponik,25x25,22.5,1,5000,9000,148,2,konsumsi|keduanya,karat daun,3.0-6.0,"Pudina varietas Tirta 82. Panen pertama sekitar 61-81 hari, cocok 400-1500 mdpl, pH tanah 6.0-7.0, suhu ideal 18-26 C.",1
SKU-0197-2G,V0197,Benih Pudina Tirta 82 (2 g),TaniMas,Pudina,herbal,Tirta 82,OP,kompak/cocok pot,61,81,18,26,400,1500,100,200,6.0,7.0,lempung,sedang,4,lahan|polybag|pot|hidroponik,25x25,22.5,2,10000,16000,0,2,konsumsi|keduanya,karat daun,3.0-6.0,"Pudina varietas Tirta 82. Panen pertama sekitar 61-81 hari, cocok 400-1500 mdpl, pH tanah 6.0-7.0, suhu ideal 18-26 C.",1
SKU-0198-1G,V0198,Benih Pudina Mekar 97 (1 g),Greenfield Seeds,Pudina,herbal,Mekar 97,OP,tahan hujan,61,81,18,26,400,1500,100,280,6.0,7.0,lempung,sedang,4,lahan|polybag|pot|hidroponik,25x25,15,1,5000,8500,310,2,konsumsi|keduanya,karat daun,5.0-10.0,"Pudina varietas Mekar 97. Panen pertama sekitar 61-81 hari, cocok 400-1500 mdpl, pH tanah 6.0-7.0, suhu ideal 18-26 C.",1
SKU-0198-2G,V0198,Benih Pudina Mekar 97 (2 g),Greenfield Seeds,Pudina,herbal,Mekar 97,OP,tahan hujan,61,81,18,26,400,1500,100,280,6.0,7.0,lempung,sedang,4,lahan|polybag|pot|hidroponik,25x25,15,2,10000,14500,430,2,konsumsi|keduanya,karat daun,5.0-10.0,"Pudina varietas Mekar 97. Panen pertama sekitar 61-81 hari, cocok 400-1500 mdpl, pH tanah 6.0-7.0, suhu ideal 18-26 C.",1
SKU-0199-10G,V0199,Benih Bunga Telang Cakra 82 (10 g),Tani Jaya,Bunga Telang,herbal,Cakra 82,OP,,62,92,22,32,0,1000,100,200,6.0,7.5,lempung|lempung berpasir,baik,6,lahan|polybag|pot|vertikultur,100x50,2,10,200,17000,380,1,konsumsi|jual|hias,kutu daun,3.0-6.0,"Bunga Telang varietas Cakra 82. Panen pertama sekitar 62-92 hari, cocok 0-1000 mdpl, pH tanah 6.0-7.5, suhu ideal 22-32 C.",1
SKU-0199-25G,V0199,Benih Bunga Telang Cakra 82 (25 g),Tani Jaya,Bunga Telang,herbal,Cakra 82,OP,,62,92,22,32,0,1000,100,200,6.0,7.5,lempung|lempung berpasir,baik,6,lahan|polybag|pot|vertikultur,100x50,2,25,500,37000,391,1,konsumsi|jual|hias,kutu daun,3.0-6.0,"Bunga Telang varietas Cakra 82. Panen pertama sekitar 62-92 hari, cocok 0-1000 mdpl, pH tanah 6.0-7.5, suhu ideal 22-32 C.",1
SKU-0200-10G,V0200,Benih Bunga Telang Fajar 16 (10 g),TaniMas,Bunga Telang,herbal,Fajar 16,OP,kompak/cocok pot,60,90,22,32,0,1000,100,200,6.0,7.5,lempung|lempung berpasir,baik,6,lahan|polybag|pot|vertikultur,100x50,3.0,10,200,14500,406,1,konsumsi|jual|hias,kutu daun,1.8-3.6,"Bunga Telang varietas Fajar 16. Panen pertama sekitar 60-90 hari, cocok 0-1000 mdpl, pH tanah 6.0-7.5, suhu ideal 22-32 C.",1
SKU-0200-25G,V0200,Benih Bunga Telang Fajar 16 (25 g),TaniMas,Bunga Telang,herbal,Fajar 16,OP,kompak/cocok pot,60,90,22,32,0,1000,100,200,6.0,7.5,lempung|lempung berpasir,baik,6,lahan|polybag|pot|vertikultur,100x50,3.0,25,500,31500,334,1,konsumsi|jual|hias,kutu daun,1.8-3.6,"Bunga Telang varietas Fajar 16. Panen pertama sekitar 60-90 hari, cocok 0-1000 mdpl, pH tanah 6.0-7.5, suhu ideal 22-32 C.",1
SKU-0201-10G,V0201,Benih Bunga Telang Lestari 67 (10 g),Sumber Panen,Bunga Telang,herbal,Lestari 67,OP,dataran tinggi,58,88,20,30,500,1400,100,200,6.0,7.5,lempung|lempung berpasir,baik,6,lahan|polybag|pot|vertikultur,100x50,2,10,200,15000,348,1,konsumsi|jual|hias,kutu daun,3.0-6.0,"Bunga Telang varietas Lestari 67. Panen pertama sekitar 58-88 hari, cocok 500-1400 mdpl, pH tanah 6.0-7.5, suhu ideal 20-30 C.",1
SKU-0201-25G,V0201,Benih Bunga Telang Lestari 67 (25 g),Sumber Panen,Bunga Telang,herbal,Lestari 67,OP,dataran tinggi,58,88,20,30,500,1400,100,200,6.0,7.5,lempung|lempung berpasir,baik,6,lahan|polybag|pot|vertikultur,100x50,2,25,500,32500,405,1,konsumsi|jual|hias,kutu daun,3.0-6.0,"Bunga Telang varietas Lestari 67. Panen pertama sekitar 58-88 hari, cocok 500-1400 mdpl, pH tanah 6.0-7.5, suhu ideal 20-30 C.",1
SKU-0202-10G,V0202,Benih Bunga Telang Intan 47 (10 g),Kebun Lestari,Bunga Telang,herbal,Intan 47,OP,dataran rendah,62,92,23,34,0,700,100,200,6.0,7.5,lempung|lempung berpasir,baik,6,lahan|polybag|pot|vertikultur,100x50,2,10,200,14000,209,1,konsumsi|jual|hias,,3.0-6.0,"Bunga Telang varietas Intan 47. Panen pertama sekitar 62-92 hari, cocok 0-700 mdpl, pH tanah 6.0-7.5, suhu ideal 23-34 C.",1
SKU-0202-25G,V0202,Benih Bunga Telang Intan 47 (25 g),Kebun Lestari,Bunga Telang,herbal,Intan 47,OP,dataran rendah,62,92,23,34,0,700,100,200,6.0,7.5,lempung|lempung berpasir,baik,6,lahan|polybag|pot|vertikultur,100x50,2,25,500,30500,64,1,konsumsi|jual|hias,,3.0-6.0,"Bunga Telang varietas Intan 47. Panen pertama sekitar 62-92 hari, cocok 0-700 mdpl, pH tanah 6.0-7.5, suhu ideal 23-34 C.",1
SKU-0203-10G,V0203,Benih Bunga Telang Mekar 10 F1 (10 g),Greenfield Seeds,Bunga Telang,herbal,Mekar 10 F1,F1,hibrida,60,90,22,32,0,1000,100,200,6.0,7.5,lempung|lempung berpasir,baik,6,lahan|polybag|pot|vertikultur,100x50,2,10,200,26500,218,1,konsumsi|jual|hias,kutu daun,3.8-7.5,"Bunga Telang varietas Mekar 10 F1. Panen pertama sekitar 60-90 hari, cocok 0-1000 mdpl, pH tanah 6.0-7.5, suhu ideal 22-32 C.",1
SKU-0203-25G,V0203,Benih Bunga Telang Mekar 10 F1 (25 g),Greenfield Seeds,Bunga Telang,herbal,Mekar 10 F1,F1,hibrida,60,90,22,32,0,1000,100,200,6.0,7.5,lempung|lempung berpasir,baik,6,lahan|polybag|pot|vertikultur,100x50,2,25,500,59000,55,1,konsumsi|jual|hias,kutu daun,3.8-7.5,"Bunga Telang varietas Mekar 10 F1. Panen pertama sekitar 60-90 hari, cocok 0-1000 mdpl, pH tanah 6.0-7.5, suhu ideal 22-32 C.",1
SKU-0204-10G,V0204,Benih Bunga Telang Garuda 21 (10 g),BibitKu,Bunga Telang,herbal,Garuda 21,OP,tahan hujan,63,93,22,32,0,1000,100,280,6.0,7.5,lempung|lempung berpasir,sedang,6,lahan|polybag|pot|vertikultur,100x50,2,10,200,15000,473,1,konsumsi|jual|hias,kutu daun,3.0-6.0,"Bunga Telang varietas Garuda 21. Panen pertama sekitar 63-93 hari, cocok 0-1000 mdpl, pH tanah 6.0-7.5, suhu ideal 22-32 C.",1
SKU-0204-25G,V0204,Benih Bunga Telang Garuda 21 (25 g),BibitKu,Bunga Telang,herbal,Garuda 21,OP,tahan hujan,63,93,22,32,0,1000,100,280,6.0,7.5,lempung|lempung berpasir,sedang,6,lahan|polybag|pot|vertikultur,100x50,2,25,500,33000,134,1,konsumsi|jual|hias,kutu daun,3.0-6.0,"Bunga Telang varietas Garuda 21. Panen pertama sekitar 63-93 hari, cocok 0-1000 mdpl, pH tanah 6.0-7.5, suhu ideal 22-32 C.",1
SKU-0205-1G,V0205,Benih Stevia Gading 44 (1 g),Greenfield Seeds,Stevia,herbal,Gading 44,OP,,89,119,20,30,0,1200,100,200,6.0,7.0,lempung berpasir|lempung,baik,6,lahan|polybag|pot,40x30,6,1,3000,9000,49,3,jual|keduanya,bercak daun,3.0-6.0,"Stevia varietas Gading 44. Panen pertama sekitar 89-119 hari, cocok 0-1200 mdpl, pH tanah 6.0-7.0, suhu ideal 20-30 C.",1
SKU-0205-2G,V0205,Benih Stevia Gading 44 (2 g),Greenfield Seeds,Stevia,herbal,Gading 44,OP,,89,119,20,30,0,1200,100,200,6.0,7.0,lempung berpasir|lempung,baik,6,lahan|polybag|pot,40x30,6,2,6000,16000,493,3,jual|keduanya,bercak daun,3.0-6.0,"Stevia varietas Gading 44. Panen pertama sekitar 89-119 hari, cocok 0-1200 mdpl, pH tanah 6.0-7.0, suhu ideal 20-30 C.",1
SKU-0206-1G,V0206,Benih Stevia Cakra 90 (1 g),Sumber Panen,Stevia,herbal,Cakra 90,OP,organik,91,121,20,30,0,1200,100,200,6.0,7.0,lempung berpasir|lempung,baik,6,lahan|polybag|pot,40x30,6,1,3000,12500,440,3,jual|keduanya,bercak daun,3.0-6.0,"Stevia varietas Cakra 90. Panen pertama sekitar 91-121 hari, cocok 0-1200 mdpl, pH tanah 6.0-7.0, suhu ideal 20-30 C.",1
SKU-0206-2G,V0206,Benih Stevia Cakra 90 (2 g),Sumber Panen,Stevia,herbal,Cakra 90,OP,organik,91,121,20,30,0,1200,100,200,6.0,7.0,lempung berpasir|lempung,baik,6,lahan|polybag|pot,40x30,6,2,6000,21500,421,3,jual|keduanya,bercak daun,3.0-6.0,"Stevia varietas Cakra 90. Panen pertama sekitar 91-121 hari, cocok 0-1200 mdpl, pH tanah 6.0-7.0, suhu ideal 20-30 C.",1
SKU-0207-1G,V0207,Benih Stevia Kartika 52 (1 g),Sumber Panen,Stevia,herbal,Kartika 52,OP,dataran rendah,89,119,21,32,0,700,100,200,6.0,7.0,lempung berpasir|lempung,baik,6,lahan|polybag|pot,40x30,6,1,3000,9000,163,3,jual|keduanya,bercak daun,3.0-6.0,"Stevia varietas Kartika 52. Panen pertama sekitar 89-119 hari, cocok 0-700 mdpl, pH tanah 6.0-7.0, suhu ideal 21-32 C.",1
SKU-0207-2G,V0207,Benih Stevia Kartika 52 (2 g),Sumber Panen,Stevia,herbal,Kartika 52,OP,dataran rendah,89,119,21,32,0,700,100,200,6.0,7.0,lempung berpasir|lempung,baik,6,lahan|polybag|pot,40x30,6,2,6000,16000,495,3,jual|keduanya,bercak daun,3.0-6.0,"Stevia varietas Kartika 52. Panen pertama sekitar 89-119 hari, cocok 0-700 mdpl, pH tanah 6.0-7.0, suhu ideal 21-32 C.",1
SKU-0208-1G,V0208,Benih Stevia Mutiara 35 (1 g),Sumber Panen,Stevia,herbal,Mutiara 35,OP,tahan kering,89,119,20,30,0,1200,70,160,6.0,7.0,lempung berpasir|lempung,baik,6,lahan|polybag|pot,40x30,6,1,3000,8500,304,3,jual|keduanya,,3.0-6.0,"Stevia varietas Mutiara 35. Panen pertama sekitar 89-119 hari, cocok 0-1200 mdpl, pH tanah 6.0-7.0, suhu ideal 20-30 C.",1
SKU-0208-2G,V0208,Benih Stevia Mutiara 35 (2 g),Sumber Panen,Stevia,herbal,Mutiara 35,OP,tahan kering,89,119,20,30,0,1200,70,160,6.0,7.0,lempung berpasir|lempung,baik,6,lahan|polybag|pot,40x30,6,2,6000,15000,176,3,jual|keduanya,,3.0-6.0,"Stevia varietas Mutiara 35. Panen pertama sekitar 89-119 hari, cocok 0-1200 mdpl, pH tanah 6.0-7.0, suhu ideal 20-30 C.",1
SKU-0209-1G,V0209,Benih Stevia Cempaka 45 (1 g),Tani Jaya,Stevia,herbal,Cempaka 45,OP,tahan panas,89,119,20,33,0,1200,100,200,6.0,7.0,lempung berpasir|lempung,baik,6,lahan|polybag|pot,40x30,6,1,3000,8500,291,3,jual|keduanya,bercak daun,3.0-6.0,"Stevia varietas Cempaka 45. Panen pertama sekitar 89-119 hari, cocok 0-1200 mdpl, pH tanah 6.0-7.0, suhu ideal 20-33 C.",1
SKU-0209-2G,V0209,Benih Stevia Cempaka 45 (2 g),Tani Jaya,Stevia,herbal,Cempaka 45,OP,tahan panas,89,119,20,33,0,1200,100,200,6.0,7.0,lempung berpasir|lempung,baik,6,lahan|polybag|pot,40x30,6,2,6000,14500,0,3,jual|keduanya,bercak daun,3.0-6.0,"Stevia varietas Cempaka 45. Panen pertama sekitar 89-119 hari, cocok 0-1200 mdpl, pH tanah 6.0-7.0, suhu ideal 20-33 C.",1
SKU-0210-1G,V0210,Benih Stevia Anggun 69 (1 g),Kebun Lestari,Stevia,herbal,Anggun 69,OP,dataran tinggi,90,120,18,28,500,1600,100,200,6.0,7.0,lempung berpasir|lempung,baik,6,lahan|polybag|pot,40x30,6,1,3000,10000,417,3,jual|keduanya,bercak daun,3.0-6.0,"Stevia varietas Anggun 69. Panen pertama sekitar 90-120 hari, cocok 500-1600 mdpl, pH tanah 6.0-7.0, suhu ideal 18-28 C.",1
SKU-0210-2G,V0210,Benih Stevia Anggun 69 (2 g),Kebun Lestari,Stevia,herbal,Anggun 69,OP,dataran tinggi,90,120,18,28,500,1600,100,200,6.0,7.0,lempung berpasir|lempung,baik,6,lahan|polybag|pot,40x30,6,2,6000,17500,265,3,jual|keduanya,bercak daun,3.0-6.0,"Stevia varietas Anggun 69. Panen pertama sekitar 90-120 hari, cocok 500-1600 mdpl, pH tanah 6.0-7.0, suhu ideal 18-28 C.",1
SKU-0211-10G,V0211,Benih Bunga Matahari Mutiara 64 (10 g),Tani Jaya,Bunga Matahari,bunga hias,Mutiara 64,OP,,62,87,20,30,0,1500,80,160,6.0,7.5,lempung|lempung berpasir,baik,8,lahan|polybag|pot,50x30,6,10,120,12000,455,1,hias|jual,karat daun|ulat,,"Bunga Matahari varietas Mutiara 64. Panen pertama sekitar 62-87 hari, cocok 0-1500 mdpl, pH tanah 6.0-7.5, suhu ideal 20-30 C.",1
SKU-0211-25G,V0211,Benih Bunga Matahari Mutiara 64 (25 g),Tani Jaya,Bunga Matahari,bunga hias,Mutiara 64,OP,,62,87,20,30,0,1500,80,160,6.0,7.5,lempung|lempung berpasir,baik,8,lahan|polybag|pot,50x30,6,25,300,26500,288,1,hias|jual,karat daun|ulat,,"Bunga Matahari varietas Mutiara 64. Panen pertama sekitar 62-87 hari, cocok 0-1500 mdpl, pH tanah 6.0-7.5, suhu ideal 20-30 C.",1
SKU-0211-50G,V0211,Benih Bunga Matahari Mutiara 64 (50 g),Tani Jaya,Bunga Matahari,bunga hias,Mutiara 64,OP,,62,87,20,30,0,1500,80,160,6.0,7.5,lempung|lempung berpasir,baik,8,lahan|polybag|pot,50x30,6,50,600,47000,0,1,hias|jual,karat daun|ulat,,"Bunga Matahari varietas Mutiara 64. Panen pertama sekitar 62-87 hari, cocok 0-1500 mdpl, pH tanah 6.0-7.5, suhu ideal 20-30 C.",1
SKU-0212-10G,V0212,Benih Bunga Matahari Fajar 99 (10 g),TaniMas,Bunga Matahari,bunga hias,Fajar 99,OP,dataran rendah,62,87,21,32,0,700,80,160,6.0,7.5,lempung|lempung berpasir,baik,8,lahan|polybag|pot,50x30,6,10,120,13000,32,1,hias|jual,karat daun|ulat,,"Bunga Matahari varietas Fajar 99. Panen pertama sekitar 62-87 hari, cocok 0-700 mdpl, pH tanah 6.0-7.5, suhu ideal 21-32 C.",1
SKU-0212-25G,V0212,Benih Bunga Matahari Fajar 99 (25 g),TaniMas,Bunga Matahari,bunga hias,Fajar 99,OP,dataran rendah,62,87,21,32,0,700,80,160,6.0,7.5,lempung|lempung berpasir,baik,8,lahan|polybag|pot,50x30,6,25,300,29000,340,1,hias|jual,karat daun|ulat,,"Bunga Matahari varietas Fajar 99. Panen pertama sekitar 62-87 hari, cocok 0-700 mdpl, pH tanah 6.0-7.5, suhu ideal 21-32 C.",1
SKU-0212-50G,V0212,Benih Bunga Matahari Fajar 99 (50 g),TaniMas,Bunga Matahari,bunga hias,Fajar 99,OP,dataran rendah,62,87,21,32,0,700,80,160,6.0,7.5,lempung|lempung berpasir,baik,8,lahan|polybag|pot,50x30,6,50,600,50500,214,1,hias|jual,karat daun|ulat,,"Bunga Matahari varietas Fajar 99. Panen pertama sekitar 62-87 hari, cocok 0-700 mdpl, pH tanah 6.0-7.5, suhu ideal 21-32 C.",1
SKU-0213-10G,V0213,Benih Bunga Matahari Perkasa 52 (10 g),Tani Jaya,Bunga Matahari,bunga hias,Perkasa 52,OP,tahan hujan,62,87,20,30,0,1500,80,240,6.0,7.5,lempung|lempung berpasir,sedang,8,lahan|polybag|pot,50x30,6,10,120,11000,304,1,hias|jual,karat daun|ulat,,"Bunga Matahari varietas Perkasa 52. Panen pertama sekitar 62-87 hari, cocok 0-1500 mdpl, pH tanah 6.0-7.5, suhu ideal 20-30 C.",1
SKU-0213-25G,V0213,Benih Bunga Matahari Perkasa 52 (25 g),Tani Jaya,Bunga Matahari,bunga hias,Perkasa 52,OP,tahan hujan,62,87,20,30,0,1500,80,240,6.0,7.5,lempung|lempung berpasir,sedang,8,lahan|polybag|pot,50x30,6,25,300,24000,201,1,hias|jual,karat daun|ulat,,"Bunga Matahari varietas Perkasa 52. Panen pertama sekitar 62-87 hari, cocok 0-1500 mdpl, pH tanah 6.0-7.5, suhu ideal 20-30 C.",1
SKU-0213-50G,V0213,Benih Bunga Matahari Perkasa 52 (50 g),Tani Jaya,Bunga Matahari,bunga hias,Perkasa 52,OP,tahan hujan,62,87,20,30,0,1500,80,240,6.0,7.5,lempung|lempung berpasir,sedang,8,lahan|polybag|pot,50x30,6,50,600,42000,405,1,hias|jual,karat daun|ulat,,"Bunga Matahari varietas Perkasa 52. Panen pertama sekitar 62-87 hari, cocok 0-1500 mdpl, pH tanah 6.0-7.5, suhu ideal 20-30 C.",1
SKU-0214-10G,V0214,Benih Bunga Matahari Samudra 85 (10 g),Agro Subur,Bunga Matahari,bunga hias,Samudra 85,OP,dataran tinggi,64,89,18,28,500,1900,80,160,6.0,7.5,lempung|lempung berpasir,baik,8,lahan|polybag|pot,50x30,6,10,120,14000,435,1,hias|jual,,,"Bunga Matahari varietas Samudra 85. Panen pertama sekitar 64-89 hari, cocok 500-1900 mdpl, pH tanah 6.0-7.5, suhu ideal 18-28 C.",1
SKU-0214-25G,V0214,Benih Bunga Matahari Samudra 85 (25 g),Agro Subur,Bunga Matahari,bunga hias,Samudra 85,OP,dataran tinggi,64,89,18,28,500,1900,80,160,6.0,7.5,lempung|lempung berpasir,baik,8,lahan|polybag|pot,50x30,6,25,300,30500,82,1,hias|jual,,,"Bunga Matahari varietas Samudra 85. Panen pertama sekitar 64-89 hari, cocok 500-1900 mdpl, pH tanah 6.0-7.5, suhu ideal 18-28 C.",1
SKU-0214-50G,V0214,Benih Bunga Matahari Samudra 85 (50 g),Agro Subur,Bunga Matahari,bunga hias,Samudra 85,OP,dataran tinggi,64,89,18,28,500,1900,80,160,6.0,7.5,lempung|lempung berpasir,baik,8,lahan|polybag|pot,50x30,6,50,600,53500,185,1,hias|jual,,,"Bunga Matahari varietas Samudra 85. Panen pertama sekitar 64-89 hari, cocok 500-1900 mdpl, pH tanah 6.0-7.5, suhu ideal 18-28 C.",1
SKU-0215-10G,V0215,Benih Bunga Matahari Arjuna 36 (10 g),Sumber Panen,Bunga Matahari,bunga hias,Arjuna 36,OP,organik,64,89,20,30,0,1500,80,160,6.0,7.5,lempung|lempung berpasir,baik,8,lahan|polybag|pot,50x30,6,10,120,16000,424,1,hias|jual,karat daun|ulat,,"Bunga Matahari varietas Arjuna 36. Panen pertama sekitar 64-89 hari, cocok 0-1500 mdpl, pH tanah 6.0-7.5, suhu ideal 20-30 C.",1
SKU-0215-25G,V0215,Benih Bunga Matahari Arjuna 36 (25 g),Sumber Panen,Bunga Matahari,bunga hias,Arjuna 36,OP,organik,64,89,20,30,0,1500,80,160,6.0,7.5,lempung|lempung berpasir,baik,8,lahan|polybag|pot,50x30,6,25,300,35000,21,1,hias|jual,karat daun|ulat,,"Bunga Matahari varietas Arjuna 36. Panen pertama sekitar 64-89 hari, cocok 0-1500 mdpl, pH tanah 6.0-7.5, suhu ideal 20-30 C.",1
SKU-0215-50G,V0215,Benih Bunga Matahari Arjuna 36 (50 g),Sumber Panen,Bunga Matahari,bunga hias,Arjuna 36,OP,organik,64,89,20,30,0,1500,80,160,6.0,7.5,lempung|lempung berpasir,baik,8,lahan|polybag|pot,50x30,6,50,600,61500,341,1,hias|jual,karat daun|ulat,,"Bunga Matahari varietas Arjuna 36. Panen pertama sekitar 64-89 hari, cocok 0-1500 mdpl, pH tanah 6.0-7.5, suhu ideal 20-30 C.",1
SKU-0216-10G,V0216,Benih Bunga Matahari Kencana 96 (10 g),Agro Subur,Bunga Matahari,bunga hias,Kencana 96,OP,kompak/cocok pot,67,92,20,30,0,1500,80,160,6.0,7.5,lempung|lempung berpasir,baik,8,lahan|polybag|pot,50x30,9.0,10,120,11500,128,1,hias|jual,karat daun,,"Bunga Matahari varietas Kencana 96. Panen pertama sekitar 67-92 hari, cocok 0-1500 mdpl, pH tanah 6.0-7.5, suhu ideal 20-30 C.",1
SKU-0216-25G,V0216,Benih Bunga Matahari Kencana 96 (25 g),Agro Subur,Bunga Matahari,bunga hias,Kencana 96,OP,kompak/cocok pot,67,92,20,30,0,1500,80,160,6.0,7.5,lempung|lempung berpasir,baik,8,lahan|polybag|pot,50x30,9.0,25,300,25500,332,1,hias|jual,karat daun,,"Bunga Matahari varietas Kencana 96. Panen pertama sekitar 67-92 hari, cocok 0-1500 mdpl, pH tanah 6.0-7.5, suhu ideal 20-30 C.",1
SKU-0216-50G,V0216,Benih Bunga Matahari Kencana 96 (50 g),Agro Subur,Bunga Matahari,bunga hias,Kencana 96,OP,kompak/cocok pot,67,92,20,30,0,1500,80,160,6.0,7.5,lempung|lempung berpasir,baik,8,lahan|polybag|pot,50x30,9.0,50,600,44500,337,1,hias|jual,karat daun,,"Bunga Matahari varietas Kencana 96. Panen pertama sekitar 67-92 hari, cocok 0-1500 mdpl, pH tanah 6.0-7.5, suhu ideal 20-30 C.",1
SKU-0217-5G,V0217,Benih Marigold Pelangi 67 (5 g),Tani Jaya,Marigold,bunga hias,Pelangi 67,OP,,50,65,18,30,0,1500,80,160,6.0,7.0,lempung|lempung berpasir,baik,6,lahan|polybag|pot,25x25,12,5,1500,8000,305,1,hias|jual,,,"Marigold varietas Pelangi 67. Panen pertama sekitar 50-65 hari, cocok 0-1500 mdpl, pH tanah 6.0-7.0, suhu ideal 18-30 C.",1
SKU-0217-10G,V0217,Benih Marigold Pelangi 67 (10 g),Tani Jaya,Marigold,bunga hias,Pelangi 67,OP,,50,65,18,30,0,1500,80,160,6.0,7.0,lempung|lempung berpasir,baik,6,lahan|polybag|pot,25x25,12,10,3000,14500,456,1,hias|jual,,,"Marigold varietas Pelangi 67. Panen pertama sekitar 50-65 hari, cocok 0-1500 mdpl, pH tanah 6.0-7.0, suhu ideal 18-30 C.",1
SKU-0217-25G,V0217,Benih Marigold Pelangi 67 (25 g),Tani Jaya,Marigold,bunga hias,Pelangi 67,OP,,50,65,18,30,0,1500,80,160,6.0,7.0,lempung|lempung berpasir,baik,6,lahan|polybag|pot,25x25,12,25,7500,31500,197,1,hias|jual,,,"Marigold varietas Pelangi 67. Panen pertama sekitar 50-65 hari, cocok 0-1500 mdpl, pH tanah 6.0-7.0, suhu ideal 18-30 C.",1
SKU-0218-5G,V0218,Benih Marigold Tirta 35 (5 g),Sumber Panen,Marigold,bunga hias,Tirta 35,OP,kompak/cocok pot,47,62,18,30,0,1500,80,160,6.0,7.0,lempung|lempung berpasir,baik,6,lahan|polybag|pot,25x25,18.0,5,1500,8500,315,1,hias|jual,kutu daun,,"Marigold varietas Tirta 35. Panen pertama sekitar 47-62 hari, cocok 0-1500 mdpl, pH tanah 6.0-7.0, suhu ideal 18-30 C.",1
SKU-0218-10G,V0218,Benih Marigold Tirta 35 (10 g),Sumber Panen,Marigold,bunga hias,Tirta 35,OP,kompak/cocok pot,47,62,18,30,0,1500,80,160,6.0,7.0,lempung|lempung berpasir,baik,6,lahan|polybag|pot,25x25,18.0,10,3000,15500,210,1,hias|jual,kutu daun,,"Marigold varietas Tirta 35. Panen pertama sekitar 47-62 hari, cocok 0-1500 mdpl, pH tanah 6.0-7.0, suhu ideal 18-30 C.",1
SKU-0218-25G,V0218,Benih Marigold Tirta 35 (25 g),Sumber Panen,Marigold,bunga hias,Tirta 35,OP,kompak/cocok pot,47,62,18,30,0,1500,80,160,6.0,7.0,lempung|lempung berpasir,baik,6,lahan|polybag|pot,25x25,18.0,25,7500,33500,188,1,hias|jual,kutu daun,,"Marigold varietas Tirta 35. Panen pertama sekitar 47-62 hari, cocok 0-1500 mdpl, pH tanah 6.0-7.0, suhu ideal 18-30 C.",1
SKU-0219-5G,V0219,Benih Marigold Fajar 68 (5 g),Agro Subur,Marigold,bunga hias,Fajar 68,OP,organik,53,68,18,30,0,1500,80,160,6.0,7.0,lempung|lempung berpasir,baik,6,lahan|polybag|pot,25x25,12,5,1500,12500,354,1,hias|jual,,,"Marigold varietas Fajar 68. Panen pertama sekitar 53-68 hari, cocok 0-1500 mdpl, pH tanah 6.0-7.0, suhu ideal 18-30 C.",1
SKU-0219-10G,V0219,Benih Marigold Fajar 68 (10 g),Agro Subur,Marigold,bunga hias,Fajar 68,OP,organik,53,68,18,30,0,1500,80,160,6.0,7.0,lempung|lempung berpasir,baik,6,lahan|polybag|pot,25x25,12,10,3000,22000,70,1,hias|jual,,,"Marigold varietas Fajar 68. Panen pertama sekitar 53-68 hari, cocok 0-1500 mdpl, pH tanah 6.0-7.0, suhu ideal 18-30 C.",1
SKU-0219-25G,V0219,Benih Marigold Fajar 68 (25 g),Agro Subur,Marigold,bunga hias,Fajar 68,OP,organik,53,68,18,30,0,1500,80,160,6.0,7.0,lempung|lempung berpasir,baik,6,lahan|polybag|pot,25x25,12,25,7500,48500,69,1,hias|jual,,,"Marigold varietas Fajar 68. Panen pertama sekitar 53-68 hari, cocok 0-1500 mdpl, pH tanah 6.0-7.0, suhu ideal 18-30 C.",1
SKU-0220-5G,V0220,Benih Marigold Rimba 57 (5 g),Agro Subur,Marigold,bunga hias,Rimba 57,OP,genjah,43,56,18,30,0,1500,80,160,6.0,7.0,lempung|lempung berpasir,baik,6,lahan|polybag|pot,25x25,12,5,1500,9000,285,1,hias|jual,kutu daun,,"Marigold varietas Rimba 57. Panen pertama sekitar 43-56 hari, cocok 0-1500 mdpl, pH tanah 6.0-7.0, suhu ideal 18-30 C.",1
SKU-0220-10G,V0220,Benih Marigold Rimba 57 (10 g),Agro Subur,Marigold,bunga hias,Rimba 57,OP,genjah,43,56,18,30,0,1500,80,160,6.0,7.0,lempung|lempung berpasir,baik,6,lahan|polybag|pot,25x25,12,10,3000,16000,340,1,hias|jual,kutu daun,,"Marigold varietas Rimba 57. Panen pertama sekitar 43-56 hari, cocok 0-1500 mdpl, pH tanah 6.0-7.0, suhu ideal 18-30 C.",1
SKU-0220-25G,V0220,Benih Marigold Rimba 57 (25 g),Agro Subur,Marigold,bunga hias,Rimba 57,OP,genjah,43,56,18,30,0,1500,80,160,6.0,7.0,lempung|lempung berpasir,baik,6,lahan|polybag|pot,25x25,12,25,7500,34500,98,1,hias|jual,kutu daun,,"Marigold varietas Rimba 57. Panen pertama sekitar 43-56 hari, cocok 0-1500 mdpl, pH tanah 6.0-7.0, suhu ideal 18-30 C.",1
SKU-0221-5G,V0221,Benih Marigold Garuda 31 (5 g),Sumber Panen,Marigold,bunga hias,Garuda 31,OP,tahan kering,49,64,18,30,0,1500,50,120,6.0,7.0,lempung|lempung berpasir,baik,6,lahan|polybag|pot,25x25,12,5,1500,8500,14,1,hias|jual,kutu daun,,"Marigold varietas Garuda 31. Panen pertama sekitar 49-64 hari, cocok 0-1500 mdpl, pH tanah 6.0-7.0, suhu ideal 18-30 C.",1
SKU-0221-10G,V0221,Benih Marigold Garuda 31 (10 g),Sumber Panen,Marigold,bunga hias,Garuda 31,OP,tahan kering,49,64,18,30,0,1500,50,120,6.0,7.0,lempung|lempung berpasir,baik,6,lahan|polybag|pot,25x25,12,10,3000,15000,109,1,hias|jual,kutu daun,,"Marigold varietas Garuda 31. Panen pertama sekitar 49-64 hari, cocok 0-1500 mdpl, pH tanah 6.0-7.0, suhu ideal 18-30 C.",1
SKU-0221-25G,V0221,Benih Marigold Garuda 31 (25 g),Sumber Panen,Marigold,bunga hias,Garuda 31,OP,tahan kering,49,64,18,30,0,1500,50,120,6.0,7.0,lempung|lempung berpasir,baik,6,lahan|polybag|pot,25x25,12,25,7500,32500,297,1,hias|jual,kutu daun,,"Marigold varietas Garuda 31. Panen pertama sekitar 49-64 hari, cocok 0-1500 mdpl, pH tanah 6.0-7.0, suhu ideal 18-30 C.",1
SKU-0222-5G,V0222,Benih Marigold Permata 93 (5 g),Sumber Panen,Marigold,bunga hias,Permata 93,OP,tahan hujan,50,65,18,30,0,1500,80,240,6.0,7.0,lempung|lempung berpasir,sedang,6,lahan|polybag|pot,25x25,12,5,1500,9500,25,1,hias|jual,kutu daun,,"Marigold varietas Permata 93. Panen pertama sekitar 50-65 hari, cocok 0-1500 mdpl, pH tanah 6.0-7.0, suhu ideal 18-30 C.",1
SKU-0222-10G,V0222,Benih Marigold Permata 93 (10 g),Sumber Panen,Marigold,bunga hias,Permata 93,OP,tahan hujan,50,65,18,30,0,1500,80,240,6.0,7.0,lempung|lempung berpasir,sedang,6,lahan|polybag|pot,25x25,12,10,3000,17000,122,1,hias|jual,kutu daun,,"Marigold varietas Permata 93. Panen pertama sekitar 50-65 hari, cocok 0-1500 mdpl, pH tanah 6.0-7.0, suhu ideal 18-30 C.",1
SKU-0222-25G,V0222,Benih Marigold Permata 93 (25 g),Sumber Panen,Marigold,bunga hias,Permata 93,OP,tahan hujan,50,65,18,30,0,1500,80,240,6.0,7.0,lempung|lempung berpasir,sedang,6,lahan|polybag|pot,25x25,12,25,7500,37500,150,1,hias|jual,kutu daun,,"Marigold varietas Permata 93. Panen pertama sekitar 50-65 hari, cocok 0-1500 mdpl, pH tanah 6.0-7.0, suhu ideal 18-30 C.",1
SKU-0223-5G,V0223,Benih Zinnia Anggun 73 (5 g),TaniMas,Zinnia,bunga hias,Anggun 73,OP,,56,71,18,30,0,1500,80,160,6.0,7.0,lempung|lempung berpasir,baik,7,lahan|polybag|pot,25x25,12,5,650,11500,431,1,hias|jual,,,"Zinnia varietas Anggun 73. Panen pertama sekitar 56-71 hari, cocok 0-1500 mdpl, pH tanah 6.0-7.0, suhu ideal 18-30 C.",1
SKU-0223-10G,V0223,Benih Zinnia Anggun 73 (10 g),TaniMas,Zinnia,bunga hias,Anggun 73,OP,,56,71,18,30,0,1500,80,160,6.0,7.0,lempung|lempung berpasir,baik,7,lahan|polybag|pot,25x25,12,10,1300,20500,399,1,hias|jual,,,"Zinnia varietas Anggun 73. Panen pertama sekitar 56-71 hari, cocok 0-1500 mdpl, pH tanah 6.0-7.0, suhu ideal 18-30 C.",1
SKU-0224-5G,V0224,Benih Zinnia Arjuna 79 (5 g),Kebun Lestari,Zinnia,bunga hias,Arjuna 79,OP,tahan panas,55,70,18,33,0,1500,80,160,6.0,7.0,lempung|lempung berpasir,baik,7,lahan|polybag|pot,25x25,12,5,650,11500,26,1,hias|jual,,,"Zinnia varietas Arjuna 79. Panen pertama sekitar 55-70 hari, cocok 0-1500 mdpl, pH tanah 6.0-7.0, suhu ideal 18-33 C.",1
SKU-0224-10G,V0224,Benih Zinnia Arjuna 79 (10 g),Kebun Lestari,Zinnia,bunga hias,Arjuna 79,OP,tahan panas,55,70,18,33,0,1500,80,160,6.0,7.0,lempung|lempung berpasir,baik,7,lahan|polybag|pot,25x25,12,10,1300,20500,188,1,hias|jual,,,"Zinnia varietas Arjuna 79. Panen pertama sekitar 55-70 hari, cocok 0-1500 mdpl, pH tanah 6.0-7.0, suhu ideal 18-33 C.",1
SKU-0225-5G,V0225,Benih Zinnia Kartika 21 (5 g),Sumber Panen,Zinnia,bunga hias,Kartika 21,OP,tahan hujan,58,73,18,30,0,1500,80,240,6.0,7.0,lempung|lempung berpasir,sedang,7,lahan|polybag|pot,25x25,12,5,650,14500,311,1,hias|jual,embun tepung,,"Zinnia varietas Kartika 21. Panen pertama sekitar 58-73 hari, cocok 0-1500 mdpl, pH tanah 6.0-7.0, suhu ideal 18-30 C.",1
SKU-0225-10G,V0225,Benih Zinnia Kartika 21 (10 g),Sumber Panen,Zinnia,bunga hias,Kartika 21,OP,tahan hujan,58,73,18,30,0,1500,80,240,6.0,7.0,lempung|lempung berpasir,sedang,7,lahan|polybag|pot,25x25,12,10,1300,25500,450,1,hias|jual,embun tepung,,"Zinnia varietas Kartika 21. Panen pertama sekitar 58-73 hari, cocok 0-1500 mdpl, pH tanah 6.0-7.0, suhu ideal 18-30 C.",1
SKU-0226-5G,V0226,Benih Zinnia Mutiara 88 (5 g),Tani Jaya,Zinnia,bunga hias,Mutiara 88,OP,dataran tinggi,53,68,16,28,500,1900,80,160,6.0,7.0,lempung|lempung berpasir,baik,7,lahan|polybag|pot,25x25,12,5,650,13000,301,1,hias|jual,,,"Zinnia varietas Mutiara 88. Panen pertama sekitar 53-68 hari, cocok 500-1900 mdpl, pH tanah 6.0-7.0, suhu ideal 16-28 C.",1
SKU-0226-10G,V0226,Benih Zinnia Mutiara 88 (10 g),Tani Jaya,Zinnia,bunga hias,Mutiara 88,OP,dataran tinggi,53,68,16,28,500,1900,80,160,6.0,7.0,lempung|lempung berpasir,baik,7,lahan|polybag|pot,25x25,12,10,1300,23000,153,1,hias|jual,,,"Zinnia varietas Mutiara 88. Panen pertama sekitar 53-68 hari, cocok 500-1900 mdpl, pH tanah 6.0-7.0, suhu ideal 16-28 C.",1
SKU-0227-5G,V0227,Benih Zinnia Intan 78 (5 g),Agro Subur,Zinnia,bunga hias,Intan 78,OP,organik,54,69,18,30,0,1500,80,160,6.0,7.0,lempung|lempung berpasir,baik,7,lahan|polybag|pot,25x25,12,5,650,18500,470,1,hias|jual,,,"Zinnia varietas Intan 78. Panen pertama sekitar 54-69 hari, cocok 0-1500 mdpl, pH tanah 6.0-7.0, suhu ideal 18-30 C.",1
SKU-0227-10G,V0227,Benih Zinnia Intan 78 (10 g),Agro Subur,Zinnia,bunga hias,Intan 78,OP,organik,54,69,18,30,0,1500,80,160,6.0,7.0,lempung|lempung berpasir,baik,7,lahan|polybag|pot,25x25,12,10,1300,32500,58,1,hias|jual,,,"Zinnia varietas Intan 78. Panen pertama sekitar 54-69 hari, cocok 0-1500 mdpl, pH tanah 6.0-7.0, suhu ideal 18-30 C.",1
SKU-0228-5G,V0228,Benih Zinnia Gading 62 F1 (5 g),Benih Nusantara,Zinnia,bunga hias,Gading 62 F1,F1,hibrida,54,69,18,30,0,1500,80,160,6.0,7.0,lempung|lempung berpasir,baik,7,lahan|polybag|pot,25x25,12,5,650,25000,434,2,hias|jual,embun tepung,,"Zinnia varietas Gading 62 F1. Panen pertama sekitar 54-69 hari, cocok 0-1500 mdpl, pH tanah 6.0-7.0, suhu ideal 18-30 C.",1
SKU-0228-10G,V0228,Benih Zinnia Gading 62 F1 (10 g),Benih Nusantara,Zinnia,bunga hias,Gading 62 F1,F1,hibrida,54,69,18,30,0,1500,80,160,6.0,7.0,lempung|lempung berpasir,baik,7,lahan|polybag|pot,25x25,12,10,1300,44000,441,2,hias|jual,embun tepung,,"Zinnia varietas Gading 62 F1. Panen pertama sekitar 54-69 hari, cocok 0-1500 mdpl, pH tanah 6.0-7.0, suhu ideal 18-30 C.",1
SKU-0229-5G,V0229,Benih Kosmos Bintang 63 (5 g),Tani Jaya,Kosmos,bunga hias,Bintang 63,OP,,60,80,15,27,300,1500,80,160,6.0,7.0,lempung|lempung berpasir,baik,6,lahan|polybag|pot,30x30,10,5,1100,9000,393,1,hias|jual,,,"Kosmos varietas Bintang 63. Panen pertama sekitar 60-80 hari, cocok 300-1500 mdpl, pH tanah 6.0-7.0, suhu ideal 15-27 C.",1
SKU-0229-10G,V0229,Benih Kosmos Bintang 63 (10 g),Tani Jaya,Kosmos,bunga hias,Bintang 63,OP,,60,80,15,27,300,1500,80,160,6.0,7.0,lempung|lempung berpasir,baik,6,lahan|polybag|pot,30x30,10,10,2200,16000,489,1,hias|jual,,,"Kosmos varietas Bintang 63. Panen pertama sekitar 60-80 hari, cocok 300-1500 mdpl, pH tanah 6.0-7.0, suhu ideal 15-27 C.",1
SKU-0229-25G,V0229,Benih Kosmos Bintang 63 (25 g),Tani Jaya,Kosmos,bunga hias,Bintang 63,OP,,60,80,15,27,300,1500,80,160,6.0,7.0,lempung|lempung berpasir,baik,6,lahan|polybag|pot,30x30,10,25,5500,35500,242,1,hias|jual,,,"Kosmos varietas Bintang 63. Panen pertama sekitar 60-80 hari, cocok 300-1500 mdpl, pH tanah 6.0-7.0, suhu ideal 15-27 C.",1
SKU-0230-5G,V0230,Benih Kosmos Sinar 51 (5 g),Benih Nusantara,Kosmos,bunga hias,Sinar 51,OP,kompak/cocok pot,63,83,15,27,300,1500,80,160,6.0,7.0,lempung|lempung berpasir,baik,6,lahan|polybag|pot,30x30,15.0,5,1100,11000,350,1,hias|jual,,,"Kosmos varietas Sinar 51. Panen pertama sekitar 63-83 hari, cocok 300-1500 mdpl, pH tanah 6.0-7.0, suhu ideal 15-27 C.",1
SKU-0230-10G,V0230,Benih Kosmos Sinar 51 (10 g),Benih Nusantara,Kosmos,bunga hias,Sinar 51,OP,kompak/cocok pot,63,83,15,27,300,1500,80,160,6.0,7.0,lempung|lempung berpasir,baik,6,lahan|polybag|pot,30x30,15.0,10,2200,19000,445,1,hias|jual,,,"Kosmos varietas Sinar 51. Panen pertama sekitar 63-83 hari, cocok 300-1500 mdpl, pH tanah 6.0-7.0, suhu ideal 15-27 C.",1
SKU-0230-25G,V0230,Benih Kosmos Sinar 51 (25 g),Benih Nusantara,Kosmos,bunga hias,Sinar 51,OP,kompak/cocok pot,63,83,15,27,300,1500,80,160,6.0,7.0,lempung|lempung berpasir,baik,6,lahan|polybag|pot,30x30,15.0,25,5500,42500,283,1,hias|jual,,,"Kosmos varietas Sinar 51. Panen pertama sekitar 63-83 hari, cocok 300-1500 mdpl, pH tanah 6.0-7.0, suhu ideal 15-27 C.",1
SKU-0231-5G,V0231,Benih Kosmos Cempaka 37 F1 (5 g),Tani Jaya,Kosmos,bunga hias,Cempaka 37 F1,F1,hibrida,63,83,15,27,300,1500,80,160,6.0,7.0,lempung|lempung berpasir,baik,6,lahan|polybag|pot,30x30,10,5,1100,17000,299,1,hias|jual,kutu daun,,"Kosmos varietas Cempaka 37 F1. Panen pertama sekitar 63-83 hari, cocok 300-1500 mdpl, pH tanah 6.0-7.0, suhu ideal 15-27 C.",1
SKU-0231-10G,V0231,Benih Kosmos Cempaka 37 F1 (10 g),Tani Jaya,Kosmos,bunga hias,Cempaka 37 F1,F1,hibrida,63,83,15,27,300,1500,80,160,6.0,7.0,lempung|lempung berpasir,baik,6,lahan|polybag|pot,30x30,10,10,2200,30000,413,1,hias|jual,kutu daun,,"Kosmos varietas Cempaka 37 F1. Panen pertama sekitar 63-83 hari, cocok 300-1500 mdpl, pH tanah 6.0-7.0, suhu ideal 15-27 C.",1
SKU-0231-25G,V0231,Benih Kosmos Cempaka 37 F1 (25 g),Tani Jaya,Kosmos,bunga hias,Cempaka 37 F1,F1,hibrida,63,83,15,27,300,1500,80,160,6.0,7.0,lempung|lempung berpasir,baik,6,lahan|polybag|pot,30x30,10,25,5500,66500,359,1,hias|jual,kutu daun,,"Kosmos varietas Cempaka 37 F1. Panen pertama sekitar 63-83 hari, cocok 300-1500 mdpl, pH tanah 6.0-7.0, suhu ideal 15-27 C.",1
SKU-0232-5G,V0232,Benih Kosmos Perkasa 16 (5 g),Benih Nusantara,Kosmos,bunga hias,Perkasa 16,OP,dataran tinggi,57,77,13,25,500,1900,80,160,6.0,7.0,lempung|lempung berpasir,baik,6,lahan|polybag|pot,30x30,10,5,1100,10500,90,1,hias|jual,kutu daun,,"Kosmos varietas Perkasa 16. Panen pertama sekitar 57-77 hari, cocok 500-1900 mdpl, pH tanah 6.0-7.0, suhu ideal 13-25 C.",1
SKU-0232-10G,V0232,Benih Kosmos Perkasa 16 (10 g),Benih Nusantara,Kosmos,bunga hias,Perkasa 16,OP,dataran tinggi,57,77,13,25,500,1900,80,160,6.0,7.0,lempung|lempung berpasir,baik,6,lahan|polybag|pot,30x30,10,10,2200,18500,10,1,hias|jual,kutu daun,,"Kosmos varietas Perkasa 16. Panen pertama sekitar 57-77 hari, cocok 500-1900 mdpl, pH tanah 6.0-7.0, suhu ideal 13-25 C.",1
SKU-0232-25G,V0232,Benih Kosmos Perkasa 16 (25 g),Benih Nusantara,Kosmos,bunga hias,Perkasa 16,OP,dataran tinggi,57,77,13,25,500,1900,80,160,6.0,7.0,lempung|lempung berpasir,baik,6,lahan|polybag|pot,30x30,10,25,5500,41000,229,1,hias|jual,kutu daun,,"Kosmos varietas Perkasa 16. Panen pertama sekitar 57-77 hari, cocok 500-1900 mdpl, pH tanah 6.0-7.0, suhu ideal 13-25 C.",1
SKU-0233-5G,V0233,Benih Kosmos Pelangi 98 (5 g),Agro Subur,Kosmos,bunga hias,Pelangi 98,OP,tahan hujan,62,82,15,27,300,1500,80,240,6.0,7.0,lempung|lempung berpasir,sedang,6,lahan|polybag|pot,30x30,10,5,1100,10000,194,1,hias|jual,,,"Kosmos varietas Pelangi 98. Panen pertama sekitar 62-82 hari, cocok 300-1500 mdpl, pH tanah 6.0-7.0, suhu ideal 15-27 C.",1
SKU-0233-10G,V0233,Benih Kosmos Pelangi 98 (10 g),Agro Subur,Kosmos,bunga hias,Pelangi 98,OP,tahan hujan,62,82,15,27,300,1500,80,240,6.0,7.0,lempung|lempung berpasir,sedang,6,lahan|polybag|pot,30x30,10,10,2200,17000,200,1,hias|jual,,,"Kosmos varietas Pelangi 98. Panen pertama sekitar 62-82 hari, cocok 300-1500 mdpl, pH tanah 6.0-7.0, suhu ideal 15-27 C.",1
SKU-0233-25G,V0233,Benih Kosmos Pelangi 98 (25 g),Agro Subur,Kosmos,bunga hias,Pelangi 98,OP,tahan hujan,62,82,15,27,300,1500,80,240,6.0,7.0,lempung|lempung berpasir,sedang,6,lahan|polybag|pot,30x30,10,25,5500,38000,342,1,hias|jual,,,"Kosmos varietas Pelangi 98. Panen pertama sekitar 62-82 hari, cocok 300-1500 mdpl, pH tanah 6.0-7.0, suhu ideal 15-27 C.",1
SKU-0234-5G,V0234,Benih Kosmos Rimba 16 (5 g),Tani Jaya,Kosmos,bunga hias,Rimba 16,OP,dataran rendah,62,82,16,29,0,700,80,160,6.0,7.0,lempung|lempung berpasir,baik,6,lahan|polybag|pot,30x30,10,5,1100,10000,370,1,hias|jual,kutu daun,,"Kosmos varietas Rimba 16. Panen pertama sekitar 62-82 hari, cocok 0-700 mdpl, pH tanah 6.0-7.0, suhu ideal 16-29 C.",1
SKU-0234-10G,V0234,Benih Kosmos Rimba 16 (10 g),Tani Jaya,Kosmos,bunga hias,Rimba 16,OP,dataran rendah,62,82,16,29,0,700,80,160,6.0,7.0,lempung|lempung berpasir,baik,6,lahan|polybag|pot,30x30,10,10,2200,17000,119,1,hias|jual,kutu daun,,"Kosmos varietas Rimba 16. Panen pertama sekitar 62-82 hari, cocok 0-700 mdpl, pH tanah 6.0-7.0, suhu ideal 16-29 C.",1
SKU-0234-25G,V0234,Benih Kosmos Rimba 16 (25 g),Tani Jaya,Kosmos,bunga hias,Rimba 16,OP,dataran rendah,62,82,16,29,0,700,80,160,6.0,7.0,lempung|lempung berpasir,baik,6,lahan|polybag|pot,30x30,10,25,5500,38000,77,1,hias|jual,kutu daun,,"Kosmos varietas Rimba 16. Panen pertama sekitar 62-82 hari, cocok 0-700 mdpl, pH tanah 6.0-7.0, suhu ideal 16-29 C.",1
SKU-0235-25G,V0235,Benih Edamame Dewi 25 (25 g),Tani Jaya,Edamame,kacang-kacangan,Dewi 25,OP,,67,82,22,30,0,800,80,160,6.0,7.0,lempung|lempung berpasir,baik,7,lahan|polybag,40x15,16,25,100,21000,170,1,konsumsi|jual,,5.0-9.0,"Edamame varietas Dewi 25. Panen pertama sekitar 67-82 hari, cocok 0-800 mdpl, pH tanah 6.0-7.0, suhu ideal 22-30 C.",1
SKU-0235-50G,V0235,Benih Edamame Dewi 25 (50 g),Tani Jaya,Edamame,kacang-kacangan,Dewi 25,OP,,67,82,22,30,0,800,80,160,6.0,7.0,lempung|lempung berpasir,baik,7,lahan|polybag,40x15,16,50,200,37000,163,1,konsumsi|jual,,5.0-9.0,"Edamame varietas Dewi 25. Panen pertama sekitar 67-82 hari, cocok 0-800 mdpl, pH tanah 6.0-7.0, suhu ideal 22-30 C.",1
SKU-0235-100G,V0235,Benih Edamame Dewi 25 (100 g),Tani Jaya,Edamame,kacang-kacangan,Dewi 25,OP,,67,82,22,30,0,800,80,160,6.0,7.0,lempung|lempung berpasir,baik,7,lahan|polybag,40x15,16,100,400,65000,406,1,konsumsi|jual,,5.0-9.0,"Edamame varietas Dewi 25. Panen pertama sekitar 67-82 hari, cocok 0-800 mdpl, pH tanah 6.0-7.0, suhu ideal 22-30 C.",1
SKU-0236-25G,V0236,Benih Edamame Perkasa 27 (25 g),Agro Subur,Edamame,kacang-kacangan,Perkasa 27,OP,tahan panas,62,77,22,33,0,800,80,160,6.0,7.0,lempung|lempung berpasir,baik,7,lahan|polybag,40x15,16,25,100,23000,331,1,konsumsi|jual,ulat polong|karat daun,5.0-9.0,"Edamame varietas Perkasa 27. Panen pertama sekitar 62-77 hari, cocok 0-800 mdpl, pH tanah 6.0-7.0, suhu ideal 22-33 C.",1
SKU-0236-50G,V0236,Benih Edamame Perkasa 27 (50 g),Agro Subur,Edamame,kacang-kacangan,Perkasa 27,OP,tahan panas,62,77,22,33,0,800,80,160,6.0,7.0,lempung|lempung berpasir,baik,7,lahan|polybag,40x15,16,50,200,41000,480,1,konsumsi|jual,ulat polong|karat daun,5.0-9.0,"Edamame varietas Perkasa 27. Panen pertama sekitar 62-77 hari, cocok 0-800 mdpl, pH tanah 6.0-7.0, suhu ideal 22-33 C.",1
SKU-0236-100G,V0236,Benih Edamame Perkasa 27 (100 g),Agro Subur,Edamame,kacang-kacangan,Perkasa 27,OP,tahan panas,62,77,22,33,0,800,80,160,6.0,7.0,lempung|lempung berpasir,baik,7,lahan|polybag,40x15,16,100,400,72000,361,1,konsumsi|jual,ulat polong|karat daun,5.0-9.0,"Edamame varietas Perkasa 27. Panen pertama sekitar 62-77 hari, cocok 0-800 mdpl, pH tanah 6.0-7.0, suhu ideal 22-33 C.",1
SKU-0237-25G,V0237,Benih Edamame Arjuna 37 F1 (25 g),TaniMas,Edamame,kacang-kacangan,Arjuna 37 F1,F1,hibrida,62,77,22,30,0,800,80,160,6.0,7.0,lempung|lempung berpasir,baik,7,lahan|polybag,40x15,16,25,100,38000,415,2,konsumsi|jual,ulat polong|karat daun,6.2-11.2,"Edamame varietas Arjuna 37 F1. Panen pertama sekitar 62-77 hari, cocok 0-800 mdpl, pH tanah 6.0-7.0, suhu ideal 22-30 C.",1
SKU-0237-50G,V0237,Benih Edamame Arjuna 37 F1 (50 g),TaniMas,Edamame,kacang-kacangan,Arjuna 37 F1,F1,hibrida,62,77,22,30,0,800,80,160,6.0,7.0,lempung|lempung berpasir,baik,7,lahan|polybag,40x15,16,50,200,66500,151,2,konsumsi|jual,ulat polong|karat daun,6.2-11.2,"Edamame varietas Arjuna 37 F1. Panen pertama sekitar 62-77 hari, cocok 0-800 mdpl, pH tanah 6.0-7.0, suhu ideal 22-30 C.",1
SKU-0237-100G,V0237,Benih Edamame Arjuna 37 F1 (100 g),TaniMas,Edamame,kacang-kacangan,Arjuna 37 F1,F1,hibrida,62,77,22,30,0,800,80,160,6.0,7.0,lempung|lempung berpasir,baik,7,lahan|polybag,40x15,16,100,400,117500,137,2,konsumsi|jual,ulat polong|karat daun,6.2-11.2,"Edamame varietas Arjuna 37 F1. Panen pertama sekitar 62-77 hari, cocok 0-800 mdpl, pH tanah 6.0-7.0, suhu ideal 22-30 C.",1
SKU-0238-25G,V0238,Benih Edamame Garuda 86 (25 g),Greenfield Seeds,Edamame,kacang-kacangan,Garuda 86,OP,genjah,58,71,22,30,0,800,80,160,6.0,7.0,lempung|lempung berpasir,baik,7,lahan|polybag,40x15,16,25,100,25500,320,1,konsumsi|jual,,4.5-8.1,"Edamame varietas Garuda 86. Panen pertama sekitar 58-71 hari, cocok 0-800 mdpl, pH tanah 6.0-7.0, suhu ideal 22-30 C.",1
SKU-0238-50G,V0238,Benih Edamame Garuda 86 (50 g),Greenfield Seeds,Edamame,kacang-kacangan,Garuda 86,OP,genjah,58,71,22,30,0,800,80,160,6.0,7.0,lempung|lempung berpasir,baik,7,lahan|polybag,40x15,16,50,200,45000,392,1,konsumsi|jual,,4.5-8.1,"Edamame varietas Garuda 86. Panen pertama sekitar 58-71 hari, cocok 0-800 mdpl, pH tanah 6.0-7.0, suhu ideal 22-30 C.",1
SKU-0238-100G,V0238,Benih Edamame Garuda 86 (100 g),Greenfield Seeds,Edamame,kacang-kacangan,Garuda 86,OP,genjah,58,71,22,30,0,800,80,160,6.0,7.0,lempung|lempung berpasir,baik,7,lahan|polybag,40x15,16,100,400,79000,340,1,konsumsi|jual,,4.5-8.1,"Edamame varietas Garuda 86. Panen pertama sekitar 58-71 hari, cocok 0-800 mdpl, pH tanah 6.0-7.0, suhu ideal 22-30 C.",1
SKU-0239-25G,V0239,Benih Edamame Bara 40 (25 g),Sumber Panen,Edamame,kacang-kacangan,Bara 40,OP,kompak/cocok pot,65,80,22,30,0,800,80,160,6.0,7.0,lempung|lempung berpasir,baik,7,lahan|polybag|pot,40x15,24.0,25,100,21000,194,1,konsumsi|jual,ulat polong|karat daun,3.0-5.4,"Edamame varietas Bara 40. Panen pertama sekitar 65-80 hari, cocok 0-800 mdpl, pH tanah 6.0-7.0, suhu ideal 22-30 C.",1
SKU-0239-50G,V0239,Benih Edamame Bara 40 (50 g),Sumber Panen,Edamame,kacang-kacangan,Bara 40,OP,kompak/cocok pot,65,80,22,30,0,800,80,160,6.0,7.0,lempung|lempung berpasir,baik,7,lahan|polybag|pot,40x15,24.0,50,200,37000,77,1,konsumsi|jual,ulat polong|karat daun,3.0-5.4,"Edamame varietas Bara 40. Panen pertama sekitar 65-80 hari, cocok 0-800 mdpl, pH tanah 6.0-7.0, suhu ideal 22-30 C.",1
SKU-0239-100G,V0239,Benih Edamame Bara 40 (100 g),Sumber Panen,Edamame,kacang-kacangan,Bara 40,OP,kompak/cocok pot,65,80,22,30,0,800,80,160,6.0,7.0,lempung|lempung berpasir,baik,7,lahan|polybag|pot,40x15,24.0,100,400,64500,439,1,konsumsi|jual,ulat polong|karat daun,3.0-5.4,"Edamame varietas Bara 40. Panen pertama sekitar 65-80 hari, cocok 0-800 mdpl, pH tanah 6.0-7.0, suhu ideal 22-30 C.",1
SKU-0240-25G,V0240,Benih Edamame Rajawali 63 (25 g),BibitKu,Edamame,kacang-kacangan,Rajawali 63,OP,dataran rendah,66,81,23,32,0,800,80,160,6.0,7.0,lempung|lempung berpasir,baik,7,lahan|polybag,40x15,16,25,100,24000,18,1,konsumsi|jual,,5.0-9.0,"Edamame varietas Rajawali 63. Panen pertama sekitar 66-81 hari, cocok 0-800 mdpl, pH tanah 6.0-7.0, suhu ideal 23-32 C.",1
SKU-0240-50G,V0240,Benih Edamame Rajawali 63 (50 g),BibitKu,Edamame,kacang-kacangan,Rajawali 63,OP,dataran rendah,66,81,23,32,0,800,80,160,6.0,7.0,lempung|lempung berpasir,baik,7,lahan|polybag,40x15,16,50,200,42500,17,1,konsumsi|jual,,5.0-9.0,"Edamame varietas Rajawali 63. Panen pertama sekitar 66-81 hari, cocok 0-800 mdpl, pH tanah 6.0-7.0, suhu ideal 23-32 C.",1
SKU-0240-100G,V0240,Benih Edamame Rajawali 63 (100 g),BibitKu,Edamame,kacang-kacangan,Rajawali 63,OP,dataran rendah,66,81,23,32,0,800,80,160,6.0,7.0,lempung|lempung berpasir,baik,7,lahan|polybag,40x15,16,100,400,74500,30,1,konsumsi|jual,,5.0-9.0,"Edamame varietas Rajawali 63. Panen pertama sekitar 66-81 hari, cocok 0-800 mdpl, pH tanah 6.0-7.0, suhu ideal 23-32 C.",1
SKU-0241-100G,V0241,Benih Kacang Tanah Perkasa 63 (100 g),Tani Jaya,Kacang Tanah,kacang-kacangan,Perkasa 63,OP,,87,102,25,32,0,800,60,140,5.5,6.8,lempung berpasir,baik,8,lahan|polybag,40x15,16,100,180,25000,52,1,konsumsi|jual,bercak daun|layu bakteri,2.0-4.0,"Kacang Tanah varietas Perkasa 63. Panen pertama sekitar 87-102 hari, cocok 0-800 mdpl, pH tanah 5.5-6.8, suhu ideal 25-32 C.",1
SKU-0241-250G,V0241,Benih Kacang Tanah Perkasa 63 (250 g),Tani Jaya,Kacang Tanah,kacang-kacangan,Perkasa 63,OP,,87,102,25,32,0,800,60,140,5.5,6.8,lempung berpasir,baik,8,lahan|polybag,40x15,16,250,450,55000,271,1,konsumsi|jual,bercak daun|layu bakteri,2.0-4.0,"Kacang Tanah varietas Perkasa 63. Panen pertama sekitar 87-102 hari, cocok 0-800 mdpl, pH tanah 5.5-6.8, suhu ideal 25-32 C.",1
SKU-0241-500G,V0241,Benih Kacang Tanah Perkasa 63 (500 g),Tani Jaya,Kacang Tanah,kacang-kacangan,Perkasa 63,OP,,87,102,25,32,0,800,60,140,5.5,6.8,lempung berpasir,baik,8,lahan|polybag,40x15,16,500,900,97000,423,1,konsumsi|jual,bercak daun|layu bakteri,2.0-4.0,"Kacang Tanah varietas Perkasa 63. Panen pertama sekitar 87-102 hari, cocok 0-800 mdpl, pH tanah 5.5-6.8, suhu ideal 25-32 C.",1
SKU-0242-100G,V0242,Benih Kacang Tanah Gading 78 (100 g),BibitKu,Kacang Tanah,kacang-kacangan,Gading 78,OP,genjah,72,85,25,32,0,800,60,140,5.5,6.8,lempung berpasir,baik,8,lahan|polybag,40x15,16,100,180,26000,168,1,konsumsi|jual,bercak daun|layu bakteri,1.8-3.6,"Kacang Tanah varietas Gading 78. Panen pertama sekitar 72-85 hari, cocok 0-800 mdpl, pH tanah 5.5-6.8, suhu ideal 25-32 C.",1
SKU-0242-250G,V0242,Benih Kacang Tanah Gading 78 (250 g),BibitKu,Kacang Tanah,kacang-kacangan,Gading 78,OP,genjah,72,85,25,32,0,800,60,140,5.5,6.8,lempung berpasir,baik,8,lahan|polybag,40x15,16,250,450,57500,383,1,konsumsi|jual,bercak daun|layu bakteri,1.8-3.6,"Kacang Tanah varietas Gading 78. Panen pertama sekitar 72-85 hari, cocok 0-800 mdpl, pH tanah 5.5-6.8, suhu ideal 25-32 C.",1
SKU-0242-500G,V0242,Benih Kacang Tanah Gading 78 (500 g),BibitKu,Kacang Tanah,kacang-kacangan,Gading 78,OP,genjah,72,85,25,32,0,800,60,140,5.5,6.8,lempung berpasir,baik,8,lahan|polybag,40x15,16,500,900,101500,132,1,konsumsi|jual,bercak daun|layu bakteri,1.8-3.6,"Kacang Tanah varietas Gading 78. Panen pertama sekitar 72-85 hari, cocok 0-800 mdpl, pH tanah 5.5-6.8, suhu ideal 25-32 C.",1
SKU-0243-100G,V0243,Benih Kacang Tanah Bara 41 (100 g),TaniMas,Kacang Tanah,kacang-kacangan,Bara 41,OP,kompak/cocok pot,85,100,25,32,0,800,60,140,5.5,6.8,lempung berpasir,baik,8,lahan|polybag|pot,40x15,24.0,100,180,23000,346,1,konsumsi|jual,bercak daun|layu bakteri,1.2-2.4,"Kacang Tanah varietas Bara 41. Panen pertama sekitar 85-100 hari, cocok 0-800 mdpl, pH tanah 5.5-6.8, suhu ideal 25-32 C.",1
SKU-0243-250G,V0243,Benih Kacang Tanah Bara 41 (250 g),TaniMas,Kacang Tanah,kacang-kacangan,Bara 41,OP,kompak/cocok pot,85,100,25,32,0,800,60,140,5.5,6.8,lempung berpasir,baik,8,lahan|polybag|pot,40x15,24.0,250,450,51000,71,1,konsumsi|jual,bercak daun|layu bakteri,1.2-2.4,"Kacang Tanah varietas Bara 41. Panen pertama sekitar 85-100 hari, cocok 0-800 mdpl, pH tanah 5.5-6.8, suhu ideal 25-32 C.",1
SKU-0243-500G,V0243,Benih Kacang Tanah Bara 41 (500 g),TaniMas,Kacang Tanah,kacang-kacangan,Bara 41,OP,kompak/cocok pot,85,100,25,32,0,800,60,140,5.5,6.8,lempung berpasir,baik,8,lahan|polybag|pot,40x15,24.0,500,900,90000,0,1,konsumsi|jual,bercak daun|layu bakteri,1.2-2.4,"Kacang Tanah varietas Bara 41. Panen pertama sekitar 85-100 hari, cocok 0-800 mdpl, pH tanah 5.5-6.8, suhu ideal 25-32 C.",1
SKU-0244-100G,V0244,Benih Kacang Tanah Mutiara 11 (100 g),Agro Subur,Kacang Tanah,kacang-kacangan,Mutiara 11,OP,tahan hujan,85,100,25,32,0,800,60,220,5.5,6.8,lempung berpasir,sedang,8,lahan|polybag,40x15,16,100,180,28500,74,1,konsumsi|jual,,2.0-4.0,"Kacang Tanah varietas Mutiara 11. Panen pertama sekitar 85-100 hari, cocok 0-800 mdpl, pH tanah 5.5-6.8, suhu ideal 25-32 C.",1
SKU-0244-250G,V0244,Benih Kacang Tanah Mutiara 11 (250 g),Agro Subur,Kacang Tanah,kacang-kacangan,Mutiara 11,OP,tahan hujan,85,100,25,32,0,800,60,220,5.5,6.8,lempung berpasir,sedang,8,lahan|polybag,40x15,16,250,450,62500,457,1,konsumsi|jual,,2.0-4.0,"Kacang Tanah varietas Mutiara 11. Panen pertama sekitar 85-100 hari, cocok 0-800 mdpl, pH tanah 5.5-6.8, suhu ideal 25-32 C.",1
SKU-0244-500G,V0244,Benih Kacang Tanah Mutiara 11 (500 g),Agro Subur,Kacang Tanah,kacang-kacangan,Mutiara 11,OP,tahan hujan,85,100,25,32,0,800,60,220,5.5,6.8,lempung berpasir,sedang,8,lahan|polybag,40x15,16,500,900,110000,463,1,konsumsi|jual,,2.0-4.0,"Kacang Tanah varietas Mutiara 11. Panen pertama sekitar 85-100 hari, cocok 0-800 mdpl, pH tanah 5.5-6.8, suhu ideal 25-32 C.",1
SKU-0245-100G,V0245,Benih Kacang Tanah Kencana 13 (100 g),BibitKu,Kacang Tanah,kacang-kacangan,Kencana 13,OP,dataran rendah,88,103,26,34,0,800,60,140,5.5,6.8,lempung berpasir,baik,8,lahan|polybag,40x15,16,100,180,25000,264,1,konsumsi|jual,,2.0-4.0,"Kacang Tanah varietas Kencana 13. Panen pertama sekitar 88-103 hari, cocok 0-800 mdpl, pH tanah 5.5-6.8, suhu ideal 26-34 C.",1
SKU-0245-250G,V0245,Benih Kacang Tanah Kencana 13 (250 g),BibitKu,Kacang Tanah,kacang-kacangan,Kencana 13,OP,dataran rendah,88,103,26,34,0,800,60,140,5.5,6.8,lempung berpasir,baik,8,lahan|polybag,40x15,16,250,450,55500,194,1,konsumsi|jual,,2.0-4.0,"Kacang Tanah varietas Kencana 13. Panen pertama sekitar 88-103 hari, cocok 0-800 mdpl, pH tanah 5.5-6.8, suhu ideal 26-34 C.",1
SKU-0245-500G,V0245,Benih Kacang Tanah Kencana 13 (500 g),BibitKu,Kacang Tanah,kacang-kacangan,Kencana 13,OP,dataran rendah,88,103,26,34,0,800,60,140,5.5,6.8,lempung berpasir,baik,8,lahan|polybag,40x15,16,500,900,97500,449,1,konsumsi|jual,,2.0-4.0,"Kacang Tanah varietas Kencana 13. Panen pertama sekitar 88-103 hari, cocok 0-800 mdpl, pH tanah 5.5-6.8, suhu ideal 26-34 C.",1
SKU-0246-100G,V0246,Benih Kacang Tanah Rajawali 31 F1 (100 g),BibitKu,Kacang Tanah,kacang-kacangan,Rajawali 31 F1,F1,hibrida,83,98,25,32,0,800,60,140,5.5,6.8,lempung berpasir,baik,8,lahan|polybag,40x15,16,100,180,43500,32,2,konsumsi|jual,bercak daun|layu bakteri,2.5-5.0,"Kacang Tanah varietas Rajawali 31 F1. Panen pertama sekitar 83-98 hari, cocok 0-800 mdpl, pH tanah 5.5-6.8, suhu ideal 25-32 C.",1
SKU-0246-250G,V0246,Benih Kacang Tanah Rajawali 31 F1 (250 g),BibitKu,Kacang Tanah,kacang-kacangan,Rajawali 31 F1,F1,hibrida,83,98,25,32,0,800,60,140,5.5,6.8,lempung berpasir,baik,8,lahan|polybag,40x15,16,250,450,95500,16,2,konsumsi|jual,bercak daun|layu bakteri,2.5-5.0,"Kacang Tanah varietas Rajawali 31 F1. Panen pertama sekitar 83-98 hari, cocok 0-800 mdpl, pH tanah 5.5-6.8, suhu ideal 25-32 C.",1
SKU-0246-500G,V0246,Benih Kacang Tanah Rajawali 31 F1 (500 g),BibitKu,Kacang Tanah,kacang-kacangan,Rajawali 31 F1,F1,hibrida,83,98,25,32,0,800,60,140,5.5,6.8,lempung berpasir,baik,8,lahan|polybag,40x15,16,500,900,168000,251,2,konsumsi|jual,bercak daun|layu bakteri,2.5-5.0,"Kacang Tanah varietas Rajawali 31 F1. Panen pertama sekitar 83-98 hari, cocok 0-800 mdpl, pH tanah 5.5-6.8, suhu ideal 25-32 C.",1
SKU-0247-100G,V0247,Benih Kacang Hijau Garuda 93 (100 g),Tani Jaya,Kacang Hijau,kacang-kacangan,Garuda 93,OP,,53,63,25,32,0,800,60,120,6.0,7.0,lempung|lempung berpasir,baik,8,lahan|polybag,40x10,25,100,1700,19500,200,1,konsumsi|jual,kutu daun|embun tepung,1.0-2.0,"Kacang Hijau varietas Garuda 93. Panen pertama sekitar 53-63 hari, cocok 0-800 mdpl, pH tanah 6.0-7.0, suhu ideal 25-32 C.",1
SKU-0247-250G,V0247,Benih Kacang Hijau Garuda 93 (250 g),Tani Jaya,Kacang Hijau,kacang-kacangan,Garuda 93,OP,,53,63,25,32,0,800,60,120,6.0,7.0,lempung|lempung berpasir,baik,8,lahan|polybag,40x10,25,250,4250,43000,354,1,konsumsi|jual,kutu daun|embun tepung,1.0-2.0,"Kacang Hijau varietas Garuda 93. Panen pertama sekitar 53-63 hari, cocok 0-800 mdpl, pH tanah 6.0-7.0, suhu ideal 25-32 C.",1
SKU-0247-500G,V0247,Benih Kacang Hijau Garuda 93 (500 g),Tani Jaya,Kacang Hijau,kacang-kacangan,Garuda 93,OP,,53,63,25,32,0,800,60,120,6.0,7.0,lempung|lempung berpasir,baik,8,lahan|polybag,40x10,25,500,8500,76000,101,1,konsumsi|jual,kutu daun|embun tepung,1.0-2.0,"Kacang Hijau varietas Garuda 93. Panen pertama sekitar 53-63 hari, cocok 0-800 mdpl, pH tanah 6.0-7.0, suhu ideal 25-32 C.",1
SKU-0248-100G,V0248,Benih Kacang Hijau Cakra 76 (100 g),Benih Nusantara,Kacang Hijau,kacang-kacangan,Cakra 76,OP,tahan kering,55,65,25,32,0,800,30,80,6.0,7.0,lempung|lempung berpasir,baik,8,lahan|polybag,40x10,25,100,1700,18500,293,1,konsumsi|jual,,1.0-2.0,"Kacang Hijau varietas Cakra 76. Panen pertama sekitar 55-65 hari, cocok 0-800 mdpl, pH tanah 6.0-7.0, suhu ideal 25-32 C.",1
SKU-0248-250G,V0248,Benih Kacang Hijau Cakra 76 (250 g),Benih Nusantara,Kacang Hijau,kacang-kacangan,Cakra 76,OP,tahan kering,55,65,25,32,0,800,30,80,6.0,7.0,lempung|lempung berpasir,baik,8,lahan|polybag,40x10,25,250,4250,40500,198,1,konsumsi|jual,,1.0-2.0,"Kacang Hijau varietas Cakra 76. Panen pertama sekitar 55-65 hari, cocok 0-800 mdpl, pH tanah 6.0-7.0, suhu ideal 25-32 C.",1
SKU-0248-500G,V0248,Benih Kacang Hijau Cakra 76 (500 g),Benih Nusantara,Kacang Hijau,kacang-kacangan,Cakra 76,OP,tahan kering,55,65,25,32,0,800,30,80,6.0,7.0,lempung|lempung berpasir,baik,8,lahan|polybag,40x10,25,500,8500,71000,298,1,konsumsi|jual,,1.0-2.0,"Kacang Hijau varietas Cakra 76. Panen pertama sekitar 55-65 hari, cocok 0-800 mdpl, pH tanah 6.0-7.0, suhu ideal 25-32 C.",1
SKU-0249-100G,V0249,Benih Kacang Hijau Sakti 48 (100 g),Kebun Lestari,Kacang Hijau,kacang-kacangan,Sakti 48,OP,kompak/cocok pot,55,65,25,32,0,800,60,120,6.0,7.0,lempung|lempung berpasir,baik,8,lahan|polybag|pot,40x10,37.5,100,1700,20000,385,1,konsumsi|jual,,0.6-1.2,"Kacang Hijau varietas Sakti 48. Panen pertama sekitar 55-65 hari, cocok 0-800 mdpl, pH tanah 6.0-7.0, suhu ideal 25-32 C.",1
SKU-0249-250G,V0249,Benih Kacang Hijau Sakti 48 (250 g),Kebun Lestari,Kacang Hijau,kacang-kacangan,Sakti 48,OP,kompak/cocok pot,55,65,25,32,0,800,60,120,6.0,7.0,lempung|lempung berpasir,baik,8,lahan|polybag|pot,40x10,37.5,250,4250,43500,399,1,konsumsi|jual,,0.6-1.2,"Kacang Hijau varietas Sakti 48. Panen pertama sekitar 55-65 hari, cocok 0-800 mdpl, pH tanah 6.0-7.0, suhu ideal 25-32 C.",1
SKU-0249-500G,V0249,Benih Kacang Hijau Sakti 48 (500 g),Kebun Lestari,Kacang Hijau,kacang-kacangan,Sakti 48,OP,kompak/cocok pot,55,65,25,32,0,800,60,120,6.0,7.0,lempung|lempung berpasir,baik,8,lahan|polybag|pot,40x10,37.5,500,8500,77000,87,1,konsumsi|jual,,0.6-1.2,"Kacang Hijau varietas Sakti 48. Panen pertama sekitar 55-65 hari, cocok 0-800 mdpl, pH tanah 6.0-7.0, suhu ideal 25-32 C.",1
SKU-0250-100G,V0250,Benih Kacang Hijau Surya 62 (100 g),Benih Nusantara,Kacang Hijau,kacang-kacangan,Surya 62,OP,dataran tinggi,53,63,23,30,500,1200,60,120,6.0,7.0,lempung|lempung berpasir,baik,8,lahan|polybag,40x10,25,100,1700,20500,0,1,konsumsi|jual,kutu daun|embun tepung,1.0-2.0,"Kacang Hijau varietas Surya 62. Panen pertama sekitar 53-63 hari, cocok 500-1200 mdpl, pH tanah 6.0-7.0, suhu ideal 23-30 C.",1
SKU-0250-250G,V0250,Benih Kacang Hijau Surya 62 (250 g),Benih Nusantara,Kacang Hijau,kacang-kacangan,Surya 62,OP,dataran tinggi,53,63,23,30,500,1200,60,120,6.0,7.0,lempung|lempung berpasir,baik,8,lahan|polybag,40x10,25,250,4250,45500,398,1,konsumsi|jual,kutu daun|embun tepung,1.0-2.0,"Kacang Hijau varietas Surya 62. Panen pertama sekitar 53-63 hari, cocok 500-1200 mdpl, pH tanah 6.0-7.0, suhu ideal 23-30 C.",1
SKU-0250-500G,V0250,Benih Kacang Hijau Surya 62 (500 g),Benih Nusantara,Kacang Hijau,kacang-kacangan,Surya 62,OP,dataran tinggi,53,63,23,30,500,1200,60,120,6.0,7.0,lempung|lempung berpasir,baik,8,lahan|polybag,40x10,25,500,8500,80000,444,1,konsumsi|jual,kutu daun|embun tepung,1.0-2.0,"Kacang Hijau varietas Surya 62. Panen pertama sekitar 53-63 hari, cocok 500-1200 mdpl, pH tanah 6.0-7.0, suhu ideal 23-30 C.",1
SKU-0251-100G,V0251,Benih Kacang Hijau Anggun 49 F1 (100 g),TaniMas,Kacang Hijau,kacang-kacangan,Anggun 49 F1,F1,hibrida,53,63,25,32,0,800,60,120,6.0,7.0,lempung|lempung berpasir,baik,8,lahan|polybag,40x10,25,100,1700,37000,57,1,konsumsi|jual,,1.2-2.5,"Kacang Hijau varietas Anggun 49 F1. Panen pertama sekitar 53-63 hari, cocok 0-800 mdpl, pH tanah 6.0-7.0, suhu ideal 25-32 C.",1
SKU-0251-250G,V0251,Benih Kacang Hijau Anggun 49 F1 (250 g),TaniMas,Kacang Hijau,kacang-kacangan,Anggun 49 F1,F1,hibrida,53,63,25,32,0,800,60,120,6.0,7.0,lempung|lempung berpasir,baik,8,lahan|polybag,40x10,25,250,4250,82000,0,1,konsumsi|jual,,1.2-2.5,"Kacang Hijau varietas Anggun 49 F1. Panen pertama sekitar 53-63 hari, cocok 0-800 mdpl, pH tanah 6.0-7.0, suhu ideal 25-32 C.",1
SKU-0251-500G,V0251,Benih Kacang Hijau Anggun 49 F1 (500 g),TaniMas,Kacang Hijau,kacang-kacangan,Anggun 49 F1,F1,hibrida,53,63,25,32,0,800,60,120,6.0,7.0,lempung|lempung berpasir,baik,8,lahan|polybag,40x10,25,500,8500,144000,442,1,konsumsi|jual,,1.2-2.5,"Kacang Hijau varietas Anggun 49 F1. Panen pertama sekitar 53-63 hari, cocok 0-800 mdpl, pH tanah 6.0-7.0, suhu ideal 25-32 C.",1
SKU-0252-100G,V0252,Benih Kacang Hijau Permata 62 (100 g),BibitKu,Kacang Hijau,kacang-kacangan,Permata 62,OP,genjah,47,55,25,32,0,800,60,120,6.0,7.0,lempung|lempung berpasir,baik,8,lahan|polybag,40x10,25,100,1700,23000,48,1,konsumsi|jual,kutu daun,0.9-1.8,"Kacang Hijau varietas Permata 62. Panen pertama sekitar 47-55 hari, cocok 0-800 mdpl, pH tanah 6.0-7.0, suhu ideal 25-32 C.",1
SKU-0252-250G,V0252,Benih Kacang Hijau Permata 62 (250 g),BibitKu,Kacang Hijau,kacang-kacangan,Permata 62,OP,genjah,47,55,25,32,0,800,60,120,6.0,7.0,lempung|lempung berpasir,baik,8,lahan|polybag,40x10,25,250,4250,50500,41,1,konsumsi|jual,kutu daun,0.9-1.8,"Kacang Hijau varietas Permata 62. Panen pertama sekitar 47-55 hari, cocok 0-800 mdpl, pH tanah 6.0-7.0, suhu ideal 25-32 C.",1
SKU-0252-500G,V0252,Benih Kacang Hijau Permata 62 (500 g),BibitKu,Kacang Hijau,kacang-kacangan,Permata 62,OP,genjah,47,55,25,32,0,800,60,120,6.0,7.0,lempung|lempung berpasir,baik,8,lahan|polybag,40x10,25,500,8500,88500,76,1,konsumsi|jual,kutu daun,0.9-1.8,"Kacang Hijau varietas Permata 62. Panen pertama sekitar 47-55 hari, cocok 0-800 mdpl, pH tanah 6.0-7.0, suhu ideal 25-32 C.",1
SKU-0253-1G,V0253,Benih Pepaya California Mutiara 51 (1 g),BibitKu,Pepaya California,buah,Mutiara 51,OP,,210,270,22,32,0,700,100,250,6.0,6.5,lempung berpasir,baik,8,lahan|polybag,250x250,0.2,1,50,14500,89,2,konsumsi|jual,,40.0-80.0,"Pepaya California varietas Mutiara 51. Panen pertama sekitar 210-270 hari, cocok 0-700 mdpl, pH tanah 6.0-6.5, suhu ideal 22-32 C.",1
SKU-0253-2G,V0253,Benih Pepaya California Mutiara 51 (2 g),BibitKu,Pepaya California,buah,Mutiara 51,OP,,210,270,22,32,0,700,100,250,6.0,6.5,lempung berpasir,baik,8,lahan|polybag,250x250,0.2,2,100,25500,240,2,konsumsi|jual,,40.0-80.0,"Pepaya California varietas Mutiara 51. Panen pertama sekitar 210-270 hari, cocok 0-700 mdpl, pH tanah 6.0-6.5, suhu ideal 22-32 C.",1
SKU-0253-5G,V0253,Benih Pepaya California Mutiara 51 (5 g),BibitKu,Pepaya California,buah,Mutiara 51,OP,,210,270,22,32,0,700,100,250,6.0,6.5,lempung berpasir,baik,8,lahan|polybag,250x250,0.2,5,250,56000,218,2,konsumsi|jual,,40.0-80.0,"Pepaya California varietas Mutiara 51. Panen pertama sekitar 210-270 hari, cocok 0-700 mdpl, pH tanah 6.0-6.5, suhu ideal 22-32 C.",1
SKU-0254-1G,V0254,Benih Pepaya California Kencana 78 (1 g),BibitKu,Pepaya California,buah,Kencana 78,OP,tahan panas,213,273,22,35,0,700,100,250,6.0,6.5,lempung berpasir,baik,8,lahan|polybag,250x250,0.2,1,50,14500,361,2,konsumsi|jual,virus kuning,40.0-80.0,"Pepaya California varietas Kencana 78. Panen pertama sekitar 213-273 hari, cocok 0-700 mdpl, pH tanah 6.0-6.5, suhu ideal 22-35 C.",1
SKU-0254-2G,V0254,Benih Pepaya California Kencana 78 (2 g),BibitKu,Pepaya California,buah,Kencana 78,OP,tahan panas,213,273,22,35,0,700,100,250,6.0,6.5,lempung berpasir,baik,8,lahan|polybag,250x250,0.2,2,100,25000,370,2,konsumsi|jual,virus kuning,40.0-80.0,"Pepaya California varietas Kencana 78. Panen pertama sekitar 213-273 hari, cocok 0-700 mdpl, pH tanah 6.0-6.5, suhu ideal 22-35 C.",1
SKU-0254-5G,V0254,Benih Pepaya California Kencana 78 (5 g),BibitKu,Pepaya California,buah,Kencana 78,OP,tahan panas,213,273,22,35,0,700,100,250,6.0,6.5,lempung berpasir,baik,8,lahan|polybag,250x250,0.2,5,250,55500,30,2,konsumsi|jual,virus kuning,40.0-80.0,"Pepaya California varietas Kencana 78. Panen pertama sekitar 213-273 hari, cocok 0-700 mdpl, pH tanah 6.0-6.5, suhu ideal 22-35 C.",1
SKU-0255-1G,V0255,Benih Pepaya California Pelangi 51 (1 g),Agro Subur,Pepaya California,buah,Pelangi 51,OP,tahan hujan,207,267,22,32,0,700,100,330,6.0,6.5,lempung berpasir,sedang,8,lahan|polybag,250x250,0.2,1,50,16000,0,2,konsumsi|jual,virus kuning|busuk akar,40.0-80.0,"Pepaya California varietas Pelangi 51. Panen pertama sekitar 207-267 hari, cocok 0-700 mdpl, pH tanah 6.0-6.5, suhu ideal 22-32 C.",1
SKU-0255-2G,V0255,Benih Pepaya California Pelangi 51 (2 g),Agro Subur,Pepaya California,buah,Pelangi 51,OP,tahan hujan,207,267,22,32,0,700,100,330,6.0,6.5,lempung berpasir,sedang,8,lahan|polybag,250x250,0.2,2,100,28500,429,2,konsumsi|jual,virus kuning|busuk akar,40.0-80.0,"Pepaya California varietas Pelangi 51. Panen pertama sekitar 207-267 hari, cocok 0-700 mdpl, pH tanah 6.0-6.5, suhu ideal 22-32 C.",1
SKU-0255-5G,V0255,Benih Pepaya California Pelangi 51 (5 g),Agro Subur,Pepaya California,buah,Pelangi 51,OP,tahan hujan,207,267,22,32,0,700,100,330,6.0,6.5,lempung berpasir,sedang,8,lahan|polybag,250x250,0.2,5,250,62500,25,2,konsumsi|jual,virus kuning|busuk akar,40.0-80.0,"Pepaya California varietas Pelangi 51. Panen pertama sekitar 207-267 hari, cocok 0-700 mdpl, pH tanah 6.0-6.5, suhu ideal 22-32 C.",1
SKU-0256-1G,V0256,Benih Pepaya California Cempaka 67 (1 g),Kebun Lestari,Pepaya California,buah,Cempaka 67,OP,dataran rendah,207,267,23,34,0,700,100,250,6.0,6.5,lempung berpasir,baik,8,lahan|polybag,250x250,0.2,1,50,15000,0,2,konsumsi|jual,virus kuning|busuk akar,40.0-80.0,"Pepaya California varietas Cempaka 67. Panen pertama sekitar 207-267 hari, cocok 0-700 mdpl, pH tanah 6.0-6.5, suhu ideal 23-34 C.",1
SKU-0256-2G,V0256,Benih Pepaya California Cempaka 67 (2 g),Kebun Lestari,Pepaya California,buah,Cempaka 67,OP,dataran rendah,207,267,23,34,0,700,100,250,6.0,6.5,lempung berpasir,baik,8,lahan|polybag,250x250,0.2,2,100,27000,123,2,konsumsi|jual,virus kuning|busuk akar,40.0-80.0,"Pepaya California varietas Cempaka 67. Panen pertama sekitar 207-267 hari, cocok 0-700 mdpl, pH tanah 6.0-6.5, suhu ideal 23-34 C.",1
SKU-0256-5G,V0256,Benih Pepaya California Cempaka 67 (5 g),Kebun Lestari,Pepaya California,buah,Cempaka 67,OP,dataran rendah,207,267,23,34,0,700,100,250,6.0,6.5,lempung berpasir,baik,8,lahan|polybag,250x250,0.2,5,250,59000,431,2,konsumsi|jual,virus kuning|busuk akar,40.0-80.0,"Pepaya California varietas Cempaka 67. Panen pertama sekitar 207-267 hari, cocok 0-700 mdpl, pH tanah 6.0-6.5, suhu ideal 23-34 C.",1
SKU-0257-1G,V0257,Benih Pepaya California Fajar 97 (1 g),TaniMas,Pepaya California,buah,Fajar 97,OP,kompak/cocok pot,211,271,22,32,0,700,100,250,6.0,6.5,lempung berpasir,baik,8,lahan|polybag|pot,250x250,0.3,1,50,15500,111,2,konsumsi|jual,virus kuning|busuk akar,24.0-48.0,"Pepaya California varietas Fajar 97. Panen pertama sekitar 211-271 hari, cocok 0-700 mdpl, pH tanah 6.0-6.5, suhu ideal 22-32 C.",1
SKU-0257-2G,V0257,Benih Pepaya California Fajar 97 (2 g),TaniMas,Pepaya California,buah,Fajar 97,OP,kompak/cocok pot,211,271,22,32,0,700,100,250,6.0,6.5,lempung berpasir,baik,8,lahan|polybag|pot,250x250,0.3,2,100,27500,237,2,konsumsi|jual,virus kuning|busuk akar,24.0-48.0,"Pepaya California varietas Fajar 97. Panen pertama sekitar 211-271 hari, cocok 0-700 mdpl, pH tanah 6.0-6.5, suhu ideal 22-32 C.",1
SKU-0257-5G,V0257,Benih Pepaya California Fajar 97 (5 g),TaniMas,Pepaya California,buah,Fajar 97,OP,kompak/cocok pot,211,271,22,32,0,700,100,250,6.0,6.5,lempung berpasir,baik,8,lahan|polybag|pot,250x250,0.3,5,250,61000,57,2,konsumsi|jual,virus kuning|busuk akar,24.0-48.0,"Pepaya California varietas Fajar 97. Panen pertama sekitar 211-271 hari, cocok 0-700 mdpl, pH tanah 6.0-6.5, suhu ideal 22-32 C.",1
SKU-0258-1G,V0258,Benih Pepaya California Kartika 52 (1 g),TaniMas,Pepaya California,buah,Kartika 52,OP,organik,207,267,22,32,0,700,100,250,6.0,6.5,lempung berpasir,baik,8,lahan|polybag,250x250,0.2,1,50,22000,264,2,konsumsi|jual,virus kuning|busuk akar,40.0-80.0,"Pepaya California varietas Kartika 52. Panen pertama sekitar 207-267 hari, cocok 0-700 mdpl, pH tanah 6.0-6.5, suhu ideal 22-32 C.",1
SKU-0258-2G,V0258,Benih Pepaya California Kartika 52 (2 g),TaniMas,Pepaya California,buah,Kartika 52,OP,organik,207,267,22,32,0,700,100,250,6.0,6.5,lempung berpasir,baik,8,lahan|polybag,250x250,0.2,2,100,39000,0,2,konsumsi|jual,virus kuning|busuk akar,40.0-80.0,"Pepaya California varietas Kartika 52. Panen pertama sekitar 207-267 hari, cocok 0-700 mdpl, pH tanah 6.0-6.5, suhu ideal 22-32 C.",1
SKU-0258-5G,V0258,Benih Pepaya California Kartika 52 (5 g),TaniMas,Pepaya California,buah,Kartika 52,OP,organik,207,267,22,32,0,700,100,250,6.0,6.5,lempung berpasir,baik,8,lahan|polybag,250x250,0.2,5,250,85500,98,2,konsumsi|jual,virus kuning|busuk akar,40.0-80.0,"Pepaya California varietas Kartika 52. Panen pertama sekitar 207-267 hari, cocok 0-700 mdpl, pH tanah 6.0-6.5, suhu ideal 22-32 C.",1
