product_id,item_id,commodity_id,commodity,scientific_name,category,brand,variety,name,description,days_min,days_max,temp_abs_min,temp_opt_min,temp_opt_max,temp_abs_max,rain_abs_min,rain_opt_min,rain_opt_max,rain_abs_max,ph_abs_min,ph_opt_min,ph_opt_max,ph_abs_max,alt_min,alt_max,soil_textures,drainage,sun_hours,grow_types,seeds_per_m2,seeds_per_pack,pack_g,price_idr,stock,difficulty,purpose,common_pests,env_source,shop_data_synthetic
CABAI_RAWIT-AGR-2G,cabai_rawit:Agro Subur,cabai_rawit,Cabai Rawit,Capsicum frutescens,sayuran buah,Agro Subur,,Benih Cabai Rawit - Agro Subur (2 g),"Benih Cabai Rawit. Panen sekitar 90-110 hari, suhu ideal 18-30 C, pH 5.5-6.8, cocok hingga 2000 mdpl.",90,110,7.0,18.0,30.0,40.0,33.3,50.0,125.0,166.7,4.3,5.5,6.8,8.3,0,2000.0,lempung|liat berlempung|lempung berpasir,baik,6,lahan|polybag|pot,4,300,2,14500,197,2,konsumsi|jual,layu fusarium|antraknosa,ecocrop,1
CABAI_RAWIT-AGR-10G,cabai_rawit:Agro Subur,cabai_rawit,Cabai Rawit,Capsicum frutescens,sayuran buah,Agro Subur,,Benih Cabai Rawit - Agro Subur (10 g),"Benih Cabai Rawit. Panen sekitar 90-110 hari, suhu ideal 18-30 C, pH 5.5-6.8, cocok hingga 2000 mdpl.",90,110,7.0,18.0,30.0,40.0,33.3,50.0,125.0,166.7,4.3,5.5,6.8,8.3,0,2000.0,lempung|liat berlempung|lempung berpasir,baik,6,lahan|polybag|pot,4,1500,10,70500,119,2,konsumsi|jual,layu fusarium|antraknosa,ecocrop,1
CABAI_RAWIT-BEN-2G,cabai_rawit:Benih Nusantara,cabai_rawit,Cabai Rawit,Capsicum frutescens,sayuran buah,Benih Nusantara,,Benih Cabai Rawit - Benih Nusantara (2 g),"Benih Cabai Rawit. Panen sekitar 90-110 hari, suhu ideal 18-30 C, pH 5.5-6.8, cocok hingga 2000 mdpl.",90,110,7.0,18.0,30.0,40.0,33.3,50.0,125.0,166.7,4.3,5.5,6.8,8.3,0,2000.0,lempung|liat berlempung|lempung berpasir,baik,6,lahan|polybag|pot,4,300,2,21000,56,2,konsumsi|jual,layu fusarium|antraknosa,ecocrop,1
CABAI_RAWIT-BEN-10G,cabai_rawit:Benih Nusantara,cabai_rawit,Cabai Rawit,Capsicum frutescens,sayuran buah,Benih Nusantara,,Benih Cabai Rawit - Benih Nusantara (10 g),"Benih Cabai Rawit. Panen sekitar 90-110 hari, suhu ideal 18-30 C, pH 5.5-6.8, cocok hingga 2000 mdpl.",90,110,7.0,18.0,30.0,40.0,33.3,50.0,125.0,166.7,4.3,5.5,6.8,8.3,0,2000.0,lempung|liat berlempung|lempung berpasir,baik,6,lahan|polybag|pot,4,1500,10,95000,299,2,konsumsi|jual,layu fusarium|antraknosa,ecocrop,1
CABAI_RAWIT-KEB-2G,cabai_rawit:Kebun Lestari,cabai_rawit,Cabai Rawit,Capsicum frutescens,sayuran buah,Kebun Lestari,,Benih Cabai Rawit - Kebun Lestari (2 g),"Benih Cabai Rawit. Panen sekitar 90-110 hari, suhu ideal 18-30 C, pH 5.5-6.8, cocok hingga 2000 mdpl.",90,110,7.0,18.0,30.0,40.0,33.3,50.0,125.0,166.7,4.3,5.5,6.8,8.3,0,2000.0,lempung|liat berlempung|lempung berpasir,baik,6,lahan|polybag|pot,4,300,2,17500,41,2,konsumsi|jual,layu fusarium|antraknosa,ecocrop,1
CABAI_RAWIT-KEB-10G,cabai_rawit:Kebun Lestari,cabai_rawit,Cabai Rawit,Capsicum frutescens,sayuran buah,Kebun Lestari,,Benih Cabai Rawit - Kebun Lestari (10 g),"Benih Cabai Rawit. Panen sekitar 90-110 hari, suhu ideal 18-30 C, pH 5.5-6.8, cocok hingga 2000 mdpl.",90,110,7.0,18.0,30.0,40.0,33.3,50.0,125.0,166.7,4.3,5.5,6.8,8.3,0,2000.0,lempung|liat berlempung|lempung berpasir,baik,6,lahan|polybag|pot,4,1500,10,79000,123,2,konsumsi|jual,layu fusarium|antraknosa,ecocrop,1
CABAI_MERAH-TAN-5G,cabai_merah:TaniMas,cabai_merah,Cabai Merah Keriting,Capsicum annuum,sayuran buah,TaniMas,,Benih Cabai Merah Keriting - TaniMas (5 g),"Benih Cabai Merah Keriting. Panen sekitar 100-125 hari, suhu ideal 17-30 C, pH 5.5-6.8, cocok hingga 3000 mdpl.",100,125,8.0,17.0,30.0,35.0,41.7,50.0,104.2,141.7,4.5,5.5,6.8,7.0,0,3000.0,lempung|liat berlempung|lempung berpasir,baik,6,lahan|polybag,3.5,750,5,59500,70,2,jual|konsumsi,virus kuning|antraknosa,ecocrop,1
CABAI_MERAH-TAN-10G,cabai_merah:TaniMas,cabai_merah,Cabai Merah Keriting,Capsicum annuum,sayuran buah,TaniMas,,Benih Cabai Merah Keriting - TaniMas (10 g),"Benih Cabai Merah Keriting. Panen sekitar 100-125 hari, suhu ideal 17-30 C, pH 5.5-6.8, cocok hingga 3000 mdpl.",100,125,8.0,17.0,30.0,35.0,41.7,50.0,104.2,141.7,4.5,5.5,6.8,7.0,0,3000.0,lempung|liat berlempung|lempung berpasir,baik,6,lahan|polybag,3.5,1500,10,110500,359,2,jual|konsumsi,virus kuning|antraknosa,ecocrop,1
CABAI_MERAH-GRE-5G,cabai_merah:Greenfield Seeds,cabai_merah,Cabai Merah Keriting,Capsicum annuum,sayuran buah,Greenfield Seeds,,Benih Cabai Merah Keriting - Greenfield Seeds (5 g),"Benih Cabai Merah Keriting. Panen sekitar 100-125 hari, suhu ideal 17-30 C, pH 5.5-6.8, cocok hingga 3000 mdpl.",100,125,8.0,17.0,30.0,35.0,41.7,50.0,104.2,141.7,4.5,5.5,6.8,7.0,0,3000.0,lempung|liat berlempung|lempung berpasir,baik,6,lahan|polybag,3.5,750,5,76000,337,2,jual|konsumsi,virus kuning|antraknosa,ecocrop,1
CABAI_MERAH-GRE-10G,cabai_merah:Greenfield Seeds,cabai_merah,Cabai Merah Keriting,Capsicum annuum,sayuran buah,Greenfield Seeds,,Benih Cabai Merah Keriting - Greenfield Seeds (10 g),"Benih Cabai Merah Keriting. Panen sekitar 100-125 hari, suhu ideal 17-30 C, pH 5.5-6.8, cocok hingga 3000 mdpl.",100,125,8.0,17.0,30.0,35.0,41.7,50.0,104.2,141.7,4.5,5.5,6.8,7.0,0,3000.0,lempung|liat berlempung|lempung berpasir,baik,6,lahan|polybag,3.5,1500,10,137000,374,2,jual|konsumsi,virus kuning|antraknosa,ecocrop,1
CABAI_MERAH-BEN-5G,cabai_merah:Benih Nusantara,cabai_merah,Cabai Merah Keriting,Capsicum annuum,sayuran buah,Benih Nusantara,,Benih Cabai Merah Keriting - Benih Nusantara (5 g),"Benih Cabai Merah Keriting. Panen sekitar 100-125 hari, suhu ideal 17-30 C, pH 5.5-6.8, cocok hingga 3000 mdpl.",100,125,8.0,17.0,30.0,35.0,41.7,50.0,104.2,141.7,4.5,5.5,6.8,7.0,0,3000.0,lempung|liat berlempung|lempung berpasir,baik,6,lahan|polybag,3.5,750,5,66000,115,2,jual|konsumsi,virus kuning|antraknosa,ecocrop,1
CABAI_MERAH-BEN-10G,cabai_merah:Benih Nusantara,cabai_merah,Cabai Merah Keriting,Capsicum annuum,sayuran buah,Benih Nusantara,,Benih Cabai Merah Keriting - Benih Nusantara (10 g),"Benih Cabai Merah Keriting. Panen sekitar 100-125 hari, suhu ideal 17-30 C, pH 5.5-6.8, cocok hingga 3000 mdpl.",100,125,8.0,17.0,30.0,35.0,41.7,50.0,104.2,141.7,4.5,5.5,6.8,7.0,0,3000.0,lempung|liat berlempung|lempung berpasir,baik,6,lahan|polybag,3.5,1500,10,126000,170,2,jual|konsumsi,virus kuning|antraknosa,ecocrop,1
CABAI_HABANERO-KEB-2G,cabai_habanero:Kebun Lestari,cabai_habanero,Cabai Habanero,Capsicum chinense,sayuran buah,Kebun Lestari,,Benih Cabai Habanero - Kebun Lestari (2 g),"Benih Cabai Habanero. Panen sekitar 100-130 hari, suhu ideal 20-26 C, pH 6.0-6.5, cocok hingga 1500 mdpl.",100,130,15.0,20.0,26.0,32.0,41.7,50.0,104.2,125.0,5.3,6.0,6.5,7.0,0,1500.0,liat|liat berlempung|lempung|lempung berpasir,baik,6,lahan|polybag|pot,2,400,2,46500,134,3,konsumsi|hias,kutu kebul|antraknosa,ecocrop,1
CABAI_HABANERO-KEB-5G,cabai_habanero:Kebun Lestari,cabai_habanero,Cabai Habanero,Capsicum chinense,sayuran buah,Kebun Lestari,,Benih Cabai Habanero - Kebun Lestari (5 g),"Benih Cabai Habanero. Panen sekitar 100-130 hari, suhu ideal 20-26 C, pH 6.0-6.5, cocok hingga 1500 mdpl.",100,130,15.0,20.0,26.0,32.0,41.7,50.0,104.2,125.0,5.3,6.0,6.5,7.0,0,1500.0,liat|liat berlempung|lempung|lempung berpasir,baik,6,lahan|polybag|pot,2,1000,5,102500,263,3,konsumsi|hias,kutu kebul|antraknosa,ecocrop,1
CABAI_HABANERO-GRE-2G,cabai_habanero:Greenfield Seeds,cabai_habanero,Cabai Habanero,Capsicum chinense,sayuran buah,Greenfield Seeds,,Benih Cabai Habanero - Greenfield Seeds (2 g),"Benih Cabai Habanero. Panen sekitar 100-130 hari, suhu ideal 20-26 C, pH 6.0-6.5, cocok hingga 1500 mdpl.",100,130,15.0,20.0,26.0,32.0,41.7,50.0,104.2,125.0,5.3,6.0,6.5,7.0,0,1500.0,liat|liat berlempung|lempung|lempung berpasir,baik,6,lahan|polybag|pot,2,400,2,64000,70,3,konsumsi|hias,kutu kebul|antraknosa,ecocrop,1
CABAI_HABANERO-GRE-5G,cabai_habanero:Greenfield Seeds,cabai_habanero,Cabai Habanero,Capsicum chinense,sayuran buah,Greenfield Seeds,,Benih Cabai Habanero - Greenfield Seeds (5 g),"Benih Cabai Habanero. Panen sekitar 100-130 hari, suhu ideal 20-26 C, pH 6.0-6.5, cocok hingga 1500 mdpl.",100,130,15.0,20.0,26.0,32.0,41.7,50.0,104.2,125.0,5.3,6.0,6.5,7.0,0,1500.0,liat|liat berlempung|lempung|lempung berpasir,baik,6,lahan|polybag|pot,2,1000,5,148500,185,3,konsumsi|hias,kutu kebul|antraknosa,ecocrop,1
CABAI_HABANERO-BIB-1G,cabai_habanero:BibitKu,cabai_habanero,Cabai Habanero,Capsicum chinense,sayuran buah,BibitKu,,Benih Cabai Habanero - BibitKu (1 g),"Benih Cabai Habanero. Panen sekitar 100-130 hari, suhu ideal 20-26 C, pH 6.0-6.5, cocok hingga 1500 mdpl.",100,130,15.0,20.0,26.0,32.0,41.7,50.0,104.2,125.0,5.3,6.0,6.5,7.0,0,1500.0,liat|liat berlempung|lempung|lempung berpasir,baik,6,lahan|polybag|pot,2,200,1,20000,49,3,konsumsi|hias,kutu kebul|antraknosa,ecocrop,1
CABAI_HABANERO-BIB-2G,cabai_habanero:BibitKu,cabai_habanero,Cabai Habanero,Capsicum chinense,sayuran buah,BibitKu,,Benih Cabai Habanero - BibitKu (2 g),"Benih Cabai Habanero. Panen sekitar 100-130 hari, suhu ideal 20-26 C, pH 6.0-6.5, cocok hingga 1500 mdpl.",100,130,15.0,20.0,26.0,32.0,41.7,50.0,104.2,125.0,5.3,6.0,6.5,7.0,0,1500.0,liat|liat berlempung|lempung|lempung berpasir,baik,6,lahan|polybag|pot,2,400,2,38000,170,3,konsumsi|hias,kutu kebul|antraknosa,ecocrop,1
TOMAT-AGR-5G,tomat:Agro Subur,tomat,Tomat,Lycopersicon esculentum,sayuran buah,Agro Subur,,Benih Tomat - Agro Subur (5 g),"Benih Tomat. Panen sekitar 80-100 hari, suhu ideal 20-27 C, pH 5.5-6.8, cocok hingga 2400 mdpl.",80,100,7.0,20.0,27.0,35.0,33.3,50.0,108.3,150.0,5.0,5.5,6.8,7.5,200,2400.0,lempung|liat berlempung|lempung berpasir,baik,6,lahan|polybag|pot|hidroponik,3.5,1500,5,24500,148,2,konsumsi|jual,layu bakteri|virus gemini,ecocrop,1
TOMAT-AGR-10G,tomat:Agro Subur,tomat,Tomat,Lycopersicon esculentum,sayuran buah,Agro Subur,,Benih Tomat - Agro Subur (10 g),"Benih Tomat. Panen sekitar 80-100 hari, suhu ideal 20-27 C, pH 5.5-6.8, cocok hingga 2400 mdpl.",80,100,7.0,20.0,27.0,35.0,33.3,50.0,108.3,150.0,5.0,5.5,6.8,7.5,200,2400.0,lempung|liat berlempung|lempung berpasir,baik,6,lahan|polybag|pot|hidroponik,3.5,3000,10,46500,41,2,konsumsi|jual,layu bakteri|virus gemini,ecocrop,1
TOMAT-BIB-5G,tomat:BibitKu,tomat,Tomat,Lycopersicon esculentum,sayuran buah,BibitKu,,Benih Tomat - BibitKu (5 g),"Benih Tomat. Panen sekitar 80-100 hari, suhu ideal 20-27 C, pH 5.5-6.8, cocok hingga 2400 mdpl.",80,100,7.0,20.0,27.0,35.0,33.3,50.0,108.3,150.0,5.0,5.5,6.8,7.5,200,2400.0,lempung|liat berlempung|lempung berpasir,baik,6,lahan|polybag|pot|hidroponik,3.5,1500,5,25000,238,2,konsumsi|jual,layu bakteri|virus gemini,ecocrop,1
TOMAT-BIB-10G,tomat:BibitKu,tomat,Tomat,Lycopersicon esculentum,sayuran buah,BibitKu,,Benih Tomat - BibitKu (10 g),"Benih Tomat. Panen sekitar 80-100 hari, suhu ideal 20-27 C, pH 5.5-6.8, cocok hingga 2400 mdpl.",80,100,7.0,20.0,27.0,35.0,33.3,50.0,108.3,150.0,5.0,5.5,6.8,7.5,200,2400.0,lempung|liat berlempung|lempung berpasir,baik,6,lahan|polybag|pot|hidroponik,3.5,3000,10,42500,352,2,konsumsi|jual,layu bakteri|virus gemini,ecocrop,1
TOMAT-KEB-2G,tomat:Kebun Lestari,tomat,Tomat,Lycopersicon esculentum,sayuran buah,Kebun Lestari,,Benih Tomat - Kebun Lestari (2 g),"Benih Tomat. Panen sekitar 80-100 hari, suhu ideal 20-27 C, pH 5.5-6.8, cocok hingga 2400 mdpl.",80,100,7.0,20.0,27.0,35.0,33.3,50.0,108.3,150.0,5.0,5.5,6.8,7.5,200,2400.0,lempung|liat berlempung|lempung berpasir,baik,6,lahan|polybag|pot|hidroponik,3.5,600,2,12000,322,2,konsumsi|jual,layu bakteri|virus gemini,ecocrop,1
TOMAT-KEB-5G,tomat:Kebun Lestari,tomat,Tomat,Lycopersicon esculentum,sayuran buah,Kebun Lestari,,Benih Tomat - Kebun Lestari (5 g),"Benih Tomat. Panen sekitar 80-100 hari, suhu ideal 20-27 C, pH 5.5-6.8, cocok hingga 2400 mdpl.",80,100,7.0,20.0,27.0,35.0,33.3,50.0,108.3,150.0,5.0,5.5,6.8,7.5,200,2400.0,lempung|liat berlempung|lempung berpasir,baik,6,lahan|polybag|pot|hidroponik,3.5,1500,5,25000,157,2,konsumsi|jual,layu bakteri|virus gemini,ecocrop,1
TERONG-BEN-10G,terong:Benih Nusantara,terong,Terong,Solanum melongena,sayuran buah,Benih Nusantara,,Benih Terong - Benih Nusantara (10 g),"Benih Terong. Panen sekitar 80-100 hari, suhu ideal 20-35 C, pH 5.5-6.8, cocok hingga 1200 mdpl.",80,100,9.0,20.0,35.0,40.0,66.7,100.0,133.3,333.3,4.3,5.5,6.8,8.5,0,1200,lempung|liat berlempung|lempung berpasir,baik,6,lahan|polybag,2.5,2500,10,38500,291,1,konsumsi|jual,ulat buah|layu bakteri,ecocrop,1
TERONG-BEN-25G,terong:Benih Nusantara,terong,Terong,Solanum melongena,sayuran buah,Benih Nusantara,,Benih Terong - Benih Nusantara (25 g),"Benih Terong. Panen sekitar 80-100 hari, suhu ideal 20-35 C, pH 5.5-6.8, cocok hingga 1200 mdpl.",80,100,9.0,20.0,35.0,40.0,66.7,100.0,133.3,333.3,4.3,5.5,6.8,8.5,0,1200,lempung|liat berlempung|lempung berpasir,baik,6,lahan|polybag,2.5,6250,25,89500,230,1,konsumsi|jual,ulat buah|layu bakteri,ecocrop,1
TERONG-BIB-10G,terong:BibitKu,terong,Terong,Solanum melongena,sayuran buah,BibitKu,,Benih Terong - BibitKu (10 g),"Benih Terong. Panen sekitar 80-100 hari, suhu ideal 20-35 C, pH 5.5-6.8, cocok hingga 1200 mdpl.",80,100,9.0,20.0,35.0,40.0,66.7,100.0,133.3,333.3,4.3,5.5,6.8,8.5,0,1200,lempung|liat berlempung|lempung berpasir,baik,6,lahan|polybag,2.5,2500,10,29000,359,1,konsumsi|jual,ulat buah|layu bakteri,ecocrop,1
TERONG-BIB-25G,terong:BibitKu,terong,Terong,Solanum melongena,sayuran buah,BibitKu,,Benih Terong - BibitKu (25 g),"Benih Terong. Panen sekitar 80-100 hari, suhu ideal 20-35 C, pH 5.5-6.8, cocok hingga 1200 mdpl.",80,100,9.0,20.0,35.0,40.0,66.7,100.0,133.3,333.3,4.3,5.5,6.8,8.5,0,1200,lempung|liat berlempung|lempung berpasir,baik,6,lahan|polybag,2.5,6250,25,67000,87,1,konsumsi|jual,ulat buah|layu bakteri,ecocrop,1
TERONG-KEB-5G,terong:Kebun Lestari,terong,Terong,Solanum melongena,sayuran buah,Kebun Lestari,,Benih Terong - Kebun Lestari (5 g),"Benih Terong. Panen sekitar 80-100 hari, suhu ideal 20-35 C, pH 5.5-6.8, cocok hingga 1200 mdpl.",80,100,9.0,20.0,35.0,40.0,66.7,100.0,133.3,333.3,4.3,5.5,6.8,8.5,0,1200,lempung|liat berlempung|lempung berpasir,baik,6,lahan|polybag,2.5,1250,5,16000,16,1,konsumsi|jual,ulat buah|layu bakteri,ecocrop,1
TERONG-KEB-25G,terong:Kebun Lestari,terong,Terong,Solanum melongena,sayuran buah,Kebun Lestari,,Benih Terong - Kebun Lestari (25 g),"Benih Terong. Panen sekitar 80-100 hari, suhu ideal 20-35 C, pH 5.5-6.8, cocok hingga 1200 mdpl.",80,100,9.0,20.0,35.0,40.0,66.7,100.0,133.3,333.3,4.3,5.5,6.8,8.5,0,1200,lempung|liat berlempung|lempung berpasir,baik,6,lahan|polybag,2.5,6250,25,76000,144,1,konsumsi|jual,ulat buah|layu bakteri,ecocrop,1
TIMUN-AGR-25G,timun:Agro Subur,timun,Timun,Cucumis sativus,sayuran buah,Agro Subur,,Benih Timun - Agro Subur (25 g),"Benih Timun. Panen sekitar 40-55 hari, suhu ideal 18-32 C, pH 6.0-7.5, cocok hingga 2000 mdpl.",40,55,6.0,18.0,32.0,38.0,33.3,83.3,100.0,358.3,4.5,6.0,7.5,8.7,0,2000.0,lempung|liat berlempung|lempung berpasir,baik,6,lahan|polybag|vertikultur,5,875,25,17500,74,1,konsumsi|jual,embun tepung|downy mildew,ecocrop,1
TIMUN-AGR-50G,timun:Agro Subur,timun,Timun,Cucumis sativus,sayuran buah,Agro Subur,,Benih Timun - Agro Subur (50 g),"Benih Timun. Panen sekitar 40-55 hari, suhu ideal 18-32 C, pH 6.0-7.5, cocok hingga 2000 mdpl.",40,55,6.0,18.0,32.0,38.0,33.3,83.3,100.0,358.3,4.5,6.0,7.5,8.7,0,2000.0,lempung|liat berlempung|lempung berpasir,baik,6,lahan|polybag|vertikultur,5,1750,50,32000,326,1,konsumsi|jual,embun tepung|downy mildew,ecocrop,1
TIMUN-TAN-10G,timun:TaniMas,timun,Timun,Cucumis sativus,sayuran buah,TaniMas,,Benih Timun - TaniMas (10 g),"Benih Timun. Panen sekitar 40-55 hari, suhu ideal 18-32 C, pH 6.0-7.5, cocok hingga 2000 mdpl.",40,55,6.0,18.0,32.0,38.0,33.3,83.3,100.0,358.3,4.5,6.0,7.5,8.7,0,2000.0,lempung|liat berlempung|lempung berpasir,baik,6,lahan|polybag|vertikultur,5,350,10,8000,358,1,konsumsi|jual,embun tepung|downy mildew,ecocrop,1
TIMUN-TAN-50G,timun:TaniMas,timun,Timun,Cucumis sativus,sayuran buah,TaniMas,,Benih Timun - TaniMas (50 g),"Benih Timun. Panen sekitar 40-55 hari, suhu ideal 18-32 C, pH 6.0-7.5, cocok hingga 2000 mdpl.",40,55,6.0,18.0,32.0,38.0,33.3,83.3,100.0,358.3,4.5,6.0,7.5,8.7,0,2000.0,lempung|liat berlempung|lempung berpasir,baik,6,lahan|polybag|vertikultur,5,1750,50,38000,214,1,konsumsi|jual,embun tepung|downy mildew,ecocrop,1
TIMUN-BEN-10G,timun:Benih Nusantara,timun,Timun,Cucumis sativus,sayuran buah,Benih Nusantara,,Benih Timun - Benih Nusantara (10 g),"Benih Timun. Panen sekitar 40-55 hari, suhu ideal 18-32 C, pH 6.0-7.5, cocok hingga 2000 mdpl.",40,55,6.0,18.0,32.0,38.0,33.3,83.3,100.0,358.3,4.5,6.0,7.5,8.7,0,2000.0,lempung|liat berlempung|lempung berpasir,baik,6,lahan|polybag|vertikultur,5,350,10,9500,107,1,konsumsi|jual,embun tepung|downy mildew,ecocrop,1
TIMUN-BEN-25G,timun:Benih Nusantara,timun,Timun,Cucumis sativus,sayuran buah,Benih Nusantara,,Benih Timun - Benih Nusantara (25 g),"Benih Timun. Panen sekitar 40-55 hari, suhu ideal 18-32 C, pH 6.0-7.5, cocok hingga 2000 mdpl.",40,55,6.0,18.0,32.0,38.0,33.3,83.3,100.0,358.3,4.5,6.0,7.5,8.7,0,2000.0,lempung|liat berlempung|lempung berpasir,baik,6,lahan|polybag|vertikultur,5,875,25,20000,93,1,konsumsi|jual,embun tepung|downy mildew,ecocrop,1
PARIA-TAN-10G,paria:TaniMas,paria,Paria (Pare),Momordica charantia,sayuran buah,TaniMas,,Benih Paria (Pare) - TaniMas (10 g),"Benih Paria (Pare). Panen sekitar 55-70 hari, suhu ideal 22-30 C, pH 6.0-6.5, cocok hingga 1000 mdpl.",55,70,15.0,22.0,30.0,38.0,83.3,166.7,208.3,333.3,4.5,6.0,6.5,8.0,0,1000.0,lempung|liat berlempung|lempung berpasir,baik,6,lahan|polybag|vertikultur,2,150,10,24000,284,2,konsumsi|jual,lalat buah|embun tepung,ecocrop,1
PARIA-TAN-25G,paria:TaniMas,paria,Paria (Pare),Momordica charantia,sayuran buah,TaniMas,,Benih Paria (Pare) - TaniMas (25 g),"Benih Paria (Pare). Panen sekitar 55-70 hari, suhu ideal 22-30 C, pH 6.0-6.5, cocok hingga 1000 mdpl.",55,70,15.0,22.0,30.0,38.0,83.3,166.7,208.3,333.3,4.5,6.0,6.5,8.0,0,1000.0,lempung|liat berlempung|lempung berpasir,baik,6,lahan|polybag|vertikultur,2,375,25,54000,23,2,konsumsi|jual,lalat buah|embun tepung,ecocrop,1
PARIA-AGR-10G,paria:Agro Subur,paria,Paria (Pare),Momordica charantia,sayuran buah,Agro Subur,,Benih Paria (Pare) - Agro Subur (10 g),"Benih Paria (Pare). Panen sekitar 55-70 hari, suhu ideal 22-30 C, pH 6.0-6.5, cocok hingga 1000 mdpl.",55,70,15.0,22.0,30.0,38.0,83.3,166.7,208.3,333.3,4.5,6.0,6.5,8.0,0,1000.0,lempung|liat berlempung|lempung berpasir,baik,6,lahan|polybag|vertikultur,2,150,10,20500,202,2,konsumsi|jual,lalat buah|embun tepung,ecocrop,1
PARIA-AGR-25G,paria:Agro Subur,paria,Paria (Pare),Momordica charantia,sayuran buah,Agro Subur,,Benih Paria (Pare) - Agro Subur (25 g),"Benih Paria (Pare). Panen sekitar 55-70 hari, suhu ideal 22-30 C, pH 6.0-6.5, cocok hingga 1000 mdpl.",55,70,15.0,22.0,30.0,38.0,83.3,166.7,208.3,333.3,4.5,6.0,6.5,8.0,0,1000.0,lempung|liat berlempung|lempung berpasir,baik,6,lahan|polybag|vertikultur,2,375,25,46500,187,2,konsumsi|jual,lalat buah|embun tepung,ecocrop,1
PARIA-BIB-10G,paria:BibitKu,paria,Paria (Pare),Momordica charantia,sayuran buah,BibitKu,,Benih Paria (Pare) - BibitKu (10 g),"Benih Paria (Pare). Panen sekitar 55-70 hari, suhu ideal 22-30 C, pH 6.0-6.5, cocok hingga 1000 mdpl.",55,70,15.0,22.0,30.0,38.0,83.3,166.7,208.3,333.3,4.5,6.0,6.5,8.0,0,1000.0,lempung|liat berlempung|lempung berpasir,baik,6,lahan|polybag|vertikultur,2,150,10,20500,69,2,konsumsi|jual,lalat buah|embun tepung,ecocrop,1
PARIA-BIB-25G,paria:BibitKu,paria,Paria (Pare),Momordica charantia,sayuran buah,BibitKu,,Benih Paria (Pare) - BibitKu (25 g),"Benih Paria (Pare). Panen sekitar 55-70 hari, suhu ideal 22-30 C, pH 6.0-6.5, cocok hingga 1000 mdpl.",55,70,15.0,22.0,30.0,38.0,83.3,166.7,208.3,333.3,4.5,6.0,6.5,8.0,0,1000.0,lempung|liat berlempung|lempung berpasir,baik,6,lahan|polybag|vertikultur,2,375,25,47500,248,2,konsumsi|jual,lalat buah|embun tepung,ecocrop,1
KACANG_PANJANG-KEB-25G,kacang_panjang:Kebun Lestari,kacang_panjang,Kacang Panjang,Vigna unguiculata ssp. sesquipedalis,sayuran buah,Kebun Lestari,,Benih Kacang Panjang - Kebun Lestari (25 g),"Benih Kacang Panjang. Panen sekitar 45-60 hari, suhu ideal 20-35 C, pH 5.5-7.0, cocok hingga 1000 mdpl.",45,60,14.0,20.0,35.0,38.0,54.2,125.0,166.7,341.7,4.3,5.5,7.0,7.5,0,1000.0,liat|liat berlempung|lempung|lempung berpasir,baik,6,lahan|polybag|vertikultur,8,175,25,10500,145,1,konsumsi|jual,lalat bibit|karat daun,ecocrop,1
KACANG_PANJANG-KEB-100G,kacang_panjang:Kebun Lestari,kacang_panjang,Kacang Panjang,Vigna unguiculata ssp. sesquipedalis,sayuran buah,Kebun Lestari,,Benih Kacang Panjang - Kebun Lestari (100 g),"Benih Kacang Panjang. Panen sekitar 45-60 hari, suhu ideal 20-35 C, pH 5.5-7.0, cocok hingga 1000 mdpl.",45,60,14.0,20.0,35.0,38.0,54.2,125.0,166.7,341.7,4.3,5.5,7.0,7.5,0,1000.0,liat|liat berlempung|lempung|lempung berpasir,baik,6,lahan|polybag|vertikultur,8,700,100,39000,274,1,konsumsi|jual,lalat bibit|karat daun,ecocrop,1
KACANG_PANJANG-BIB-25G,kacang_panjang:BibitKu,kacang_panjang,Kacang Panjang,Vigna unguiculata ssp. sesquipedalis,sayuran buah,BibitKu,,Benih Kacang Panjang - BibitKu (25 g),"Benih Kacang Panjang. Panen sekitar 45-60 hari, suhu ideal 20-35 C, pH 5.5-7.0, cocok hingga 1000 mdpl.",45,60,14.0,20.0,35.0,38.0,54.2,125.0,166.7,341.7,4.3,5.5,7.0,7.5,0,1000.0,liat|liat berlempung|lempung|lempung berpasir,baik,6,lahan|polybag|vertikultur,8,175,25,9500,85,1,konsumsi|jual,lalat bibit|karat daun,ecocrop,1
KACANG_PANJANG-BIB-100G,kacang_panjang:BibitKu,kacang_panjang,Kacang Panjang,Vigna unguiculata ssp. sesquipedalis,sayuran buah,BibitKu,,Benih Kacang Panjang - BibitKu (100 g),"Benih Kacang Panjang. Panen sekitar 45-60 hari, suhu ideal 20-35 C, pH 5.5-7.0, cocok hingga 1000 mdpl.",45,60,14.0,20.0,35.0,38.0,54.2,125.0,166.7,341.7,4.3,5.5,7.0,7.5,0,1000.0,liat|liat berlempung|lempung|lempung berpasir,baik,6,lahan|polybag|vertikultur,8,700,100,33500,398,1,konsumsi|jual,lalat bibit|karat daun,ecocrop,1
KACANG_PANJANG-AGR-50G,kacang_panjang:Agro Subur,kacang_panjang,Kacang Panjang,Vigna unguiculata ssp. sesquipedalis,sayuran buah,Agro Subur,,Benih Kacang Panjang - Agro Subur (50 g),"Benih Kacang Panjang. Panen sekitar 45-60 hari, suhu ideal 20-35 C, pH 5.5-7.0, cocok hingga 1000 mdpl.",45,60,14.0,20.0,35.0,38.0,54.2,125.0,166.7,341.7,4.3,5.5,7.0,7.5,0,1000.0,liat|liat berlempung|lempung|lempung berpasir,baik,6,lahan|polybag|vertikultur,8,350,50,20500,366,1,konsumsi|jual,lalat bibit|karat daun,ecocrop,1
KACANG_PANJANG-AGR-100G,kacang_panjang:Agro Subur,kacang_panjang,Kacang Panjang,Vigna unguiculata ssp. sesquipedalis,sayuran buah,Agro Subur,,Benih Kacang Panjang - Agro Subur (100 g),"Benih Kacang Panjang. Panen sekitar 45-60 hari, suhu ideal 20-35 C, pH 5.5-7.0, cocok hingga 1000 mdpl.",45,60,14.0,20.0,35.0,38.0,54.2,125.0,166.7,341.7,4.3,5.5,7.0,7.5,0,1000.0,liat|liat berlempung|lempung|lempung berpasir,baik,6,lahan|polybag|vertikultur,8,700,100,36500,95,1,konsumsi|jual,lalat bibit|karat daun,ecocrop,1
BUNCIS-AGR-25G,buncis:Agro Subur,buncis,Buncis,Phaseolus vulgaris,sayuran buah,Agro Subur,,Benih Buncis - Agro Subur (25 g),"Benih Buncis. Panen sekitar 45-60 hari, suhu ideal 16-25 C, pH 5.5-7.5, cocok hingga 3000 mdpl.",45,60,7.0,16.0,25.0,32.0,25.0,41.7,166.7,358.3,4.0,5.5,7.5,9.0,200,3000.0,lempung|liat berlempung|lempung berpasir,baik,6,lahan|polybag,10,88,25,9000,398,1,konsumsi|jual,karat daun|antraknosa,ecocrop,1
BUNCIS-AGR-100G,buncis:Agro Subur,buncis,Buncis,Phaseolus vulgaris,sayuran buah,Agro Subur,,Benih Buncis - Agro Subur (100 g),"Benih Buncis. Panen sekitar 45-60 hari, suhu ideal 16-25 C, pH 5.5-7.5, cocok hingga 3000 mdpl.",45,60,7.0,16.0,25.0,32.0,25.0,41.7,166.7,358.3,4.0,5.5,7.5,9.0,200,3000.0,lempung|liat berlempung|lempung berpasir,baik,6,lahan|polybag,10,350,100,32500,215,1,konsumsi|jual,karat daun|antraknosa,ecocrop,1
BUNCIS-BEN-25G,buncis:Benih Nusantara,buncis,Buncis,Phaseolus vulgaris,sayuran buah,Benih Nusantara,,Benih Buncis - Benih Nusantara (25 g),"Benih Buncis. Panen sekitar 45-60 hari, suhu ideal 16-25 C, pH 5.5-7.5, cocok hingga 3000 mdpl.",45,60,7.0,16.0,25.0,32.0,25.0,41.7,166.7,358.3,4.0,5.5,7.5,9.0,200,3000.0,lempung|liat berlempung|lempung berpasir,baik,6,lahan|polybag,10,88,25,11000,384,1,konsumsi|jual,karat daun|antraknosa,ecocrop,1
BUNCIS-BEN-100G,buncis:Benih Nusantara,buncis,Buncis,Phaseolus vulgaris,sayuran buah,Benih Nusantara,,Benih Buncis - Benih Nusantara (100 g),"Benih Buncis. Panen sekitar 45-60 hari, suhu ideal 16-25 C, pH 5.5-7.5, cocok hingga 3000 mdpl.",45,60,7.0,16.0,25.0,32.0,25.0,41.7,166.7,358.3,4.0,5.5,7.5,9.0,200,3000.0,lempung|liat berlempung|lempung berpasir,baik,6,lahan|polybag,10,350,100,39500,0,1,konsumsi|jual,karat daun|antraknosa,ecocrop,1
BUNCIS-BIB-50G,buncis:BibitKu,buncis,Buncis,Phaseolus vulgaris,sayuran buah,BibitKu,,Benih Buncis - BibitKu (50 g),"Benih Buncis. Panen sekitar 45-60 hari, suhu ideal 16-25 C, pH 5.5-7.5, cocok hingga 3000 mdpl.",45,60,7.0,16.0,25.0,32.0,25.0,41.7,166.7,358.3,4.0,5.5,7.5,9.0,200,3000.0,lempung|liat berlempung|lempung berpasir,baik,6,lahan|polybag,10,175,50,15500,186,1,konsumsi|jual,karat daun|antraknosa,ecocrop,1
BUNCIS-BIB-100G,buncis:BibitKu,buncis,Buncis,Phaseolus vulgaris,sayuran buah,BibitKu,,Benih Buncis - BibitKu (100 g),"Benih Buncis. Panen sekitar 45-60 hari, suhu ideal 16-25 C, pH 5.5-7.5, cocok hingga 3000 mdpl.",45,60,7.0,16.0,25.0,32.0,25.0,41.7,166.7,358.3,4.0,5.5,7.5,9.0,200,3000.0,lempung|liat berlempung|lempung berpasir,baik,6,lahan|polybag,10,350,100,29000,188,1,konsumsi|jual,karat daun|antraknosa,ecocrop,1
JAGUNG_MANIS-AGR-50G,jagung_manis:Agro Subur,jagung_manis,Jagung Manis,Zea mays ssp. saccharata,sayuran buah,Agro Subur,,Benih Jagung Manis - Agro Subur (50 g),"Benih Jagung Manis. Panen sekitar 65-80 hari, suhu ideal 20-30 C, pH 5.5-6.8, cocok hingga 2000 mdpl.",65,80,12.0,20,30,38.0,50.0,66.7,125.0,150.0,4.5,5.5,6.8,7.5,0,2000.0,lempung|liat berlempung|lempung berpasir,baik,8,lahan|polybag,6,200,50,21500,257,1,konsumsi|jual,bulai|ulat grayak,ecocrop,1
JAGUNG_MANIS-AGR-250G,jagung_manis:Agro Subur,jagung_manis,Jagung Manis,Zea mays ssp. saccharata,sayuran buah,Agro Subur,,Benih Jagung Manis - Agro Subur (250 g),"Benih Jagung Manis. Panen sekitar 65-80 hari, suhu ideal 20-30 C, pH 5.5-6.8, cocok hingga 2000 mdpl.",65,80,12.0,20,30,38.0,50.0,66.7,125.0,150.0,4.5,5.5,6.8,7.5,0,2000.0,lempung|liat berlempung|lempung berpasir,baik,8,lahan|polybag,6,1000,250,98500,10,1,konsumsi|jual,bulai|ulat grayak,ecocrop,1
JAGUNG_MANIS-TAN-100G,jagung_manis:TaniMas,jagung_manis,Jagung Manis,Zea mays ssp. saccharata,sayuran buah,TaniMas,,Benih Jagung Manis - TaniMas (100 g),"Benih Jagung Manis. Panen sekitar 65-80 hari, suhu ideal 20-30 C, pH 5.5-6.8, cocok hingga 2000 mdpl.",65,80,12.0,20,30,38.0,50.0,66.7,125.0,150.0,4.5,5.5,6.8,7.5,0,2000.0,lempung|liat berlempung|lempung berpasir,baik,8,lahan|polybag,6,400,100,52500,348,1,konsumsi|jual,bulai|ulat grayak,ecocrop,1
JAGUNG_MANIS-TAN-250G,jagung_manis:TaniMas,jagung_manis,Jagung Manis,Zea mays ssp. saccharata,sayuran buah,TaniMas,,Benih Jagung Manis - TaniMas (250 g),"Benih Jagung Manis. Panen sekitar 65-80 hari, suhu ideal 20-30 C, pH 5.5-6.8, cocok hingga 2000 mdpl.",65,80,12.0,20,30,38.0,50.0,66.7,125.0,150.0,4.5,5.5,6.8,7.5,0,2000.0,lempung|liat berlempung|lempung berpasir,baik,8,lahan|polybag,6,1000,250,108500,374,1,konsumsi|jual,bulai|ulat grayak,ecocrop,1
JAGUNG_MANIS-BEN-50G,jagung_manis:Benih Nusantara,jagung_manis,Jagung Manis,Zea mays ssp. saccharata,sayuran buah,Benih Nusantara,,Benih Jagung Manis - Benih Nusantara (50 g),"Benih Jagung Manis. Panen sekitar 65-80 hari, suhu ideal 20-30 C, pH 5.5-6.8, cocok hingga 2000 mdpl.",65,80,12.0,20,30,38.0,50.0,66.7,125.0,150.0,4.5,5.5,6.8,7.5,0,2000.0,lempung|liat berlempung|lempung berpasir,baik,8,lahan|polybag,6,200,50,30500,335,1,konsumsi|jual,bulai|ulat grayak,ecocrop,1
JAGUNG_MANIS-BEN-100G,jagung_manis:Benih Nusantara,jagung_manis,Jagung Manis,Zea mays ssp. saccharata,sayuran buah,Benih Nusantara,,Benih Jagung Manis - Benih Nusantara (100 g),"Benih Jagung Manis. Panen sekitar 65-80 hari, suhu ideal 20-30 C, pH 5.5-6.8, cocok hingga 2000 mdpl.",65,80,12.0,20,30,38.0,50.0,66.7,125.0,150.0,4.5,5.5,6.8,7.5,0,2000.0,lempung|liat berlempung|lempung berpasir,baik,8,lahan|polybag,6,400,100,51500,379,1,konsumsi|jual,bulai|ulat grayak,ecocrop,1
OKRA-KEB-10G,okra:Kebun Lestari,okra,Okra,Abelmoschus esculentus,sayuran buah,Kebun Lestari,,Benih Okra - Kebun Lestari (10 g),"Benih Okra. Panen sekitar 50-65 hari, suhu ideal 20-30 C, pH 5.5-7.0, cocok hingga 1000 mdpl.",50,65,12.0,20.0,30.0,35.0,25.0,50.0,100.0,208.3,4.5,5.5,7.0,8.7,0,1000.0,liat|liat berlempung|lempung|lempung berpasir|berpasir,baik,7,lahan|polybag|pot,4,150,10,15000,91,1,konsumsi|jual,kutu daun|embun tepung,ecocrop,1
OKRA-KEB-25G,okra:Kebun Lestari,okra,Okra,Abelmoschus esculentus,sayuran buah,Kebun Lestari,,Benih Okra - Kebun Lestari (25 g),"Benih Okra. Panen sekitar 50-65 hari, suhu ideal 20-30 C, pH 5.5-7.0, cocok hingga 1000 mdpl.",50,65,12.0,20.0,30.0,35.0,25.0,50.0,100.0,208.3,4.5,5.5,7.0,8.7,0,1000.0,liat|liat berlempung|lempung|lempung berpasir|berpasir,baik,7,lahan|polybag|pot,4,375,25,31000,87,1,konsumsi|jual,kutu daun|embun tepung,ecocrop,1
OKRA-BIB-10G,okra:BibitKu,okra,Okra,Abelmoschus esculentus,sayuran buah,BibitKu,,Benih Okra - BibitKu (10 g),"Benih Okra. Panen sekitar 50-65 hari, suhu ideal 20-30 C, pH 5.5-7.0, cocok hingga 1000 mdpl.",50,65,12.0,20.0,30.0,35.0,25.0,50.0,100.0,208.3,4.5,5.5,7.0,8.7,0,1000.0,liat|liat berlempung|lempung|lempung berpasir|berpasir,baik,7,lahan|polybag|pot,4,150,10,12500,345,1,konsumsi|jual,kutu daun|embun tepung,ecocrop,1
OKRA-BIB-25G,okra:BibitKu,okra,Okra,Abelmoschus esculentus,sayuran buah,BibitKu,,Benih Okra - BibitKu (25 g),"Benih Okra. Panen sekitar 50-65 hari, suhu ideal 20-30 C, pH 5.5-7.0, cocok hingga 1000 mdpl.",50,65,12.0,20.0,30.0,35.0,25.0,50.0,100.0,208.3,4.5,5.5,7.0,8.7,0,1000.0,liat|liat berlempung|lempung|lempung berpasir|berpasir,baik,7,lahan|polybag|pot,4,375,25,26000,252,1,konsumsi|jual,kutu daun|embun tepung,ecocrop,1
OKRA-GRE-10G,okra:Greenfield Seeds,okra,Okra,Abelmoschus esculentus,sayuran buah,Greenfield Seeds,,Benih Okra - Greenfield Seeds (10 g),"Benih Okra. Panen sekitar 50-65 hari, suhu ideal 20-30 C, pH 5.5-7.0, cocok hingga 1000 mdpl.",50,65,12.0,20.0,30.0,35.0,25.0,50.0,100.0,208.3,4.5,5.5,7.0,8.7,0,1000.0,liat|liat berlempung|lempung|lempung berpasir|berpasir,baik,7,lahan|polybag|pot,4,150,10,20000,290,1,konsumsi|jual,kutu daun|embun tepung,ecocrop,1
OKRA-GRE-25G,okra:Greenfield Seeds,okra,Okra,Abelmoschus esculentus,sayuran buah,Greenfield Seeds,,Benih Okra - Greenfield Seeds (25 g),"Benih Okra. Panen sekitar 50-65 hari, suhu ideal 20-30 C, pH 5.5-7.0, cocok hingga 1000 mdpl.",50,65,12.0,20.0,30.0,35.0,25.0,50.0,100.0,208.3,4.5,5.5,7.0,8.7,0,1000.0,liat|liat berlempung|lempung|lempung berpasir|berpasir,baik,7,lahan|polybag|pot,4,375,25,45000,0,1,konsumsi|jual,kutu daun|embun tepung,ecocrop,1
LABU_KUNING-BIB-10G,labu_kuning:BibitKu,labu_kuning,Labu Kuning,Cucurbita moschata,sayuran buah,BibitKu,,Benih Labu Kuning - BibitKu (10 g),"Benih Labu Kuning. Panen sekitar 90-110 hari, suhu ideal 20-30 C, pH 5.5-7.5, cocok hingga 2400 mdpl.",90,110,10.0,20.0,30.0,40.0,25.0,50.0,133.3,233.3,4.5,5.5,7.5,8.3,0,2400.0,lempung|liat berlempung|lempung berpasir,baik,7,lahan|vertikultur,0.5,50,10,5500,118,1,konsumsi|jual,embun tepung|lalat buah,ecocrop,1
LABU_KUNING-BIB-25G,labu_kuning:BibitKu,labu_kuning,Labu Kuning,Cucurbita moschata,sayuran buah,BibitKu,,Benih Labu Kuning - BibitKu (25 g),"Benih Labu Kuning. Panen sekitar 90-110 hari, suhu ideal 20-30 C, pH 5.5-7.5, cocok hingga 2400 mdpl.",90,110,10.0,20.0,30.0,40.0,25.0,50.0,133.3,233.3,4.5,5.5,7.5,8.3,0,2400.0,lempung|liat berlempung|lempung berpasir,baik,7,lahan|vertikultur,0.5,125,25,12000,266,1,konsumsi|jual,embun tepung|lalat buah,ecocrop,1
LABU_KUNING-TAN-10G,labu_kuning:TaniMas,labu_kuning,Labu Kuning,Cucurbita moschata,sayuran buah,TaniMas,,Benih Labu Kuning - TaniMas (10 g),"Benih Labu Kuning. Panen sekitar 90-110 hari, suhu ideal 20-30 C, pH 5.5-7.5, cocok hingga 2400 mdpl.",90,110,10.0,20.0,30.0,40.0,25.0,50.0,133.3,233.3,4.5,5.5,7.5,8.3,0,2400.0,lempung|liat berlempung|lempung berpasir,baik,7,lahan|vertikultur,0.5,50,10,7000,142,1,konsumsi|jual,embun tepung|lalat buah,ecocrop,1
LABU_KUNING-TAN-25G,labu_kuning:TaniMas,labu_kuning,Labu Kuning,Cucurbita moschata,sayuran buah,TaniMas,,Benih Labu Kuning - TaniMas (25 g),"Benih Labu Kuning. Panen sekitar 90-110 hari, suhu ideal 20-30 C, pH 5.5-7.5, cocok hingga 2400 mdpl.",90,110,10.0,20.0,30.0,40.0,25.0,50.0,133.3,233.3,4.5,5.5,7.5,8.3,0,2400.0,lempung|liat berlempung|lempung berpasir,baik,7,lahan|vertikultur,0.5,125,25,16000,41,1,konsumsi|jual,embun tepung|lalat buah,ecocrop,1
LABU_KUNING-BEN-10G,labu_kuning:Benih Nusantara,labu_kuning,Labu Kuning,Cucurbita moschata,sayuran buah,Benih Nusantara,,Benih Labu Kuning - Benih Nusantara (10 g),"Benih Labu Kuning. Panen sekitar 90-110 hari, suhu ideal 20-30 C, pH 5.5-7.5, cocok hingga 2400 mdpl.",90,110,10.0,20.0,30.0,40.0,25.0,50.0,133.3,233.3,4.5,5.5,7.5,8.3,0,2400.0,lempung|liat berlempung|lempung berpasir,baik,7,lahan|vertikultur,0.5,50,10,8500,244,1,konsumsi|jual,embun tepung|lalat buah,ecocrop,1
LABU_KUNING-BEN-25G,labu_kuning:Benih Nusantara,labu_kuning,Labu Kuning,Cucurbita moschata,sayuran buah,Benih Nusantara,,Benih Labu Kuning - Benih Nusantara (25 g),"Benih Labu Kuning. Panen sekitar 90-110 hari, suhu ideal 20-30 C, pH 5.5-7.5, cocok hingga 2400 mdpl.",90,110,10.0,20.0,30.0,40.0,25.0,50.0,133.3,233.3,4.5,5.5,7.5,8.3,0,2400.0,lempung|liat berlempung|lempung berpasir,baik,7,lahan|vertikultur,0.5,125,25,19000,274,1,konsumsi|jual,embun tepung|lalat buah,ecocrop,1
ZUKINI-KEB-5G,zukini:Kebun Lestari,zukini,Zukini,Cucurbita pepo,sayuran buah,Kebun Lestari,,Benih Zukini - Kebun Lestari (5 g),"Benih Zukini. Panen sekitar 50-60 hari, suhu ideal 17-30 C, pH 5.5-6.8, cocok hingga 1500 mdpl.",50,60,6.0,17.0,30.0,40.0,25.0,50.0,125.0,233.3,4.5,5.5,6.8,8.3,0,1500,lempung|liat berlempung|lempung berpasir,baik,6,lahan|polybag,1.5,30,5,14500,19,2,konsumsi|jual,embun tepung|virus mosaik,ecocrop,1
ZUKINI-KEB-10G,zukini:Kebun Lestari,zukini,Zukini,Cucurbita pepo,sayuran buah,Kebun Lestari,,Benih Zukini - Kebun Lestari (10 g),"Benih Zukini. Panen sekitar 50-60 hari, suhu ideal 17-30 C, pH 5.5-6.8, cocok hingga 1500 mdpl.",50,60,6.0,17.0,30.0,40.0,25.0,50.0,125.0,233.3,4.5,5.5,6.8,8.3,0,1500,lempung|liat berlempung|lempung berpasir,baik,6,lahan|polybag,1.5,60,10,27500,321,2,konsumsi|jual,embun tepung|virus mosaik,ecocrop,1
ZUKINI-GRE-5G,zukini:Greenfield Seeds,zukini,Zukini,Cucurbita pepo,sayuran buah,Greenfield Seeds,,Benih Zukini - Greenfield Seeds (5 g),"Benih Zukini. Panen sekitar 50-60 hari, suhu ideal 17-30 C, pH 5.5-6.8, cocok hingga 1500 mdpl.",50,60,6.0,17.0,30.0,40.0,25.0,50.0,125.0,233.3,4.5,5.5,6.8,8.3,0,1500,lempung|liat berlempung|lempung berpasir,baik,6,lahan|polybag,1.5,30,5,18500,98,2,konsumsi|jual,embun tepung|virus mosaik,ecocrop,1
ZUKINI-GRE-10G,zukini:Greenfield Seeds,zukini,Zukini,Cucurbita pepo,sayuran buah,Greenfield Seeds,,Benih Zukini - Greenfield Seeds (10 g),"Benih Zukini. Panen sekitar 50-60 hari, suhu ideal 17-30 C, pH 5.5-6.8, cocok hingga 1500 mdpl.",50,60,6.0,17.0,30.0,40.0,25.0,50.0,125.0,233.3,4.5,5.5,6.8,8.3,0,1500,lempung|liat berlempung|lempung berpasir,baik,6,lahan|polybag,1.5,60,10,34000,71,2,konsumsi|jual,embun tepung|virus mosaik,ecocrop,1
ZUKINI-BEN-5G,zukini:Benih Nusantara,zukini,Zukini,Cucurbita pepo,sayuran buah,Benih Nusantara,,Benih Zukini - Benih Nusantara (5 g),"Benih Zukini. Panen sekitar 50-60 hari, suhu ideal 17-30 C, pH 5.5-6.8, cocok hingga 1500 mdpl.",50,60,6.0,17.0,30.0,40.0,25.0,50.0,125.0,233.3,4.5,5.5,6.8,8.3,0,1500,lempung|liat berlempung|lempung berpasir,baik,6,lahan|polybag,1.5,30,5,17500,275,2,konsumsi|jual,embun tepung|virus mosaik,ecocrop,1
ZUKINI-BEN-10G,zukini:Benih Nusantara,zukini,Zukini,Cucurbita pepo,sayuran buah,Benih Nusantara,,Benih Zukini - Benih Nusantara (10 g),"Benih Zukini. Panen sekitar 50-60 hari, suhu ideal 17-30 C, pH 5.5-6.8, cocok hingga 1500 mdpl.",50,60,6.0,17.0,30.0,40.0,25.0,50.0,125.0,233.3,4.5,5.5,6.8,8.3,0,1500,lempung|liat berlempung|lempung berpasir,baik,6,lahan|polybag,1.5,60,10,31500,64,2,konsumsi|jual,embun tepung|virus mosaik,ecocrop,1
MELON-GRE-5G,melon:Greenfield Seeds,melon,Melon,Cucumis melo,sayuran buah,Greenfield Seeds,,Benih Melon - Greenfield Seeds (5 g),"Benih Melon. Panen sekitar 60-75 hari, suhu ideal 18-30 C, pH 6.0-7.5, cocok hingga 1000 mdpl.",60,75,9.0,18.0,30.0,35.0,75.0,83.3,108.3,208.3,5.0,6.0,7.5,8.7,0,1000.0,lempung|liat berlempung|lempung berpasir,baik,8,lahan|polybag,2,150,5,38000,0,3,jual|konsumsi,layu fusarium|embun tepung,ecocrop,1
MELON-GRE-10G,melon:Greenfield Seeds,melon,Melon,Cucumis melo,sayuran buah,Greenfield Seeds,,Benih Melon - Greenfield Seeds (10 g),"Benih Melon. Panen sekitar 60-75 hari, suhu ideal 18-30 C, pH 6.0-7.5, cocok hingga 1000 mdpl.",60,75,9.0,18.0,30.0,35.0,75.0,83.3,108.3,208.3,5.0,6.0,7.5,8.7,0,1000.0,lempung|liat berlempung|lempung berpasir,baik,8,lahan|polybag,2,300,10,67500,24,3,jual|konsumsi,layu fusarium|embun tepung,ecocrop,1
MELON-TAN-5G,melon:TaniMas,melon,Melon,Cucumis melo,sayuran buah,TaniMas,,Benih Melon - TaniMas (5 g),"Benih Melon. Panen sekitar 60-75 hari, suhu ideal 18-30 C, pH 6.0-7.5, cocok hingga 1000 mdpl.",60,75,9.0,18.0,30.0,35.0,75.0,83.3,108.3,208.3,5.0,6.0,7.5,8.7,0,1000.0,lempung|liat berlempung|lempung berpasir,baik,8,lahan|polybag,2,150,5,31500,236,3,jual|konsumsi,layu fusarium|embun tepung,ecocrop,1
MELON-TAN-10G,melon:TaniMas,melon,Melon,Cucumis melo,sayuran buah,TaniMas,,Benih Melon - TaniMas (10 g),"Benih Melon. Panen sekitar 60-75 hari, suhu ideal 18-30 C, pH 6.0-7.5, cocok hingga 1000 mdpl.",60,75,9.0,18.0,30.0,35.0,75.0,83.3,108.3,208.3,5.0,6.0,7.5,8.7,0,1000.0,lempung|liat berlempung|lempung berpasir,baik,8,lahan|polybag,2,300,10,53500,320,3,jual|konsumsi,layu fusarium|embun tepung,ecocrop,1
MELON-BEN-5G,melon:Benih Nusantara,melon,Melon,Cucumis melo,sayuran buah,Benih Nusantara,,Benih Melon - Benih Nusantara (5 g),"Benih Melon. Panen sekitar 60-75 hari, suhu ideal 18-30 C, pH 6.0-7.5, cocok hingga 1000 mdpl.",60,75,9.0,18.0,30.0,35.0,75.0,83.3,108.3,208.3,5.0,6.0,7.5,8.7,0,1000.0,lempung|liat berlempung|lempung berpasir,baik,8,lahan|polybag,2,150,5,35000,241,3,jual|konsumsi,layu fusarium|embun tepung,ecocrop,1
MELON-BEN-10G,melon:Benih Nusantara,melon,Melon,Cucumis melo,sayuran buah,Benih Nusantara,,Benih Melon - Benih Nusantara (10 g),"Benih Melon. Panen sekitar 60-75 hari, suhu ideal 18-30 C, pH 6.0-7.5, cocok hingga 1000 mdpl.",60,75,9.0,18.0,30.0,35.0,75.0,83.3,108.3,208.3,5.0,6.0,7.5,8.7,0,1000.0,lempung|liat berlempung|lempung berpasir,baik,8,lahan|polybag,2,300,10,63000,269,3,jual|konsumsi,layu fusarium|embun tepung,ecocrop,1
SEMANGKA-BEN-5G,semangka:Benih Nusantara,semangka,Semangka,Citrullus lanatus,sayuran buah,Benih Nusantara,,Benih Semangka - Benih Nusantara (5 g),"Benih Semangka. Panen sekitar 65-80 hari, suhu ideal 20-35 C, pH 6.0-7.0, cocok hingga 1000 mdpl.",65,80,15.0,20.0,35.0,40.0,33.3,41.7,58.3,150.0,5.5,6.0,7.0,7.5,0,1000.0,lempung|liat berlempung|lempung berpasir,baik,8,lahan,1,75,5,24500,113,3,jual|konsumsi,layu fusarium|lalat buah,ecocrop,1
SEMANGKA-BEN-10G,semangka:Benih Nusantara,semangka,Semangka,Citrullus lanatus,sayuran buah,Benih Nusantara,,Benih Semangka - Benih Nusantara (10 g),"Benih Semangka. Panen sekitar 65-80 hari, suhu ideal 20-35 C, pH 6.0-7.0, cocok hingga 1000 mdpl.",65,80,15.0,20.0,35.0,40.0,33.3,41.7,58.3,150.0,5.5,6.0,7.0,7.5,0,1000.0,lempung|liat berlempung|lempung berpasir,baik,8,lahan,1,150,10,44000,72,3,jual|konsumsi,layu fusarium|lalat buah,ecocrop,1
SEMANGKA-GRE-5G,semangka:Greenfield Seeds,semangka,Semangka,Citrullus lanatus,sayuran buah,Greenfield Seeds,,Benih Semangka - Greenfield Seeds (5 g),"Benih Semangka. Panen sekitar 65-80 hari, suhu ideal 20-35 C, pH 6.0-7.0, cocok hingga 1000 mdpl.",65,80,15.0,20.0,35.0,40.0,33.3,41.7,58.3,150.0,5.5,6.0,7.0,7.5,0,1000.0,lempung|liat berlempung|lempung berpasir,baik,8,lahan,1,75,5,26000,353,3,jual|konsumsi,layu fusarium|lalat buah,ecocrop,1
SEMANGKA-GRE-10G,semangka:Greenfield Seeds,semangka,Semangka,Citrullus lanatus,sayuran buah,Greenfield Seeds,,Benih Semangka - Greenfield Seeds (10 g),"Benih Semangka. Panen sekitar 65-80 hari, suhu ideal 20-35 C, pH 6.0-7.0, cocok hingga 1000 mdpl.",65,80,15.0,20.0,35.0,40.0,33.3,41.7,58.3,150.0,5.5,6.0,7.0,7.5,0,1000.0,lempung|liat berlempung|lempung berpasir,baik,8,lahan,1,150,10,46000,352,3,jual|konsumsi,layu fusarium|lalat buah,ecocrop,1
SEMANGKA-AGR-5G,semangka:Agro Subur,semangka,Semangka,Citrullus lanatus,sayuran buah,Agro Subur,,Benih Semangka - Agro Subur (5 g),"Benih Semangka. Panen sekitar 65-80 hari, suhu ideal 20-35 C, pH 6.0-7.0, cocok hingga 1000 mdpl.",65,80,15.0,20.0,35.0,40.0,33.3,41.7,58.3,150.0,5.5,6.0,7.0,7.5,0,1000.0,lempung|liat berlempung|lempung berpasir,baik,8,lahan,1,75,5,17000,89,3,jual|konsumsi,layu fusarium|lalat buah,ecocrop,1
SEMANGKA-AGR-10G,semangka:Agro Subur,semangka,Semangka,Citrullus lanatus,sayuran buah,Agro Subur,,Benih Semangka - Agro Subur (10 g),"Benih Semangka. Panen sekitar 65-80 hari, suhu ideal 20-35 C, pH 6.0-7.0, cocok hingga 1000 mdpl.",65,80,15.0,20.0,35.0,40.0,33.3,41.7,58.3,150.0,5.5,6.0,7.0,7.5,0,1000.0,lempung|liat berlempung|lempung berpasir,baik,8,lahan,1,150,10,33000,197,3,jual|konsumsi,layu fusarium|lalat buah,ecocrop,1
OYONG-BEN-10G,oyong:Benih Nusantara,oyong,Oyong (Gambas),Luffa acutangula,sayuran buah,Benih Nusantara,,Benih Oyong (Gambas) - Benih Nusantara (10 g),"Benih Oyong (Gambas). Panen sekitar 60-75 hari, suhu ideal 20-32 C, pH 5.5-7.0, cocok hingga 1500 mdpl.",60,75,15.0,20.0,32.0,38.0,58.3,100.0,166.7,250.0,4.5,5.5,7.0,7.5,0,1500.0,lempung|liat berlempung|lempung berpasir,baik,6,lahan|vertikultur,1.5,100,10,18500,58,1,konsumsi|jual,embun tepung|lalat buah,ecocrop,1
OYONG-BEN-25G,oyong:Benih Nusantara,oyong,Oyong (Gambas),Luffa acutangula,sayuran buah,Benih Nusantara,,Benih Oyong (Gambas) - Benih Nusantara (25 g),"Benih Oyong (Gambas). Panen sekitar 60-75 hari, suhu ideal 20-32 C, pH 5.5-7.0, cocok hingga 1500 mdpl.",60,75,15.0,20.0,32.0,38.0,58.3,100.0,166.7,250.0,4.5,5.5,7.0,7.5,0,1500.0,lempung|liat berlempung|lempung berpasir,baik,6,lahan|vertikultur,1.5,250,25,39000,351,1,konsumsi|jual,embun tepung|lalat buah,ecocrop,1
OYONG-AGR-10G,oyong:Agro Subur,oyong,Oyong (Gambas),Luffa acutangula,sayuran buah,Agro Subur,,Benih Oyong (Gambas) - Agro Subur (10 g),"Benih Oyong (Gambas). Panen sekitar 60-75 hari, suhu ideal 20-32 C, pH 5.5-7.0, cocok hingga 1500 mdpl.",60,75,15.0,20.0,32.0,38.0,58.3,100.0,166.7,250.0,4.5,5.5,7.0,7.5,0,1500.0,lempung|liat berlempung|lempung berpasir,baik,6,lahan|vertikultur,1.5,100,10,13500,230,1,konsumsi|jual,embun tepung|lalat buah,ecocrop,1
OYONG-AGR-25G,oyong:Agro Subur,oyong,Oyong (Gambas),Luffa acutangula,sayuran buah,Agro Subur,,Benih Oyong (Gambas) - Agro Subur (25 g),"Benih Oyong (Gambas). Panen sekitar 60-75 hari, suhu ideal 20-32 C, pH 5.5-7.0, cocok hingga 1500 mdpl.",60,75,15.0,20.0,32.0,38.0,58.3,100.0,166.7,250.0,4.5,5.5,7.0,7.5,0,1500.0,lempung|liat berlempung|lempung berpasir,baik,6,lahan|vertikultur,1.5,250,25,31000,225,1,konsumsi|jual,embun tepung|lalat buah,ecocrop,1
OYONG-BIB-10G,oyong:BibitKu,oyong,Oyong (Gambas),Luffa acutangula,sayuran buah,BibitKu,,Benih Oyong (Gambas) - BibitKu (10 g),"Benih Oyong (Gambas). Panen sekitar 60-75 hari, suhu ideal 20-32 C, pH 5.5-7.0, cocok hingga 1500 mdpl.",60,75,15.0,20.0,32.0,38.0,58.3,100.0,166.7,250.0,4.5,5.5,7.0,7.5,0,1500.0,lempung|liat berlempung|lempung berpasir,baik,6,lahan|vertikultur,1.5,100,10,11500,379,1,konsumsi|jual,embun tepung|lalat buah,ecocrop,1
OYONG-BIB-25G,oyong:BibitKu,oyong,Oyong (Gambas),Luffa acutangula,sayuran buah,BibitKu,,Benih Oyong (Gambas) - BibitKu (25 g),"Benih Oyong (Gambas). Panen sekitar 60-75 hari, suhu ideal 20-32 C, pH 5.5-7.0, cocok hingga 1500 mdpl.",60,75,15.0,20.0,32.0,38.0,58.3,100.0,166.7,250.0,4.5,5.5,7.0,7.5,0,1500.0,lempung|liat berlempung|lempung berpasir,baik,6,lahan|vertikultur,1.5,250,25,27000,244,1,konsumsi|jual,embun tepung|lalat buah,ecocrop,1
LABU_AIR-KEB-10G,labu_air:Kebun Lestari,labu_air,Labu Air (Labu Botol),Lagenaria siceraria,sayuran buah,Kebun Lestari,,Benih Labu Air (Labu Botol) - Kebun Lestari (10 g),"Benih Labu Air (Labu Botol). Panen sekitar 70-90 hari, suhu ideal 19-27 C, pH 5.5-7.0, cocok hingga 2700 mdpl.",70,90,12.0,19.0,27.0,38.0,58.3,100.0,150.0,233.3,4.5,5.5,7.0,7.5,0,2700.0,lempung|liat berlempung|lempung berpasir|berpasir,baik,6,lahan|vertikultur,1.5,60,10,8500,272,1,konsumsi,embun tepung|kutu daun,ecocrop,1
LABU_AIR-KEB-25G,labu_air:Kebun Lestari,labu_air,Labu Air (Labu Botol),Lagenaria siceraria,sayuran buah,Kebun Lestari,,Benih Labu Air (Labu Botol) - Kebun Lestari (25 g),"Benih Labu Air (Labu Botol). Panen sekitar 70-90 hari, suhu ideal 19-27 C, pH 5.5-7.0, cocok hingga 2700 mdpl.",70,90,12.0,19.0,27.0,38.0,58.3,100.0,150.0,233.3,4.5,5.5,7.0,7.5,0,2700.0,lempung|liat berlempung|lempung berpasir|berpasir,baik,6,lahan|vertikultur,1.5,150,25,20500,127,1,konsumsi,embun tepung|kutu daun,ecocrop,1
LABU_AIR-TAN-10G,labu_air:TaniMas,labu_air,Labu Air (Labu Botol),Lagenaria siceraria,sayuran buah,TaniMas,,Benih Labu Air (Labu Botol) - TaniMas (10 g),"Benih Labu Air (Labu Botol). Panen sekitar 70-90 hari, suhu ideal 19-27 C, pH 5.5-7.0, cocok hingga 2700 mdpl.",70,90,12.0,19.0,27.0,38.0,58.3,100.0,150.0,233.3,4.5,5.5,7.0,7.5,0,2700.0,lempung|liat berlempung|lempung berpasir|berpasir,baik,6,lahan|vertikultur,1.5,60,10,9500,145,1,konsumsi,embun tepung|kutu daun,ecocrop,1
LABU_AIR-TAN-25G,labu_air:TaniMas,labu_air,Labu Air (Labu Botol),Lagenaria siceraria,sayuran buah,TaniMas,,Benih Labu Air (Labu Botol) - TaniMas (25 g),"Benih Labu Air (Labu Botol). Panen sekitar 70-90 hari, suhu ideal 19-27 C, pH 5.5-7.0, cocok hingga 2700 mdpl.",70,90,12.0,19.0,27.0,38.0,58.3,100.0,150.0,233.3,4.5,5.5,7.0,7.5,0,2700.0,lempung|liat berlempung|lempung berpasir|berpasir,baik,6,lahan|vertikultur,1.5,150,25,20000,102,1,konsumsi,embun tepung|kutu daun,ecocrop,1
LABU_AIR-BIB-10G,labu_air:BibitKu,labu_air,Labu Air (Labu Botol),Lagenaria siceraria,sayuran buah,BibitKu,,Benih Labu Air (Labu Botol) - BibitKu (10 g),"Benih Labu Air (Labu Botol). Panen sekitar 70-90 hari, suhu ideal 19-27 C, pH 5.5-7.0, cocok hingga 2700 mdpl.",70,90,12.0,19.0,27.0,38.0,58.3,100.0,150.0,233.3,4.5,5.5,7.0,7.5,0,2700.0,lempung|liat berlempung|lempung berpasir|berpasir,baik,6,lahan|vertikultur,1.5,60,10,7000,226,1,konsumsi,embun tepung|kutu daun,ecocrop,1
LABU_AIR-BIB-25G,labu_air:BibitKu,labu_air,Labu Air (Labu Botol),Lagenaria siceraria,sayuran buah,BibitKu,,Benih Labu Air (Labu Botol) - BibitKu (25 g),"Benih Labu Air (Labu Botol). Panen sekitar 70-90 hari, suhu ideal 19-27 C, pH 5.5-7.0, cocok hingga 2700 mdpl.",70,90,12.0,19.0,27.0,38.0,58.3,100.0,150.0,233.3,4.5,5.5,7.0,7.5,0,2700.0,lempung|liat berlempung|lempung berpasir|berpasir,baik,6,lahan|vertikultur,1.5,150,25,17000,142,1,konsumsi,embun tepung|kutu daun,ecocrop,1
KUNDUR-KEB-10G,kundur:Kebun Lestari,kundur,Kundur (Beligo),Benincasa hispida,sayuran buah,Kebun Lestari,,Benih Kundur (Beligo) - Kebun Lestari (10 g),"Benih Kundur (Beligo). Panen sekitar 100-120 hari, suhu ideal 24-30 C, pH 5.6-6.8, cocok hingga 1500 mdpl.",100,120,12.0,24.0,30.0,37.0,25.0,33.3,66.7,233.3,5.0,5.6,6.8,7.5,0,1500.0,berpasir|lempung berpasir,baik,7,lahan|vertikultur,0.5,120,10,15000,39,2,konsumsi|jual,lalat buah|layu fusarium,ecocrop,1
KUNDUR-KEB-25G,kundur:Kebun Lestari,kundur,Kundur (Beligo),Benincasa hispida,sayuran buah,Kebun Lestari,,Benih Kundur (Beligo) - Kebun Lestari (25 g),"Benih Kundur (Beligo). Panen sekitar 100-120 hari, suhu ideal 24-30 C, pH 5.6-6.8, cocok hingga 1500 mdpl.",100,120,12.0,24.0,30.0,37.0,25.0,33.3,66.7,233.3,5.0,5.6,6.8,7.5,0,1500.0,berpasir|lempung berpasir,baik,7,lahan|vertikultur,0.5,300,25,34000,47,2,konsumsi|jual,lalat buah|layu fusarium,ecocrop,1
KUNDUR-BEN-10G,kundur:Benih Nusantara,kundur,Kundur (Beligo),Benincasa hispida,sayuran buah,Benih Nusantara,,Benih Kundur (Beligo) - Benih Nusantara (10 g),"Benih Kundur (Beligo). Panen sekitar 100-120 hari, suhu ideal 24-30 C, pH 5.6-6.8, cocok hingga 1500 mdpl.",100,120,12.0,24.0,30.0,37.0,25.0,33.3,66.7,233.3,5.0,5.6,6.8,7.5,0,1500.0,berpasir|lempung berpasir,baik,7,lahan|vertikultur,0.5,120,10,17000,0,2,konsumsi|jual,lalat buah|layu fusarium,ecocrop,1
KUNDUR-BEN-25G,kundur:Benih Nusantara,kundur,Kundur (Beligo),Benincasa hispida,sayuran buah,Benih Nusantara,,Benih Kundur (Beligo) - Benih Nusantara (25 g),"Benih Kundur (Beligo). Panen sekitar 100-120 hari, suhu ideal 24-30 C, pH 5.6-6.8, cocok hingga 1500 mdpl.",100,120,12.0,24.0,30.0,37.0,25.0,33.3,66.7,233.3,5.0,5.6,6.8,7.5,0,1500.0,berpasir|lempung berpasir,baik,7,lahan|vertikultur,0.5,300,25,37500,321,2,konsumsi|jual,lalat buah|layu fusarium,ecocrop,1
KUNDUR-BIB-10G,kundur:BibitKu,kundur,Kundur (Beligo),Benincasa hispida,sayuran buah,BibitKu,,Benih Kundur (Beligo) - BibitKu (10 g),"Benih Kundur (Beligo). Panen sekitar 100-120 hari, suhu ideal 24-30 C, pH 5.6-6.8, cocok hingga 1500 mdpl.",100,120,12.0,24.0,30.0,37.0,25.0,33.3,66.7,233.3,5.0,5.6,6.8,7.5,0,1500.0,berpasir|lempung berpasir,baik,7,lahan|vertikultur,0.5,120,10,12500,72,2,konsumsi|jual,lalat buah|layu fusarium,ecocrop,1
KUNDUR-BIB-25G,kundur:BibitKu,kundur,Kundur (Beligo),Benincasa hispida,sayuran buah,BibitKu,,Benih Kundur (Beligo) - BibitKu (25 g),"Benih Kundur (Beligo). Panen sekitar 100-120 hari, suhu ideal 24-30 C, pH 5.6-6.8, cocok hingga 1500 mdpl.",100,120,12.0,24.0,30.0,37.0,25.0,33.3,66.7,233.3,5.0,5.6,6.8,7.5,0,1500.0,berpasir|lempung berpasir,baik,7,lahan|vertikultur,0.5,300,25,27000,293,2,konsumsi|jual,lalat buah|layu fusarium,ecocrop,1
CEPLUKAN-KEB-1G,ceplukan:Kebun Lestari,ceplukan,Ceplukan (Physalis),Physalis peruviana,buah,Kebun Lestari,,Benih Ceplukan (Physalis) - Kebun Lestari (1 g),"Benih Ceplukan (Physalis). Panen sekitar 90-120 hari, suhu ideal 16-25 C, pH 6.0-7.0, cocok hingga 2600 mdpl.",90,120,10.0,16.0,25.0,32.0,66.7,125.0,191.7,358.3,4.3,6.0,7.0,8.2,300,2600.0,lempung|liat berlempung|lempung berpasir|berpasir,baik,7,lahan|polybag|pot,2,1000,1,7500,66,2,konsumsi|jual,kutu daun|busuk akar,ecocrop,1
CEPLUKAN-KEB-2G,ceplukan:Kebun Lestari,ceplukan,Ceplukan (Physalis),Physalis peruviana,buah,Kebun Lestari,,Benih Ceplukan (Physalis) - Kebun Lestari (2 g),"Benih Ceplukan (Physalis). Panen sekitar 90-120 hari, suhu ideal 16-25 C, pH 6.0-7.0, cocok hingga 2600 mdpl.",90,120,10.0,16.0,25.0,32.0,66.7,125.0,191.7,358.3,4.3,6.0,7.0,8.2,300,2600.0,lempung|liat berlempung|lempung berpasir|berpasir,baik,7,lahan|polybag|pot,2,2000,2,14500,102,2,konsumsi|jual,kutu daun|busuk akar,ecocrop,1
CEPLUKAN-AGR-1G,ceplukan:Agro Subur,ceplukan,Ceplukan (Physalis),Physalis peruviana,buah,Agro Subur,,Benih Ceplukan (Physalis) - Agro Subur (1 g),"Benih Ceplukan (Physalis). Panen sekitar 90-120 hari, suhu ideal 16-25 C, pH 6.0-7.0, cocok hingga 2600 mdpl.",90,120,10.0,16.0,25.0,32.0,66.7,125.0,191.7,358.3,4.3,6.0,7.0,8.2,300,2600.0,lempung|liat berlempung|lempung berpasir|berpasir,baik,7,lahan|polybag|pot,2,1000,1,6500,166,2,konsumsi|jual,kutu daun|busuk akar,ecocrop,1
CEPLUKAN-AGR-2G,ceplukan:Agro Subur,ceplukan,Ceplukan (Physalis),Physalis peruviana,buah,Agro Subur,,Benih Ceplukan (Physalis) - Agro Subur (2 g),"Benih Ceplukan (Physalis). Panen sekitar 90-120 hari, suhu ideal 16-25 C, pH 6.0-7.0, cocok hingga 2600 mdpl.",90,120,10.0,16.0,25.0,32.0,66.7,125.0,191.7,358.3,4.3,6.0,7.0,8.2,300,2600.0,lempung|liat berlempung|lempung berpasir|berpasir,baik,7,lahan|polybag|pot,2,2000,2,12500,238,2,konsumsi|jual,kutu daun|busuk akar,ecocrop,1
CEPLUKAN-BEN-1G,ceplukan:Benih Nusantara,ceplukan,Ceplukan (Physalis),Physalis peruviana,buah,Benih Nusantara,,Benih Ceplukan (Physalis) - Benih Nusantara (1 g),"Benih Ceplukan (Physalis). Panen sekitar 90-120 hari, suhu ideal 16-25 C, pH 6.0-7.0, cocok hingga 2600 mdpl.",90,120,10.0,16.0,25.0,32.0,66.7,125.0,191.7,358.3,4.3,6.0,7.0,8.2,300,2600.0,lempung|liat berlempung|lempung berpasir|berpasir,baik,7,lahan|polybag|pot,2,1000,1,9500,187,2,konsumsi|jual,kutu daun|busuk akar,ecocrop,1
CEPLUKAN-BEN-2G,ceplukan:Benih Nusantara,ceplukan,Ceplukan (Physalis),Physalis peruviana,buah,Benih Nusantara,,Benih Ceplukan (Physalis) - Benih Nusantara (2 g),"Benih Ceplukan (Physalis). Panen sekitar 90-120 hari, suhu ideal 16-25 C, pH 6.0-7.0, cocok hingga 2600 mdpl.",90,120,10.0,16.0,25.0,32.0,66.7,125.0,191.7,358.3,4.3,6.0,7.0,8.2,300,2600.0,lempung|liat berlempung|lempung berpasir|berpasir,baik,7,lahan|polybag|pot,2,2000,2,17500,28,2,konsumsi|jual,kutu daun|busuk akar,ecocrop,1
PEPAYA-TAN-2G,pepaya:TaniMas,pepaya,Pepaya California,Carica papaya,buah,TaniMas,,Benih Pepaya California - TaniMas (2 g),"Benih Pepaya California. Panen sekitar 210-270 hari, suhu ideal 21-30 C, pH 5.5-7.0, cocok hingga 2100 mdpl.",210,270,12.0,21.0,30.0,44.0,83.3,125.0,208.3,250.0,4.5,5.5,7.0,8.0,0,2100.0,lempung|liat berlempung|lempung berpasir,baik,8,lahan|polybag,0.2,100,2,29500,347,2,konsumsi|jual,virus kuning|busuk akar,ecocrop,1
PEPAYA-TAN-5G,pepaya:TaniMas,pepaya,Pepaya California,Carica papaya,buah,TaniMas,,Benih Pepaya California - TaniMas (5 g),"Benih Pepaya California. Panen sekitar 210-270 hari, suhu ideal 21-30 C, pH 5.5-7.0, cocok hingga 2100 mdpl.",210,270,12.0,21.0,30.0,44.0,83.3,125.0,208.3,250.0,4.5,5.5,7.0,8.0,0,2100.0,lempung|liat berlempung|lempung berpasir,baik,8,lahan|polybag,0.2,250,5,71500,263,2,konsumsi|jual,virus kuning|busuk akar,ecocrop,1
PEPAYA-BIB-2G,pepaya:BibitKu,pepaya,Pepaya California,Carica papaya,buah,BibitKu,,Benih Pepaya California - BibitKu (2 g),"Benih Pepaya California. Panen sekitar 210-270 hari, suhu ideal 21-30 C, pH 5.5-7.0, cocok hingga 2100 mdpl.",210,270,12.0,21.0,30.0,44.0,83.3,125.0,208.3,250.0,4.5,5.5,7.0,8.0,0,2100.0,lempung|liat berlempung|lempung berpasir,baik,8,lahan|polybag,0.2,100,2,26000,120,2,konsumsi|jual,virus kuning|busuk akar,ecocrop,1
PEPAYA-BIB-5G,pepaya:BibitKu,pepaya,Pepaya California,Carica papaya,buah,BibitKu,,Benih Pepaya California - BibitKu (5 g),"Benih Pepaya California. Panen sekitar 210-270 hari, suhu ideal 21-30 C, pH 5.5-7.0, cocok hingga 2100 mdpl.",210,270,12.0,21.0,30.0,44.0,83.3,125.0,208.3,250.0,4.5,5.5,7.0,8.0,0,2100.0,lempung|liat berlempung|lempung berpasir,baik,8,lahan|polybag,0.2,250,5,58000,371,2,konsumsi|jual,virus kuning|busuk akar,ecocrop,1
PEPAYA-BEN-1G,pepaya:Benih Nusantara,pepaya,Pepaya California,Carica papaya,buah,Benih Nusantara,,Benih Pepaya California - Benih Nusantara (1 g),"Benih Pepaya California. Panen sekitar 210-270 hari, suhu ideal 21-30 C, pH 5.5-7.0, cocok hingga 2100 mdpl.",210,270,12.0,21.0,30.0,44.0,83.3,125.0,208.3,250.0,4.5,5.5,7.0,8.0,0,2100.0,lempung|liat berlempung|lempung berpasir,baik,8,lahan|polybag,0.2,50,1,17500,37,2,konsumsi|jual,virus kuning|busuk akar,ecocrop,1
PEPAYA-BEN-5G,pepaya:Benih Nusantara,pepaya,Pepaya California,Carica papaya,buah,Benih Nusantara,,Benih Pepaya California - Benih Nusantara (5 g),"Benih Pepaya California. Panen sekitar 210-270 hari, suhu ideal 21-30 C, pH 5.5-7.0, cocok hingga 2100 mdpl.",210,270,12.0,21.0,30.0,44.0,83.3,125.0,208.3,250.0,4.5,5.5,7.0,8.0,0,2100.0,lempung|liat berlempung|lempung berpasir,baik,8,lahan|polybag,0.2,250,5,82000,0,2,konsumsi|jual,virus kuning|busuk akar,ecocrop,1
KANGKUNG-BIB-50G,kangkung:BibitKu,kangkung,Kangkung,Ipomoea aquatica,sayuran daun,BibitKu,,Benih Kangkung - BibitKu (50 g),"Benih Kangkung. Panen sekitar 25-35 hari, suhu ideal 15-35 C, pH 5.0-7.0, cocok hingga 1500 mdpl.",25,35,10.0,15.0,35.0,40.0,58.3,166.7,208.3,350.0,4.3,5.0,7.0,7.5,0,1500.0,liat|liat berlempung,toleran,5,lahan|polybag|pot|hidroponik,150,1500,50,6000,269,1,konsumsi|jual,ulat daun|karat putih,ecocrop,1
KANGKUNG-BIB-250G,kangkung:BibitKu,kangkung,Kangkung,Ipomoea aquatica,sayuran daun,BibitKu,,Benih Kangkung - BibitKu (250 g),"Benih Kangkung. Panen sekitar 25-35 hari, suhu ideal 15-35 C, pH 5.0-7.0, cocok hingga 1500 mdpl.",25,35,10.0,15.0,35.0,40.0,58.3,166.7,208.3,350.0,4.3,5.0,7.0,7.5,0,1500.0,liat|liat berlempung,toleran,5,lahan|polybag|pot|hidroponik,150,7500,250,28000,134,1,konsumsi|jual,ulat daun|karat putih,ecocrop,1
KANGKUNG-AGR-100G,kangkung:Agro Subur,kangkung,Kangkung,Ipomoea aquatica,sayuran daun,Agro Subur,,Benih Kangkung - Agro Subur (100 g),"Benih Kangkung. Panen sekitar 25-35 hari, suhu ideal 15-35 C, pH 5.0-7.0, cocok hingga 1500 mdpl.",25,35,10.0,15.0,35.0,40.0,58.3,166.7,208.3,350.0,4.3,5.0,7.0,7.5,0,1500.0,liat|liat berlempung,toleran,5,lahan|polybag|pot|hidroponik,150,3000,100,12000,147,1,konsumsi|jual,ulat daun|karat putih,ecocrop,1
KANGKUNG-AGR-250G,kangkung:Agro Subur,kangkung,Kangkung,Ipomoea aquatica,sayuran daun,Agro Subur,,Benih Kangkung - Agro Subur (250 g),"Benih Kangkung. Panen sekitar 25-35 hari, suhu ideal 15-35 C, pH 5.0-7.0, cocok hingga 1500 mdpl.",25,35,10.0,15.0,35.0,40.0,58.3,166.7,208.3,350.0,4.3,5.0,7.0,7.5,0,1500.0,liat|liat berlempung,toleran,5,lahan|polybag|pot|hidroponik,150,7500,250,29000,178,1,konsumsi|jual,ulat daun|karat putih,ecocrop,1
KANGKUNG-KEB-100G,kangkung:Kebun Lestari,kangkung,Kangkung,Ipomoea aquatica,sayuran daun,Kebun Lestari,,Benih Kangkung - Kebun Lestari (100 g),"Benih Kangkung. Panen sekitar 25-35 hari, suhu ideal 15-35 C, pH 5.0-7.0, cocok hingga 1500 mdpl.",25,35,10.0,15.0,35.0,40.0,58.3,166.7,208.3,350.0,4.3,5.0,7.0,7.5,0,1500.0,liat|liat berlempung,toleran,5,lahan|polybag|pot|hidroponik,150,3000,100,14000,168,1,konsumsi|jual,ulat daun|karat putih,ecocrop,1
KANGKUNG-KEB-250G,kangkung:Kebun Lestari,kangkung,Kangkung,Ipomoea aquatica,sayuran daun,Kebun Lestari,,Benih Kangkung - Kebun Lestari (250 g),"Benih Kangkung. Panen sekitar 25-35 hari, suhu ideal 15-35 C, pH 5.0-7.0, cocok hingga 1500 mdpl.",25,35,10.0,15.0,35.0,40.0,58.3,166.7,208.3,350.0,4.3,5.0,7.0,7.5,0,1500.0,liat|liat berlempung,toleran,5,lahan|polybag|pot|hidroponik,150,7500,250,31500,181,1,konsumsi|jual,ulat daun|karat putih,ecocrop,1
BAYAM-KEB-25G,bayam:Kebun Lestari,bayam,Bayam,Amaranthus tricolor,sayuran daun,Kebun Lestari,,Benih Bayam - Kebun Lestari (25 g),"Benih Bayam. Panen sekitar 25-35 hari, suhu ideal 22-30 C, pH 5.5-7.5, cocok hingga 800 mdpl.",25,35,8.0,22.0,30.0,45.0,25.0,100.0,125.0,225.0,4.3,5.5,7.5,8.0,0,800.0,liat|liat berlempung|lempung|lempung berpasir|berpasir,baik,5,lahan|polybag|pot|hidroponik,200,2500,25,3000,56,1,konsumsi|jual,karat putih|ulat daun,ecocrop,1
BAYAM-KEB-50G,bayam:Kebun Lestari,bayam,Bayam,Amaranthus tricolor,sayuran daun,Kebun Lestari,,Benih Bayam - Kebun Lestari (50 g),"Benih Bayam. Panen sekitar 25-35 hari, suhu ideal 22-30 C, pH 5.5-7.5, cocok hingga 800 mdpl.",25,35,8.0,22.0,30.0,45.0,25.0,100.0,125.0,225.0,4.3,5.5,7.5,8.0,0,800.0,liat|liat berlempung|lempung|lempung berpasir|berpasir,baik,5,lahan|polybag|pot|hidroponik,200,5000,50,5000,214,1,konsumsi|jual,karat putih|ulat daun,ecocrop,1
BAYAM-TAN-25G,bayam:TaniMas,bayam,Bayam,Amaranthus tricolor,sayuran daun,TaniMas,,Benih Bayam - TaniMas (25 g),"Benih Bayam. Panen sekitar 25-35 hari, suhu ideal 22-30 C, pH 5.5-7.5, cocok hingga 800 mdpl.",25,35,8.0,22.0,30.0,45.0,25.0,100.0,125.0,225.0,4.3,5.5,7.5,8.0,0,800.0,liat|liat berlempung|lempung|lempung berpasir|berpasir,baik,5,lahan|polybag|pot|hidroponik,200,2500,25,3000,332,1,konsumsi|jual,karat putih|ulat daun,ecocrop,1
BAYAM-TAN-100G,bayam:TaniMas,bayam,Bayam,Amaranthus tricolor,sayuran daun,TaniMas,,Benih Bayam - TaniMas (100 g),"Benih Bayam. Panen sekitar 25-35 hari, suhu ideal 22-30 C, pH 5.5-7.5, cocok hingga 800 mdpl.",25,35,8.0,22.0,30.0,45.0,25.0,100.0,125.0,225.0,4.3,5.5,7.5,8.0,0,800.0,liat|liat berlempung|lempung|lempung berpasir|berpasir,baik,5,lahan|polybag|pot|hidroponik,200,10000,100,10500,280,1,konsumsi|jual,karat putih|ulat daun,ecocrop,1
BAYAM-BIB-25G,bayam:BibitKu,bayam,Bayam,Amaranthus tricolor,sayuran daun,BibitKu,,Benih Bayam - BibitKu (25 g),"Benih Bayam. Panen sekitar 25-35 hari, suhu ideal 22-30 C, pH 5.5-7.5, cocok hingga 800 mdpl.",25,35,8.0,22.0,30.0,45.0,25.0,100.0,125.0,225.0,4.3,5.5,7.5,8.0,0,800.0,liat|liat berlempung|lempung|lempung berpasir|berpasir,baik,5,lahan|polybag|pot|hidroponik,200,2500,25,2500,263,1,konsumsi|jual,karat putih|ulat daun,ecocrop,1
BAYAM-BIB-50G,bayam:BibitKu,bayam,Bayam,Amaranthus tricolor,sayuran daun,BibitKu,,Benih Bayam - BibitKu (50 g),"Benih Bayam. Panen sekitar 25-35 hari, suhu ideal 22-30 C, pH 5.5-7.5, cocok hingga 800 mdpl.",25,35,8.0,22.0,30.0,45.0,25.0,100.0,125.0,225.0,4.3,5.5,7.5,8.0,0,800.0,liat|liat berlempung|lempung|lempung berpasir|berpasir,baik,5,lahan|polybag|pot|hidroponik,200,5000,50,4000,339,1,konsumsi|jual,karat putih|ulat daun,ecocrop,1
BAYAM_MALABAR-BEN-10G,bayam_malabar:Benih Nusantara,bayam_malabar,Bayam Malabar (Gondola),Basella alba,sayuran daun,Benih Nusantara,,Benih Bayam Malabar (Gondola) - Benih Nusantara (10 g),"Benih Bayam Malabar (Gondola). Panen sekitar 60-80 hari, suhu ideal 23-27 C, pH 5.5-7.0, cocok hingga 1500 mdpl.",60,80,10.0,23.0,27.0,35.0,58.3,166.7,208.3,350.0,4.3,5.5,7.0,7.5,0,1500.0,lempung|liat berlempung|lempung berpasir,baik,5,lahan|polybag|pot|vertikultur,10,350,10,18000,81,1,konsumsi,bercak daun|kutu daun,ecocrop,1
BAYAM_MALABAR-BEN-25G,bayam_malabar:Benih Nusantara,bayam_malabar,Bayam Malabar (Gondola),Basella alba,sayuran daun,Benih Nusantara,,Benih Bayam Malabar (Gondola) - Benih Nusantara (25 g),"Benih Bayam Malabar (Gondola). Panen sekitar 60-80 hari, suhu ideal 23-27 C, pH 5.5-7.0, cocok hingga 1500 mdpl.",60,80,10.0,23.0,27.0,35.0,58.3,166.7,208.3,350.0,4.3,5.5,7.0,7.5,0,1500.0,lempung|liat berlempung|lempung berpasir,baik,5,lahan|polybag|pot|vertikultur,10,875,25,41500,301,1,konsumsi,bercak daun|kutu daun,ecocrop,1
BAYAM_MALABAR-TAN-10G,bayam_malabar:TaniMas,bayam_malabar,Bayam Malabar (Gondola),Basella alba,sayuran daun,TaniMas,,Benih Bayam Malabar (Gondola) - TaniMas (10 g),"Benih Bayam Malabar (Gondola). Panen sekitar 60-80 hari, suhu ideal 23-27 C, pH 5.5-7.0, cocok hingga 1500 mdpl.",60,80,10.0,23.0,27.0,35.0,58.3,166.7,208.3,350.0,4.3,5.5,7.0,7.5,0,1500.0,lempung|liat berlempung|lempung berpasir,baik,5,lahan|polybag|pot|vertikultur,10,350,10,16000,361,1,konsumsi,bercak daun|kutu daun,ecocrop,1
BAYAM_MALABAR-TAN-25G,bayam_malabar:TaniMas,bayam_malabar,Bayam Malabar (Gondola),Basella alba,sayuran daun,TaniMas,,Benih Bayam Malabar (Gondola) - TaniMas (25 g),"Benih Bayam Malabar (Gondola). Panen sekitar 60-80 hari, suhu ideal 23-27 C, pH 5.5-7.0, cocok hingga 1500 mdpl.",60,80,10.0,23.0,27.0,35.0,58.3,166.7,208.3,350.0,4.3,5.5,7.0,7.5,0,1500.0,lempung|liat berlempung|lempung berpasir,baik,5,lahan|polybag|pot|vertikultur,10,875,25,34500,359,1,konsumsi,bercak daun|kutu daun,ecocrop,1
BAYAM_MALABAR-KEB-10G,bayam_malabar:Kebun Lestari,bayam_malabar,Bayam Malabar (Gondola),Basella alba,sayuran daun,Kebun Lestari,,Benih Bayam Malabar (Gondola) - Kebun Lestari (10 g),"Benih Bayam Malabar (Gondola). Panen sekitar 60-80 hari, suhu ideal 23-27 C, pH 5.5-7.0, cocok hingga 1500 mdpl.",60,80,10.0,23.0,27.0,35.0,58.3,166.7,208.3,350.0,4.3,5.5,7.0,7.5,0,1500.0,lempung|liat berlempung|lempung berpasir,baik,5,lahan|polybag|pot|vertikultur,10,350,10,15500,53,1,konsumsi,bercak daun|kutu daun,ecocrop,1
BAYAM_MALABAR-KEB-25G,bayam_malabar:Kebun Lestari,bayam_malabar,Bayam Malabar (Gondola),Basella alba,sayuran daun,Kebun Lestari,,Benih Bayam Malabar (Gondola) - Kebun Lestari (25 g),"Benih Bayam Malabar (Gondola). Panen sekitar 60-80 hari, suhu ideal 23-27 C, pH 5.5-7.0, cocok hingga 1500 mdpl.",60,80,10.0,23.0,27.0,35.0,58.3,166.7,208.3,350.0,4.3,5.5,7.0,7.5,0,1500.0,lempung|liat berlempung|lempung berpasir,baik,5,lahan|polybag|pot|vertikultur,10,875,25,30500,194,1,konsumsi,bercak daun|kutu daun,ecocrop,1
GINSENG_JAWA-TAN-5G,ginseng_jawa:TaniMas,ginseng_jawa,Ginseng Jawa (Som Jawa),Talinum triangulare,sayuran daun,TaniMas,,Benih Ginseng Jawa (Som Jawa) - TaniMas (5 g),"Benih Ginseng Jawa (Som Jawa). Panen sekitar 40-60 hari, suhu ideal 22-30 C, pH 5.0-6.5, cocok hingga 1000 mdpl.",40,60,15.0,22.0,30.0,36.0,41.7,83.3,166.7,250.0,4.5,5.0,6.5,7.0,0,1000.0,liat|liat berlempung|lempung|lempung berpasir|berpasir,baik,5,lahan|polybag|pot,100,7500,5,7500,330,1,konsumsi|jual,ulat daun,ecocrop,1
GINSENG_JAWA-TAN-10G,ginseng_jawa:TaniMas,ginseng_jawa,Ginseng Jawa (Som Jawa),Talinum triangulare,sayuran daun,TaniMas,,Benih Ginseng Jawa (Som Jawa) - TaniMas (10 g),"Benih Ginseng Jawa (Som Jawa). Panen sekitar 40-60 hari, suhu ideal 22-30 C, pH 5.0-6.5, cocok hingga 1000 mdpl.",40,60,15.0,22.0,30.0,36.0,41.7,83.3,166.7,250.0,4.5,5.0,6.5,7.0,0,1000.0,liat|liat berlempung|lempung|lempung berpasir|berpasir,baik,5,lahan|polybag|pot,100,15000,10,14000,145,1,konsumsi|jual,ulat daun,ecocrop,1
GINSENG_JAWA-KEB-5G,ginseng_jawa:Kebun Lestari,ginseng_jawa,Ginseng Jawa (Som Jawa),Talinum triangulare,sayuran daun,Kebun Lestari,,Benih Ginseng Jawa (Som Jawa) - Kebun Lestari (5 g),"Benih Ginseng Jawa (Som Jawa). Panen sekitar 40-60 hari, suhu ideal 22-30 C, pH 5.0-6.5, cocok hingga 1000 mdpl.",40,60,15.0,22.0,30.0,36.0,41.7,83.3,166.7,250.0,4.5,5.0,6.5,7.0,0,1000.0,liat|liat berlempung|lempung|lempung berpasir|berpasir,baik,5,lahan|polybag|pot,100,7500,5,7000,393,1,konsumsi|jual,ulat daun,ecocrop,1
GINSENG_JAWA-KEB-10G,ginseng_jawa:Kebun Lestari,ginseng_jawa,Ginseng Jawa (Som Jawa),Talinum triangulare,sayuran daun,Kebun Lestari,,Benih Ginseng Jawa (Som Jawa) - Kebun Lestari (10 g),"Benih Ginseng Jawa (Som Jawa). Panen sekitar 40-60 hari, suhu ideal 22-30 C, pH 5.0-6.5, cocok hingga 1000 mdpl.",40,60,15.0,22.0,30.0,36.0,41.7,83.3,166.7,250.0,4.5,5.0,6.5,7.0,0,1000.0,liat|liat berlempung|lempung|lempung berpasir|berpasir,baik,5,lahan|polybag|pot,100,15000,10,13500,57,1,konsumsi|jual,ulat daun,ecocrop,1
GINSENG_JAWA-GRE-5G,ginseng_jawa:Greenfield Seeds,ginseng_jawa,Ginseng Jawa (Som Jawa),Talinum triangulare,sayuran daun,Greenfield Seeds,,Benih Ginseng Jawa (Som Jawa) - Greenfield Seeds (5 g),"Benih Ginseng Jawa (Som Jawa). Panen sekitar 40-60 hari, suhu ideal 22-30 C, pH 5.0-6.5, cocok hingga 1000 mdpl.",40,60,15.0,22.0,30.0,36.0,41.7,83.3,166.7,250.0,4.5,5.0,6.5,7.0,0,1000.0,liat|liat berlempung|lempung|lempung berpasir|berpasir,baik,5,lahan|polybag|pot,100,7500,5,10000,387,1,konsumsi|jual,ulat daun,ecocrop,1
GINSENG_JAWA-GRE-10G,ginseng_jawa:Greenfield Seeds,ginseng_jawa,Ginseng Jawa (Som Jawa),Talinum triangulare,sayuran daun,Greenfield Seeds,,Benih Ginseng Jawa (Som Jawa) - Greenfield Seeds (10 g),"Benih Ginseng Jawa (Som Jawa). Panen sekitar 40-60 hari, suhu ideal 22-30 C, pH 5.0-6.5, cocok hingga 1000 mdpl.",40,60,15.0,22.0,30.0,36.0,41.7,83.3,166.7,250.0,4.5,5.0,6.5,7.0,0,1000.0,liat|liat berlempung|lempung|lempung berpasir|berpasir,baik,5,lahan|polybag|pot,100,15000,10,18000,145,1,konsumsi|jual,ulat daun,ecocrop,1
SAWI_HIJAU-BEN-25G,sawi_hijau:Benih Nusantara,sawi_hijau,Sawi Hijau (Caisim),Brassica rapa Gaisin gr.,sayuran daun,Benih Nusantara,,Benih Sawi Hijau (Caisim) - Benih Nusantara (25 g),"Benih Sawi Hijau (Caisim). Panen sekitar 30-40 hari, suhu ideal 20-25 C, pH 5.5-6.5, cocok hingga 1500 mdpl.",30,40,10.0,20.0,25.0,30.0,29.2,75.0,116.7,166.7,5.0,5.5,6.5,7.0,0,1500.0,lempung|liat berlempung|lempung berpasir|berpasir,baik,5,lahan|polybag|pot|hidroponik,40,6250,25,11500,255,1,konsumsi|jual,ulat tritip|busuk lunak,ecocrop,1
SAWI_HIJAU-BEN-50G,sawi_hijau:Benih Nusantara,sawi_hijau,Sawi Hijau (Caisim),Brassica rapa Gaisin gr.,sayuran daun,Benih Nusantara,,Benih Sawi Hijau (Caisim) - Benih Nusantara (50 g),"Benih Sawi Hijau (Caisim). Panen sekitar 30-40 hari, suhu ideal 20-25 C, pH 5.5-6.5, cocok hingga 1500 mdpl.",30,40,10.0,20.0,25.0,30.0,29.2,75.0,116.7,166.7,5.0,5.5,6.5,7.0,0,1500.0,lempung|liat berlempung|lempung berpasir|berpasir,baik,5,lahan|polybag|pot|hidroponik,40,12500,50,22000,33,1,konsumsi|jual,ulat tritip|busuk lunak,ecocrop,1
SAWI_HIJAU-BIB-10G,sawi_hijau:BibitKu,sawi_hijau,Sawi Hijau (Caisim),Brassica rapa Gaisin gr.,sayuran daun,BibitKu,,Benih Sawi Hijau (Caisim) - BibitKu (10 g),"Benih Sawi Hijau (Caisim). Panen sekitar 30-40 hari, suhu ideal 20-25 C, pH 5.5-6.5, cocok hingga 1500 mdpl.",30,40,10.0,20.0,25.0,30.0,29.2,75.0,116.7,166.7,5.0,5.5,6.5,7.0,0,1500.0,lempung|liat berlempung|lempung berpasir|berpasir,baik,5,lahan|polybag|pot|hidroponik,40,2500,10,3000,140,1,konsumsi|jual,ulat tritip|busuk lunak,ecocrop,1
SAWI_HIJAU-BIB-50G,sawi_hijau:BibitKu,sawi_hijau,Sawi Hijau (Caisim),Brassica rapa Gaisin gr.,sayuran daun,BibitKu,,Benih Sawi Hijau (Caisim) - BibitKu (50 g),"Benih Sawi Hijau (Caisim). Panen sekitar 30-40 hari, suhu ideal 20-25 C, pH 5.5-6.5, cocok hingga 1500 mdpl.",30,40,10.0,20.0,25.0,30.0,29.2,75.0,116.7,166.7,5.0,5.5,6.5,7.0,0,1500.0,lempung|liat berlempung|lempung berpasir|berpasir,baik,5,lahan|polybag|pot|hidroponik,40,12500,50,15000,328,1,konsumsi|jual,ulat tritip|busuk lunak,ecocrop,1
SAWI_HIJAU-GRE-10G,sawi_hijau:Greenfield Seeds,sawi_hijau,Sawi Hijau (Caisim),Brassica rapa Gaisin gr.,sayuran daun,Greenfield Seeds,,Benih Sawi Hijau (Caisim) - Greenfield Seeds (10 g),"Benih Sawi Hijau (Caisim). Panen sekitar 30-40 hari, suhu ideal 20-25 C, pH 5.5-6.5, cocok hingga 1500 mdpl.",30,40,10.0,20.0,25.0,30.0,29.2,75.0,116.7,166.7,5.0,5.5,6.5,7.0,0,1500.0,lempung|liat berlempung|lempung berpasir|berpasir,baik,5,lahan|polybag|pot|hidroponik,40,2500,10,5000,147,1,konsumsi|jual,ulat tritip|busuk lunak,ecocrop,1
SAWI_HIJAU-GRE-50G,sawi_hijau:Greenfield Seeds,sawi_hijau,Sawi Hijau (Caisim),Brassica rapa Gaisin gr.,sayuran daun,Greenfield Seeds,,Benih Sawi Hijau (Caisim) - Greenfield Seeds (50 g),"Benih Sawi Hijau (Caisim). Panen sekitar 30-40 hari, suhu ideal 20-25 C, pH 5.5-6.5, cocok hingga 1500 mdpl.",30,40,10.0,20.0,25.0,30.0,29.2,75.0,116.7,166.7,5.0,5.5,6.5,7.0,0,1500.0,lempung|liat berlempung|lempung berpasir|berpasir,baik,5,lahan|polybag|pot|hidroponik,40,12500,50,25000,121,1,konsumsi|jual,ulat tritip|busuk lunak,ecocrop,1
PAKCOY-BIB-25G,pakcoy:BibitKu,pakcoy,Pakcoy,Brassica rapa Pak Choi,sayuran daun,BibitKu,,Benih Pakcoy - BibitKu (25 g),"Benih Pakcoy. Panen sekitar 25-35 hari, suhu ideal 20-25 C, pH 5.5-7.0, cocok hingga 1500 mdpl.",25,35,10.0,20.0,25.0,32.0,25.0,75.0,116.7,166.7,5.0,5.5,7.0,7.5,0,1500.0,lempung|liat berlempung|lempung berpasir|berpasir,baik,5,lahan|polybag|pot|hidroponik,40,6250,25,12000,70,1,konsumsi|jual,ulat tritip|kutu daun,ecocrop,1
PAKCOY-BIB-50G,pakcoy:BibitKu,pakcoy,Pakcoy,Brassica rapa Pak Choi,sayuran daun,BibitKu,,Benih Pakcoy - BibitKu (50 g),"Benih Pakcoy. Panen sekitar 25-35 hari, suhu ideal 20-25 C, pH 5.5-7.0, cocok hingga 1500 mdpl.",25,35,10.0,20.0,25.0,32.0,25.0,75.0,116.7,166.7,5.0,5.5,7.0,7.5,0,1500.0,lempung|liat berlempung|lempung berpasir|berpasir,baik,5,lahan|polybag|pot|hidroponik,40,12500,50,23500,169,1,konsumsi|jual,ulat tritip|kutu daun,ecocrop,1
PAKCOY-KEB-10G,pakcoy:Kebun Lestari,pakcoy,Pakcoy,Brassica rapa Pak Choi,sayuran daun,Kebun Lestari,,Benih Pakcoy - Kebun Lestari (10 g),"Benih Pakcoy. Panen sekitar 25-35 hari, suhu ideal 20-25 C, pH 5.5-7.0, cocok hingga 1500 mdpl.",25,35,10.0,20.0,25.0,32.0,25.0,75.0,116.7,166.7,5.0,5.5,7.0,7.5,0,1500.0,lempung|liat berlempung|lempung berpasir|berpasir,baik,5,lahan|polybag|pot|hidroponik,40,2500,10,5500,269,1,konsumsi|jual,ulat tritip|kutu daun,ecocrop,1
PAKCOY-KEB-25G,pakcoy:Kebun Lestari,pakcoy,Pakcoy,Brassica rapa Pak Choi,sayuran daun,Kebun Lestari,,Benih Pakcoy - Kebun Lestari (25 g),"Benih Pakcoy. Panen sekitar 25-35 hari, suhu ideal 20-25 C, pH 5.5-7.0, cocok hingga 1500 mdpl.",25,35,10.0,20.0,25.0,32.0,25.0,75.0,116.7,166.7,5.0,5.5,7.0,7.5,0,1500.0,lempung|liat berlempung|lempung berpasir|berpasir,baik,5,lahan|polybag|pot|hidroponik,40,6250,25,14000,147,1,konsumsi|jual,ulat tritip|kutu daun,ecocrop,1
PAKCOY-AGR-10G,pakcoy:Agro Subur,pakcoy,Pakcoy,Brassica rapa Pak Choi,sayuran daun,Agro Subur,,Benih Pakcoy - Agro Subur (10 g),"Benih Pakcoy. Panen sekitar 25-35 hari, suhu ideal 20-25 C, pH 5.5-7.0, cocok hingga 1500 mdpl.",25,35,10.0,20.0,25.0,32.0,25.0,75.0,116.7,166.7,5.0,5.5,7.0,7.5,0,1500.0,lempung|liat berlempung|lempung berpasir|berpasir,baik,5,lahan|polybag|pot|hidroponik,40,2500,10,5500,48,1,konsumsi|jual,ulat tritip|kutu daun,ecocrop,1
PAKCOY-AGR-25G,pakcoy:Agro Subur,pakcoy,Pakcoy,Brassica rapa Pak Choi,sayuran daun,Agro Subur,,Benih Pakcoy - Agro Subur (25 g),"Benih Pakcoy. Panen sekitar 25-35 hari, suhu ideal 20-25 C, pH 5.5-7.0, cocok hingga 1500 mdpl.",25,35,10.0,20.0,25.0,32.0,25.0,75.0,116.7,166.7,5.0,5.5,7.0,7.5,0,1500.0,lempung|liat berlempung|lempung berpasir|berpasir,baik,5,lahan|polybag|pot|hidroponik,40,6250,25,12000,278,1,konsumsi|jual,ulat tritip|kutu daun,ecocrop,1
SAWI_KERITING-AGR-25G,sawi_keriting:Agro Subur,sawi_keriting,Sawi Keriting (Mustard),Brassica juncea,sayuran daun,Agro Subur,,Benih Sawi Keriting (Mustard) - Agro Subur (25 g),"Benih Sawi Keriting (Mustard). Panen sekitar 35-50 hari, suhu ideal 15-28 C, pH 5.5-6.5, cocok hingga 2000 mdpl.",35,50,7.0,15.0,28.0,40.0,41.7,58.3,200.0,350.0,5.0,5.5,6.5,8.0,0,2000.0,lempung|liat berlempung|lempung berpasir,baik,5,lahan|polybag|pot|hidroponik,40,7500,25,11500,128,1,konsumsi|jual,ulat tritip|kutu daun,ecocrop,1
SAWI_KERITING-AGR-50G,sawi_keriting:Agro Subur,sawi_keriting,Sawi Keriting (Mustard),Brassica juncea,sayuran daun,Agro Subur,,Benih Sawi Keriting (Mustard) - Agro Subur (50 g),"Benih Sawi Keriting (Mustard). Panen sekitar 35-50 hari, suhu ideal 15-28 C, pH 5.5-6.5, cocok hingga 2000 mdpl.",35,50,7.0,15.0,28.0,40.0,41.7,58.3,200.0,350.0,5.0,5.5,6.5,8.0,0,2000.0,lempung|liat berlempung|lempung berpasir,baik,5,lahan|polybag|pot|hidroponik,40,15000,50,19500,211,1,konsumsi|jual,ulat tritip|kutu daun,ecocrop,1
SAWI_KERITING-BIB-10G,sawi_keriting:BibitKu,sawi_keriting,Sawi Keriting (Mustard),Brassica juncea,sayuran daun,BibitKu,,Benih Sawi Keriting (Mustard) - BibitKu (10 g),"Benih Sawi Keriting (Mustard). Panen sekitar 35-50 hari, suhu ideal 15-28 C, pH 5.5-6.5, cocok hingga 2000 mdpl.",35,50,7.0,15.0,28.0,40.0,41.7,58.3,200.0,350.0,5.0,5.5,6.5,8.0,0,2000.0,lempung|liat berlempung|lempung berpasir,baik,5,lahan|polybag|pot|hidroponik,40,3000,10,4000,240,1,konsumsi|jual,ulat tritip|kutu daun,ecocrop,1
SAWI_KERITING-BIB-50G,sawi_keriting:BibitKu,sawi_keriting,Sawi Keriting (Mustard),Brassica juncea,sayuran daun,BibitKu,,Benih Sawi Keriting (Mustard) - BibitKu (50 g),"Benih Sawi Keriting (Mustard). Panen sekitar 35-50 hari, suhu ideal 15-28 C, pH 5.5-6.5, cocok hingga 2000 mdpl.",35,50,7.0,15.0,28.0,40.0,41.7,58.3,200.0,350.0,5.0,5.5,6.5,8.0,0,2000.0,lempung|liat berlempung|lempung berpasir,baik,5,lahan|polybag|pot|hidroponik,40,15000,50,18000,223,1,konsumsi|jual,ulat tritip|kutu daun,ecocrop,1
SAWI_KERITING-BEN-25G,sawi_keriting:Benih Nusantara,sawi_keriting,Sawi Keriting (Mustard),Brassica juncea,sayuran daun,Benih Nusantara,,Benih Sawi Keriting (Mustard) - Benih Nusantara (25 g),"Benih Sawi Keriting (Mustard). Panen sekitar 35-50 hari, suhu ideal 15-28 C, pH 5.5-6.5, cocok hingga 2000 mdpl.",35,50,7.0,15.0,28.0,40.0,41.7,58.3,200.0,350.0,5.0,5.5,6.5,8.0,0,2000.0,lempung|liat berlempung|lempung berpasir,baik,5,lahan|polybag|pot|hidroponik,40,7500,25,14000,10,1,konsumsi|jual,ulat tritip|kutu daun,ecocrop,1
SAWI_KERITING-BEN-50G,sawi_keriting:Benih Nusantara,sawi_keriting,Sawi Keriting (Mustard),Brassica juncea,sayuran daun,Benih Nusantara,,Benih Sawi Keriting (Mustard) - Benih Nusantara (50 g),"Benih Sawi Keriting (Mustard). Panen sekitar 35-50 hari, suhu ideal 15-28 C, pH 5.5-6.5, cocok hingga 2000 mdpl.",35,50,7.0,15.0,28.0,40.0,41.7,58.3,200.0,350.0,5.0,5.5,6.5,8.0,0,2000.0,lempung|liat berlempung|lempung berpasir,baik,5,lahan|polybag|pot|hidroponik,40,15000,50,25500,213,1,konsumsi|jual,ulat tritip|kutu daun,ecocrop,1
SAWI_SENDOK-TAN-10G,sawi_sendok:TaniMas,sawi_sendok,Sawi Sendok (Tatsoi),Brassica chinensis,sayuran daun,TaniMas,,Benih Sawi Sendok (Tatsoi) - TaniMas (10 g),"Benih Sawi Sendok (Tatsoi). Panen sekitar 30-45 hari, suhu ideal 12-22 C, pH 6.0-7.5, cocok hingga 1500 mdpl.",30,45,8.0,12.0,22.0,34.0,41.7,66.7,133.3,225.0,5.3,6.0,7.5,8.0,200,1500.0,lempung|liat berlempung|lempung berpasir,baik,5,lahan|polybag|pot|hidroponik,40,2800,10,7500,200,1,konsumsi|jual,ulat tritip,ecocrop,1
SAWI_SENDOK-TAN-25G,sawi_sendok:TaniMas,sawi_sendok,Sawi Sendok (Tatsoi),Brassica chinensis,sayuran daun,TaniMas,,Benih Sawi Sendok (Tatsoi) - TaniMas (25 g),"Benih Sawi Sendok (Tatsoi). Panen sekitar 30-45 hari, suhu ideal 12-22 C, pH 6.0-7.5, cocok hingga 1500 mdpl.",30,45,8.0,12.0,22.0,34.0,41.7,66.7,133.3,225.0,5.3,6.0,7.5,8.0,200,1500.0,lempung|liat berlempung|lempung berpasir,baik,5,lahan|polybag|pot|hidroponik,40,7000,25,15000,311,1,konsumsi|jual,ulat tritip,ecocrop,1
SAWI_SENDOK-BEN-10G,sawi_sendok:Benih Nusantara,sawi_sendok,Sawi Sendok (Tatsoi),Brassica chinensis,sayuran daun,Benih Nusantara,,Benih Sawi Sendok (Tatsoi) - Benih Nusantara (10 g),"Benih Sawi Sendok (Tatsoi). Panen sekitar 30-45 hari, suhu ideal 12-22 C, pH 6.0-7.5, cocok hingga 1500 mdpl.",30,45,8.0,12.0,22.0,34.0,41.7,66.7,133.3,225.0,5.3,6.0,7.5,8.0,200,1500.0,lempung|liat berlempung|lempung berpasir,baik,5,lahan|polybag|pot|hidroponik,40,2800,10,7500,396,1,konsumsi|jual,ulat tritip,ecocrop,1
SAWI_SENDOK-BEN-25G,sawi_sendok:Benih Nusantara,sawi_sendok,Sawi Sendok (Tatsoi),Brassica chinensis,sayuran daun,Benih Nusantara,,Benih Sawi Sendok (Tatsoi) - Benih Nusantara (25 g),"Benih Sawi Sendok (Tatsoi). Panen sekitar 30-45 hari, suhu ideal 12-22 C, pH 6.0-7.5, cocok hingga 1500 mdpl.",30,45,8.0,12.0,22.0,34.0,41.7,66.7,133.3,225.0,5.3,6.0,7.5,8.0,200,1500.0,lempung|liat berlempung|lempung berpasir,baik,5,lahan|polybag|pot|hidroponik,40,7000,25,18000,0,1,konsumsi|jual,ulat tritip,ecocrop,1
SAWI_SENDOK-BIB-10G,sawi_sendok:BibitKu,sawi_sendok,Sawi Sendok (Tatsoi),Brassica chinensis,sayuran daun,BibitKu,,Benih Sawi Sendok (Tatsoi) - BibitKu (10 g),"Benih Sawi Sendok (Tatsoi). Panen sekitar 30-45 hari, suhu ideal 12-22 C, pH 6.0-7.5, cocok hingga 1500 mdpl.",30,45,8.0,12.0,22.0,34.0,41.7,66.7,133.3,225.0,5.3,6.0,7.5,8.0,200,1500.0,lempung|liat berlempung|lempung berpasir,baik,5,lahan|polybag|pot|hidroponik,40,2800,10,5500,156,1,konsumsi|jual,ulat tritip,ecocrop,1
SAWI_SENDOK-BIB-25G,sawi_sendok:BibitKu,sawi_sendok,Sawi Sendok (Tatsoi),Brassica chinensis,sayuran daun,BibitKu,,Benih Sawi Sendok (Tatsoi) - BibitKu (25 g),"Benih Sawi Sendok (Tatsoi). Panen sekitar 30-45 hari, suhu ideal 12-22 C, pH 6.0-7.5, cocok hingga 1500 mdpl.",30,45,8.0,12.0,22.0,34.0,41.7,66.7,133.3,225.0,5.3,6.0,7.5,8.0,200,1500.0,lempung|liat berlempung|lempung berpasir,baik,5,lahan|polybag|pot|hidroponik,40,7000,25,13000,146,1,konsumsi|jual,ulat tritip,ecocrop,1
SELADA-KEB-2G,selada:Kebun Lestari,selada,Selada,Lactuca sativa var. capitata,sayuran daun,Kebun Lestari,,Benih Selada - Kebun Lestari (2 g),"Benih Selada. Panen sekitar 35-50 hari, suhu ideal 12-21 C, pH 6.0-7.0, cocok hingga 3000 mdpl.",35,50,5.0,12.0,21.0,30.0,75.0,91.7,116.7,341.7,4.2,6.0,7.0,7.5,300,3000.0,lempung|liat berlempung|lempung berpasir|berpasir,baik,5,lahan|polybag|pot|hidroponik,20,1600,2,5000,24,2,konsumsi|jual,busuk lunak|kutu daun,ecocrop,1
SELADA-KEB-5G,selada:Kebun Lestari,selada,Selada,Lactuca sativa var. capitata,sayuran daun,Kebun Lestari,,Benih Selada - Kebun Lestari (5 g),"Benih Selada. Panen sekitar 35-50 hari, suhu ideal 12-21 C, pH 6.0-7.0, cocok hingga 3000 mdpl.",35,50,5.0,12.0,21.0,30.0,75.0,91.7,116.7,341.7,4.2,6.0,7.0,7.5,300,3000.0,lempung|liat berlempung|lempung berpasir|berpasir,baik,5,lahan|polybag|pot|hidroponik,20,4000,5,11500,293,2,konsumsi|jual,busuk lunak|kutu daun,ecocrop,1
SELADA-GRE-2G,selada:Greenfield Seeds,selada,Selada,Lactuca sativa var. capitata,sayuran daun,Greenfield Seeds,,Benih Selada - Greenfield Seeds (2 g),"Benih Selada. Panen sekitar 35-50 hari, suhu ideal 12-21 C, pH 6.0-7.0, cocok hingga 3000 mdpl.",35,50,5.0,12.0,21.0,30.0,75.0,91.7,116.7,341.7,4.2,6.0,7.0,7.5,300,3000.0,lempung|liat berlempung|lempung berpasir|berpasir,baik,5,lahan|polybag|pot|hidroponik,20,1600,2,7000,0,2,konsumsi|jual,busuk lunak|kutu daun,ecocrop,1
SELADA-GRE-10G,selada:Greenfield Seeds,selada,Selada,Lactuca sativa var. capitata,sayuran daun,Greenfield Seeds,,Benih Selada - Greenfield Seeds (10 g),"Benih Selada. Panen sekitar 35-50 hari, suhu ideal 12-21 C, pH 6.0-7.0, cocok hingga 3000 mdpl.",35,50,5.0,12.0,21.0,30.0,75.0,91.7,116.7,341.7,4.2,6.0,7.0,7.5,300,3000.0,lempung|liat berlempung|lempung berpasir|berpasir,baik,5,lahan|polybag|pot|hidroponik,20,8000,10,30500,395,2,konsumsi|jual,busuk lunak|kutu daun,ecocrop,1
SELADA-AGR-2G,selada:Agro Subur,selada,Selada,Lactuca sativa var. capitata,sayuran daun,Agro Subur,,Benih Selada - Agro Subur (2 g),"Benih Selada. Panen sekitar 35-50 hari, suhu ideal 12-21 C, pH 6.0-7.0, cocok hingga 3000 mdpl.",35,50,5.0,12.0,21.0,30.0,75.0,91.7,116.7,341.7,4.2,6.0,7.0,7.5,300,3000.0,lempung|liat berlempung|lempung berpasir|berpasir,baik,5,lahan|polybag|pot|hidroponik,20,1600,2,4500,291,2,konsumsi|jual,busuk lunak|kutu daun,ecocrop,1
SELADA-AGR-5G,selada:Agro Subur,selada,Selada,Lactuca sativa var. capitata,sayuran daun,Agro Subur,,Benih Selada - Agro Subur (5 g),"Benih Selada. Panen sekitar 35-50 hari, suhu ideal 12-21 C, pH 6.0-7.0, cocok hingga 3000 mdpl.",35,50,5.0,12.0,21.0,30.0,75.0,91.7,116.7,341.7,4.2,6.0,7.0,7.5,300,3000.0,lempung|liat berlempung|lempung berpasir|berpasir,baik,5,lahan|polybag|pot|hidroponik,20,4000,5,9000,185,2,konsumsi|jual,busuk lunak|kutu daun,ecocrop,1
ENDIVE-AGR-5G,endive:Agro Subur,endive,Endive,Cichorium endivia,sayuran daun,Agro Subur,,Benih Endive - Agro Subur (5 g),"Benih Endive. Panen sekitar 60-80 hari, suhu ideal 15-23 C, pH 6.5-7.8, cocok hingga 2000 mdpl.",60,80,5.0,15.0,23.0,30.0,25.0,83.3,116.7,208.3,5.3,6.5,7.8,8.5,400,2000.0,lempung|liat berlempung|lempung berpasir,baik,5,lahan|polybag|pot|hidroponik,30,4000,5,15000,257,2,konsumsi|jual,busuk lunak,ecocrop,1
ENDIVE-AGR-10G,endive:Agro Subur,endive,Endive,Cichorium endivia,sayuran daun,Agro Subur,,Benih Endive - Agro Subur (10 g),"Benih Endive. Panen sekitar 60-80 hari, suhu ideal 15-23 C, pH 6.5-7.8, cocok hingga 2000 mdpl.",60,80,5.0,15.0,23.0,30.0,25.0,83.3,116.7,208.3,5.3,6.5,7.8,8.5,400,2000.0,lempung|liat berlempung|lempung berpasir,baik,5,lahan|polybag|pot|hidroponik,30,8000,10,27500,95,2,konsumsi|jual,busuk lunak,ecocrop,1
ENDIVE-BIB-2G,endive:BibitKu,endive,Endive,Cichorium endivia,sayuran daun,BibitKu,,Benih Endive - BibitKu (2 g),"Benih Endive. Panen sekitar 60-80 hari, suhu ideal 15-23 C, pH 6.5-7.8, cocok hingga 2000 mdpl.",60,80,5.0,15.0,23.0,30.0,25.0,83.3,116.7,208.3,5.3,6.5,7.8,8.5,400,2000.0,lempung|liat berlempung|lempung berpasir,baik,5,lahan|polybag|pot|hidroponik,30,1600,2,5500,264,2,konsumsi|jual,busuk lunak,ecocrop,1
ENDIVE-BIB-10G,endive:BibitKu,endive,Endive,Cichorium endivia,sayuran daun,BibitKu,,Benih Endive - BibitKu (10 g),"Benih Endive. Panen sekitar 60-80 hari, suhu ideal 15-23 C, pH 6.5-7.8, cocok hingga 2000 mdpl.",60,80,5.0,15.0,23.0,30.0,25.0,83.3,116.7,208.3,5.3,6.5,7.8,8.5,400,2000.0,lempung|liat berlempung|lempung berpasir,baik,5,lahan|polybag|pot|hidroponik,30,8000,10,25500,180,2,konsumsi|jual,busuk lunak,ecocrop,1
ENDIVE-GRE-5G,endive:Greenfield Seeds,endive,Endive,Cichorium endivia,sayuran daun,Greenfield Seeds,,Benih Endive - Greenfield Seeds (5 g),"Benih Endive. Panen sekitar 60-80 hari, suhu ideal 15-23 C, pH 6.5-7.8, cocok hingga 2000 mdpl.",60,80,5.0,15.0,23.0,30.0,25.0,83.3,116.7,208.3,5.3,6.5,7.8,8.5,400,2000.0,lempung|liat berlempung|lempung berpasir,baik,5,lahan|polybag|pot|hidroponik,30,4000,5,22000,56,2,konsumsi|jual,busuk lunak,ecocrop,1
ENDIVE-GRE-10G,endive:Greenfield Seeds,endive,Endive,Cichorium endivia,sayuran daun,Greenfield Seeds,,Benih Endive - Greenfield Seeds (10 g),"Benih Endive. Panen sekitar 60-80 hari, suhu ideal 15-23 C, pH 6.5-7.8, cocok hingga 2000 mdpl.",60,80,5.0,15.0,23.0,30.0,25.0,83.3,116.7,208.3,5.3,6.5,7.8,8.5,400,2000.0,lempung|liat berlempung|lempung berpasir,baik,5,lahan|polybag|pot|hidroponik,30,8000,10,40000,173,2,konsumsi|jual,busuk lunak,ecocrop,1
SELEDRI-BEN-2G,seledri:Benih Nusantara,seledri,Seledri,Apium graveolens var. dulce,sayuran daun,Benih Nusantara,,Benih Seledri - Benih Nusantara (2 g),"Benih Seledri. Panen sekitar 70-90 hari, suhu ideal 18-25 C, pH 5.8-6.8, cocok hingga 2000 mdpl.",70,90,4.0,18.0,25.0,28.0,25.0,83.3,108.3,233.3,4.5,5.8,6.8,8.3,600,2000.0,lempung|liat berlempung|lempung berpasir,baik,5,lahan|polybag|pot,20,4000,2,7000,20,2,konsumsi|jual,bercak daun|busuk batang,ecocrop,1
SELEDRI-BEN-5G,seledri:Benih Nusantara,seledri,Seledri,Apium graveolens var. dulce,sayuran daun,Benih Nusantara,,Benih Seledri - Benih Nusantara (5 g),"Benih Seledri. Panen sekitar 70-90 hari, suhu ideal 18-25 C, pH 5.8-6.8, cocok hingga 2000 mdpl.",70,90,4.0,18.0,25.0,28.0,25.0,83.3,108.3,233.3,4.5,5.8,6.8,8.3,600,2000.0,lempung|liat berlempung|lempung berpasir,baik,5,lahan|polybag|pot,20,10000,5,15000,221,2,konsumsi|jual,bercak daun|busuk batang,ecocrop,1
SELEDRI-AGR-2G,seledri:Agro Subur,seledri,Seledri,Apium graveolens var. dulce,sayuran daun,Agro Subur,,Benih Seledri - Agro Subur (2 g),"Benih Seledri. Panen sekitar 70-90 hari, suhu ideal 18-25 C, pH 5.8-6.8, cocok hingga 2000 mdpl.",70,90,4.0,18.0,25.0,28.0,25.0,83.3,108.3,233.3,4.5,5.8,6.8,8.3,600,2000.0,lempung|liat berlempung|lempung berpasir,baik,5,lahan|polybag|pot,20,4000,2,5000,148,2,konsumsi|jual,bercak daun|busuk batang,ecocrop,1
SELEDRI-AGR-5G,seledri:Agro Subur,seledri,Seledri,Apium graveolens var. dulce,sayuran daun,Agro Subur,,Benih Seledri - Agro Subur (5 g),"Benih Seledri. Panen sekitar 70-90 hari, suhu ideal 18-25 C, pH 5.8-6.8, cocok hingga 2000 mdpl.",70,90,4.0,18.0,25.0,28.0,25.0,83.3,108.3,233.3,4.5,5.8,6.8,8.3,600,2000.0,lempung|liat berlempung|lempung berpasir,baik,5,lahan|polybag|pot,20,10000,5,10500,152,2,konsumsi|jual,bercak daun|busuk batang,ecocrop,1
SELEDRI-GRE-2G,seledri:Greenfield Seeds,seledri,Seledri,Apium graveolens var. dulce,sayuran daun,Greenfield Seeds,,Benih Seledri - Greenfield Seeds (2 g),"Benih Seledri. Panen sekitar 70-90 hari, suhu ideal 18-25 C, pH 5.8-6.8, cocok hingga 2000 mdpl.",70,90,4.0,18.0,25.0,28.0,25.0,83.3,108.3,233.3,4.5,5.8,6.8,8.3,600,2000.0,lempung|liat berlempung|lempung berpasir,baik,5,lahan|polybag|pot,20,4000,2,7500,361,2,konsumsi|jual,bercak daun|busuk batang,ecocrop,1
SELEDRI-GRE-5G,seledri:Greenfield Seeds,seledri,Seledri,Apium graveolens var. dulce,sayuran daun,Greenfield Seeds,,Benih Seledri - Greenfield Seeds (5 g),"Benih Seledri. Panen sekitar 70-90 hari, suhu ideal 18-25 C, pH 5.8-6.8, cocok hingga 2000 mdpl.",70,90,4.0,18.0,25.0,28.0,25.0,83.3,108.3,233.3,4.5,5.8,6.8,8.3,600,2000.0,lempung|liat berlempung|lempung berpasir,baik,5,lahan|polybag|pot,20,10000,5,16500,120,2,konsumsi|jual,bercak daun|busuk batang,ecocrop,1
BAWANG_DAUN-TAN-5G,bawang_daun:TaniMas,bawang_daun,Bawang Daun,Allium fistulosum,sayuran daun,TaniMas,,Benih Bawang Daun - TaniMas (5 g),"Benih Bawang Daun. Panen sekitar 60-80 hari, suhu ideal 12-25 C, pH 6.6-7.4, cocok hingga 2000 mdpl.",60,80,6.0,12.0,25.0,30.0,58.3,70.8,133.3,208.3,5.5,6.6,7.4,8.5,400,2000.0,lempung|liat berlempung|lempung berpasir,baik,5,lahan|polybag|pot,30,1250,5,15000,231,2,konsumsi|jual,trips|bercak ungu,ecocrop,1
BAWANG_DAUN-TAN-10G,bawang_daun:TaniMas,bawang_daun,Bawang Daun,Allium fistulosum,sayuran daun,TaniMas,,Benih Bawang Daun - TaniMas (10 g),"Benih Bawang Daun. Panen sekitar 60-80 hari, suhu ideal 12-25 C, pH 6.6-7.4, cocok hingga 2000 mdpl.",60,80,6.0,12.0,25.0,30.0,58.3,70.8,133.3,208.3,5.5,6.6,7.4,8.5,400,2000.0,lempung|liat berlempung|lempung berpasir,baik,5,lahan|polybag|pot,30,2500,10,29000,21,2,konsumsi|jual,trips|bercak ungu,ecocrop,1
BAWANG_DAUN-AGR-5G,bawang_daun:Agro Subur,bawang_daun,Bawang Daun,Allium fistulosum,sayuran daun,Agro Subur,,Benih Bawang Daun - Agro Subur (5 g),"Benih Bawang Daun. Panen sekitar 60-80 hari, suhu ideal 12-25 C, pH 6.6-7.4, cocok hingga 2000 mdpl.",60,80,6.0,12.0,25.0,30.0,58.3,70.8,133.3,208.3,5.5,6.6,7.4,8.5,400,2000.0,lempung|liat berlempung|lempung berpasir,baik,5,lahan|polybag|pot,30,1250,5,12500,252,2,konsumsi|jual,trips|bercak ungu,ecocrop,1
BAWANG_DAUN-AGR-10G,bawang_daun:Agro Subur,bawang_daun,Bawang Daun,Allium fistulosum,sayuran daun,Agro Subur,,Benih Bawang Daun - Agro Subur (10 g),"Benih Bawang Daun. Panen sekitar 60-80 hari, suhu ideal 12-25 C, pH 6.6-7.4, cocok hingga 2000 mdpl.",60,80,6.0,12.0,25.0,30.0,58.3,70.8,133.3,208.3,5.5,6.6,7.4,8.5,400,2000.0,lempung|liat berlempung|lempung berpasir,baik,5,lahan|polybag|pot,30,2500,10,24500,47,2,konsumsi|jual,trips|bercak ungu,ecocrop,1
BAWANG_DAUN-BEN-5G,bawang_daun:Benih Nusantara,bawang_daun,Bawang Daun,Allium fistulosum,sayuran daun,Benih Nusantara,,Benih Bawang Daun - Benih Nusantara (5 g),"Benih Bawang Daun. Panen sekitar 60-80 hari, suhu ideal 12-25 C, pH 6.6-7.4, cocok hingga 2000 mdpl.",60,80,6.0,12.0,25.0,30.0,58.3,70.8,133.3,208.3,5.5,6.6,7.4,8.5,400,2000.0,lempung|liat berlempung|lempung berpasir,baik,5,lahan|polybag|pot,30,1250,5,17500,280,2,konsumsi|jual,trips|bercak ungu,ecocrop,1
BAWANG_DAUN-BEN-10G,bawang_daun:Benih Nusantara,bawang_daun,Bawang Daun,Allium fistulosum,sayuran daun,Benih Nusantara,,Benih Bawang Daun - Benih Nusantara (10 g),"Benih Bawang Daun. Panen sekitar 60-80 hari, suhu ideal 12-25 C, pH 6.6-7.4, cocok hingga 2000 mdpl.",60,80,6.0,12.0,25.0,30.0,58.3,70.8,133.3,208.3,5.5,6.6,7.4,8.5,400,2000.0,lempung|liat berlempung|lempung berpasir,baik,5,lahan|polybag|pot,30,2500,10,33000,137,2,konsumsi|jual,trips|bercak ungu,ecocrop,1
BAYAM_SPINACH-TAN-10G,bayam_spinach:TaniMas,bayam_spinach,Spinach,Spinacia oleracea,sayuran daun,TaniMas,,Benih Spinach - TaniMas (10 g),"Benih Spinach. Panen sekitar 40-55 hari, suhu ideal 13-20 C, pH 6.0-7.5, cocok hingga 3000 mdpl.",40,55,2.0,13.0,20.0,27.0,25.0,66.7,100.0,141.7,5.3,6.0,7.5,8.3,500,3000.0,lempung|liat berlempung|lempung berpasir|berpasir,baik,5,lahan|polybag|pot|hidroponik,100,900,10,16000,341,2,konsumsi|jual,karat putih|bercak daun,ecocrop,1
BAYAM_SPINACH-TAN-50G,bayam_spinach:TaniMas,bayam_spinach,Spinach,Spinacia oleracea,sayuran daun,TaniMas,,Benih Spinach - TaniMas (50 g),"Benih Spinach. Panen sekitar 40-55 hari, suhu ideal 13-20 C, pH 6.0-7.5, cocok hingga 3000 mdpl.",40,55,2.0,13.0,20.0,27.0,25.0,66.7,100.0,141.7,5.3,6.0,7.5,8.3,500,3000.0,lempung|liat berlempung|lempung berpasir|berpasir,baik,5,lahan|polybag|pot|hidroponik,100,4500,50,71500,53,2,konsumsi|jual,karat putih|bercak daun,ecocrop,1
BAYAM_SPINACH-BEN-10G,bayam_spinach:Benih Nusantara,bayam_spinach,Spinach,Spinacia oleracea,sayuran daun,Benih Nusantara,,Benih Spinach - Benih Nusantara (10 g),"Benih Spinach. Panen sekitar 40-55 hari, suhu ideal 13-20 C, pH 6.0-7.5, cocok hingga 3000 mdpl.",40,55,2.0,13.0,20.0,27.0,25.0,66.7,100.0,141.7,5.3,6.0,7.5,8.3,500,3000.0,lempung|liat berlempung|lempung berpasir|berpasir,baik,5,lahan|polybag|pot|hidroponik,100,900,10,16500,301,2,konsumsi|jual,karat putih|bercak daun,ecocrop,1
BAYAM_SPINACH-BEN-50G,bayam_spinach:Benih Nusantara,bayam_spinach,Spinach,Spinacia oleracea,sayuran daun,Benih Nusantara,,Benih Spinach - Benih Nusantara (50 g),"Benih Spinach. Panen sekitar 40-55 hari, suhu ideal 13-20 C, pH 6.0-7.5, cocok hingga 3000 mdpl.",40,55,2.0,13.0,20.0,27.0,25.0,66.7,100.0,141.7,5.3,6.0,7.5,8.3,500,3000.0,lempung|liat berlempung|lempung berpasir|berpasir,baik,5,lahan|polybag|pot|hidroponik,100,4500,50,83000,165,2,konsumsi|jual,karat putih|bercak daun,ecocrop,1
BAYAM_SPINACH-GRE-10G,bayam_spinach:Greenfield Seeds,bayam_spinach,Spinach,Spinacia oleracea,sayuran daun,Greenfield Seeds,,Benih Spinach - Greenfield Seeds (10 g),"Benih Spinach. Panen sekitar 40-55 hari, suhu ideal 13-20 C, pH 6.0-7.5, cocok hingga 3000 mdpl.",40,55,2.0,13.0,20.0,27.0,25.0,66.7,100.0,141.7,5.3,6.0,7.5,8.3,500,3000.0,lempung|liat berlempung|lempung berpasir|berpasir,baik,5,lahan|polybag|pot|hidroponik,100,900,10,20000,67,2,konsumsi|jual,karat putih|bercak daun,ecocrop,1
BAYAM_SPINACH-GRE-25G,bayam_spinach:Greenfield Seeds,bayam_spinach,Spinach,Spinacia oleracea,sayuran daun,Greenfield Seeds,,Benih Spinach - Greenfield Seeds (25 g),"Benih Spinach. Panen sekitar 40-55 hari, suhu ideal 13-20 C, pH 6.0-7.5, cocok hingga 3000 mdpl.",40,55,2.0,13.0,20.0,27.0,25.0,66.7,100.0,141.7,5.3,6.0,7.5,8.3,500,3000.0,lempung|liat berlempung|lempung berpasir|berpasir,baik,5,lahan|polybag|pot|hidroponik,100,2250,25,42000,308,2,konsumsi|jual,karat putih|bercak daun,ecocrop,1
ARUGULA-BEN-5G,arugula:Benih Nusantara,arugula,Arugula (Rocket),Eruca sativa,sayuran daun,Benih Nusantara,,Benih Arugula (Rocket) - Benih Nusantara (5 g),"Benih Arugula (Rocket). Panen sekitar 30-40 hari, suhu ideal 15-25 C, pH 7.0-8.0, cocok hingga 1500 mdpl.",30,40,8.0,15.0,25.0,29.0,25.0,41.7,75.0,91.7,6.0,7.0,8.0,8.5,0,1500.0,lempung|liat berlempung|lempung berpasir|berpasir,baik,5,lahan|polybag|pot|hidroponik,60,2000,5,19000,245,1,konsumsi|jual,kutu loncat|ulat daun,ecocrop,1
ARUGULA-BEN-25G,arugula:Benih Nusantara,arugula,Arugula (Rocket),Eruca sativa,sayuran daun,Benih Nusantara,,Benih Arugula (Rocket) - Benih Nusantara (25 g),"Benih Arugula (Rocket). Panen sekitar 30-40 hari, suhu ideal 15-25 C, pH 7.0-8.0, cocok hingga 1500 mdpl.",30,40,8.0,15.0,25.0,29.0,25.0,41.7,75.0,91.7,6.0,7.0,8.0,8.5,0,1500.0,lempung|liat berlempung|lempung berpasir|berpasir,baik,5,lahan|polybag|pot|hidroponik,60,10000,25,89500,134,1,konsumsi|jual,kutu loncat|ulat daun,ecocrop,1
ARUGULA-KEB-5G,arugula:Kebun Lestari,arugula,Arugula (Rocket),Eruca sativa,sayuran daun,Kebun Lestari,,Benih Arugula (Rocket) - Kebun Lestari (5 g),"Benih Arugula (Rocket). Panen sekitar 30-40 hari, suhu ideal 15-25 C, pH 7.0-8.0, cocok hingga 1500 mdpl.",30,40,8.0,15.0,25.0,29.0,25.0,41.7,75.0,91.7,6.0,7.0,8.0,8.5,0,1500.0,lempung|liat berlempung|lempung berpasir|berpasir,baik,5,lahan|polybag|pot|hidroponik,60,2000,5,17000,0,1,konsumsi|jual,kutu loncat|ulat daun,ecocrop,1
ARUGULA-KEB-10G,arugula:Kebun Lestari,arugula,Arugula (Rocket),Eruca sativa,sayuran daun,Kebun Lestari,,Benih Arugula (Rocket) - Kebun Lestari (10 g),"Benih Arugula (Rocket). Panen sekitar 30-40 hari, suhu ideal 15-25 C, pH 7.0-8.0, cocok hingga 1500 mdpl.",30,40,8.0,15.0,25.0,29.0,25.0,41.7,75.0,91.7,6.0,7.0,8.0,8.5,0,1500.0,lempung|liat berlempung|lempung berpasir|berpasir,baik,5,lahan|polybag|pot|hidroponik,60,4000,10,30000,38,1,konsumsi|jual,kutu loncat|ulat daun,ecocrop,1
ARUGULA-AGR-5G,arugula:Agro Subur,arugula,Arugula (Rocket),Eruca sativa,sayuran daun,Agro Subur,,Benih Arugula (Rocket) - Agro Subur (5 g),"Benih Arugula (Rocket). Panen sekitar 30-40 hari, suhu ideal 15-25 C, pH 7.0-8.0, cocok hingga 1500 mdpl.",30,40,8.0,15.0,25.0,29.0,25.0,41.7,75.0,91.7,6.0,7.0,8.0,8.5,0,1500.0,lempung|liat berlempung|lempung berpasir|berpasir,baik,5,lahan|polybag|pot|hidroponik,60,2000,5,15000,225,1,konsumsi|jual,kutu loncat|ulat daun,ecocrop,1
ARUGULA-AGR-25G,arugula:Agro Subur,arugula,Arugula (Rocket),Eruca sativa,sayuran daun,Agro Subur,,Benih Arugula (Rocket) - Agro Subur (25 g),"Benih Arugula (Rocket). Panen sekitar 30-40 hari, suhu ideal 15-25 C, pH 7.0-8.0, cocok hingga 1500 mdpl.",30,40,8.0,15.0,25.0,29.0,25.0,41.7,75.0,91.7,6.0,7.0,8.0,8.5,0,1500.0,lempung|liat berlempung|lempung berpasir|berpasir,baik,5,lahan|polybag|pot|hidroponik,60,10000,25,64500,227,1,konsumsi|jual,kutu loncat|ulat daun,ecocrop,1
PETERSELI-AGR-2G,peterseli:Agro Subur,peterseli,Peterseli (Parsley),Petroselinum crispum,herbal & rempah,Agro Subur,,Benih Peterseli (Parsley) - Agro Subur (2 g),"Benih Peterseli (Parsley). Panen sekitar 70-90 hari, suhu ideal 11-20 C, pH 6.0-7.5, cocok hingga 2400 mdpl.",70,90,7.0,11.0,20.0,28.0,25.0,75.0,125.0,233.3,5.3,6.0,7.5,8.3,400,2400.0,lempung|liat berlempung|lempung berpasir,baik,5,lahan|polybag|pot|hidroponik,40,600,2,6000,212,2,konsumsi|jual,bercak daun|busuk akar,ecocrop,1
PETERSELI-AGR-5G,peterseli:Agro Subur,peterseli,Peterseli (Parsley),Petroselinum crispum,herbal & rempah,Agro Subur,,Benih Peterseli (Parsley) - Agro Subur (5 g),"Benih Peterseli (Parsley). Panen sekitar 70-90 hari, suhu ideal 11-20 C, pH 6.0-7.5, cocok hingga 2400 mdpl.",70,90,7.0,11.0,20.0,28.0,25.0,75.0,125.0,233.3,5.3,6.0,7.5,8.3,400,2400.0,lempung|liat berlempung|lempung berpasir,baik,5,lahan|polybag|pot|hidroponik,40,1500,5,13000,388,2,konsumsi|jual,bercak daun|busuk akar,ecocrop,1
PETERSELI-BEN-2G,peterseli:Benih Nusantara,peterseli,Peterseli (Parsley),Petroselinum crispum,herbal & rempah,Benih Nusantara,,Benih Peterseli (Parsley) - Benih Nusantara (2 g),"Benih Peterseli (Parsley). Panen sekitar 70-90 hari, suhu ideal 11-20 C, pH 6.0-7.5, cocok hingga 2400 mdpl.",70,90,7.0,11.0,20.0,28.0,25.0,75.0,125.0,233.3,5.3,6.0,7.5,8.3,400,2400.0,lempung|liat berlempung|lempung berpasir,baik,5,lahan|polybag|pot|hidroponik,40,600,2,8000,169,2,konsumsi|jual,bercak daun|busuk akar,ecocrop,1
PETERSELI-BEN-10G,peterseli:Benih Nusantara,peterseli,Peterseli (Parsley),Petroselinum crispum,herbal & rempah,Benih Nusantara,,Benih Peterseli (Parsley) - Benih Nusantara (10 g),"Benih Peterseli (Parsley). Panen sekitar 70-90 hari, suhu ideal 11-20 C, pH 6.0-7.5, cocok hingga 2400 mdpl.",70,90,7.0,11.0,20.0,28.0,25.0,75.0,125.0,233.3,5.3,6.0,7.5,8.3,400,2400.0,lempung|liat berlempung|lempung berpasir,baik,5,lahan|polybag|pot|hidroponik,40,3000,10,38000,248,2,konsumsi|jual,bercak daun|busuk akar,ecocrop,1
PETERSELI-KEB-2G,peterseli:Kebun Lestari,peterseli,Peterseli (Parsley),Petroselinum crispum,herbal & rempah,Kebun Lestari,,Benih Peterseli (Parsley) - Kebun Lestari (2 g),"Benih Peterseli (Parsley). Panen sekitar 70-90 hari, suhu ideal 11-20 C, pH 6.0-7.5, cocok hingga 2400 mdpl.",70,90,7.0,11.0,20.0,28.0,25.0,75.0,125.0,233.3,5.3,6.0,7.5,8.3,400,2400.0,lempung|liat berlempung|lempung berpasir,baik,5,lahan|polybag|pot|hidroponik,40,600,2,7000,329,2,konsumsi|jual,bercak daun|busuk akar,ecocrop,1
PETERSELI-KEB-5G,peterseli:Kebun Lestari,peterseli,Peterseli (Parsley),Petroselinum crispum,herbal & rempah,Kebun Lestari,,Benih Peterseli (Parsley) - Kebun Lestari (5 g),"Benih Peterseli (Parsley). Panen sekitar 70-90 hari, suhu ideal 11-20 C, pH 6.0-7.5, cocok hingga 2400 mdpl.",70,90,7.0,11.0,20.0,28.0,25.0,75.0,125.0,233.3,5.3,6.0,7.5,8.3,400,2400.0,lempung|liat berlempung|lempung berpasir,baik,5,lahan|polybag|pot|hidroponik,40,1500,5,15000,124,2,konsumsi|jual,bercak daun|busuk akar,ecocrop,1
KETUMBAR-KEB-25G,ketumbar:Kebun Lestari,ketumbar,Ketumbar (Daun),Coriandrum sativum,herbal & rempah,Kebun Lestari,,Benih Ketumbar (Daun) - Kebun Lestari (25 g),"Benih Ketumbar (Daun). Panen sekitar 40-55 hari, suhu ideal 15-25 C, pH 5.5-7.5, cocok hingga 2200 mdpl.",40,55,4.0,15.0,25.0,32.0,25.0,41.7,116.7,216.7,4.0,5.5,7.5,8.0,0,2200.0,lempung|liat berlempung|lempung berpasir,baik,6,lahan|polybag|pot|hidroponik,100,2250,25,15000,22,1,konsumsi|jual,embun tepung|kutu daun,ecocrop,1
KETUMBAR-KEB-100G,ketumbar:Kebun Lestari,ketumbar,Ketumbar (Daun),Coriandrum sativum,herbal & rempah,Kebun Lestari,,Benih Ketumbar (Daun) - Kebun Lestari (100 g),"Benih Ketumbar (Daun). Panen sekitar 40-55 hari, suhu ideal 15-25 C, pH 5.5-7.5, cocok hingga 2200 mdpl.",40,55,4.0,15.0,25.0,32.0,25.0,41.7,116.7,216.7,4.0,5.5,7.5,8.0,0,2200.0,lempung|liat berlempung|lempung berpasir,baik,6,lahan|polybag|pot|hidroponik,100,9000,100,55000,36,1,konsumsi|jual,embun tepung|kutu daun,ecocrop,1
KETUMBAR-BIB-25G,ketumbar:BibitKu,ketumbar,Ketumbar (Daun),Coriandrum sativum,herbal & rempah,BibitKu,,Benih Ketumbar (Daun) - BibitKu (25 g),"Benih Ketumbar (Daun). Panen sekitar 40-55 hari, suhu ideal 15-25 C, pH 5.5-7.5, cocok hingga 2200 mdpl.",40,55,4.0,15.0,25.0,32.0,25.0,41.7,116.7,216.7,4.0,5.5,7.5,8.0,0,2200.0,lempung|liat berlempung|lempung berpasir,baik,6,lahan|polybag|pot|hidroponik,100,2250,25,11500,374,1,konsumsi|jual,embun tepung|kutu daun,ecocrop,1
KETUMBAR-BIB-100G,ketumbar:BibitKu,ketumbar,Ketumbar (Daun),Coriandrum sativum,herbal & rempah,BibitKu,,Benih Ketumbar (Daun) - BibitKu (100 g),"Benih Ketumbar (Daun). Panen sekitar 40-55 hari, suhu ideal 15-25 C, pH 5.5-7.5, cocok hingga 2200 mdpl.",40,55,4.0,15.0,25.0,32.0,25.0,41.7,116.7,216.7,4.0,5.5,7.5,8.0,0,2200.0,lempung|liat berlempung|lempung berpasir,baik,6,lahan|polybag|pot|hidroponik,100,9000,100,46000,50,1,konsumsi|jual,embun tepung|kutu daun,ecocrop,1
KETUMBAR-TAN-25G,ketumbar:TaniMas,ketumbar,Ketumbar (Daun),Coriandrum sativum,herbal & rempah,TaniMas,,Benih Ketumbar (Daun) - TaniMas (25 g),"Benih Ketumbar (Daun). Panen sekitar 40-55 hari, suhu ideal 15-25 C, pH 5.5-7.5, cocok hingga 2200 mdpl.",40,55,4.0,15.0,25.0,32.0,25.0,41.7,116.7,216.7,4.0,5.5,7.5,8.0,0,2200.0,lempung|liat berlempung|lempung berpasir,baik,6,lahan|polybag|pot|hidroponik,100,2250,25,14500,278,1,konsumsi|jual,embun tepung|kutu daun,ecocrop,1
KETUMBAR-TAN-50G,ketumbar:TaniMas,ketumbar,Ketumbar (Daun),Coriandrum sativum,herbal & rempah,TaniMas,,Benih Ketumbar (Daun) - TaniMas (50 g),"Benih Ketumbar (Daun). Panen sekitar 40-55 hari, suhu ideal 15-25 C, pH 5.5-7.5, cocok hingga 2200 mdpl.",40,55,4.0,15.0,25.0,32.0,25.0,41.7,116.7,216.7,4.0,5.5,7.5,8.0,0,2200.0,lempung|liat berlempung|lempung berpasir,baik,6,lahan|polybag|pot|hidroponik,100,4500,50,28500,0,1,konsumsi|jual,embun tepung|kutu daun,ecocrop,1
DILL-BIB-5G,dill:BibitKu,dill,Dill,Anethum graveolens,herbal & rempah,BibitKu,,Benih Dill - BibitKu (5 g),"Benih Dill. Panen sekitar 50-70 hari, suhu ideal 15-18 C, pH 6.0-7.0, cocok hingga 2000 mdpl.",50,70,6.0,15.0,18.0,26.0,41.7,66.7,100.0,141.7,5.0,6.0,7.0,8.0,300,2000.0,lempung|liat berlempung|lempung berpasir,baik,6,lahan|polybag|pot,40,3500,5,9500,0,1,konsumsi,kutu daun,ecocrop,1
DILL-BIB-10G,dill:BibitKu,dill,Dill,Anethum graveolens,herbal & rempah,BibitKu,,Benih Dill - BibitKu (10 g),"Benih Dill. Panen sekitar 50-70 hari, suhu ideal 15-18 C, pH 6.0-7.0, cocok hingga 2000 mdpl.",50,70,6.0,15.0,18.0,26.0,41.7,66.7,100.0,141.7,5.0,6.0,7.0,8.0,300,2000.0,lempung|liat berlempung|lempung berpasir,baik,6,lahan|polybag|pot,40,7000,10,18000,73,1,konsumsi,kutu daun,ecocrop,1
DILL-KEB-2G,dill:Kebun Lestari,dill,Dill,Anethum graveolens,herbal & rempah,Kebun Lestari,,Benih Dill - Kebun Lestari (2 g),"Benih Dill. Panen sekitar 50-70 hari, suhu ideal 15-18 C, pH 6.0-7.0, cocok hingga 2000 mdpl.",50,70,6.0,15.0,18.0,26.0,41.7,66.7,100.0,141.7,5.0,6.0,7.0,8.0,300,2000.0,lempung|liat berlempung|lempung berpasir,baik,6,lahan|polybag|pot,40,1400,2,4500,168,1,konsumsi,kutu daun,ecocrop,1
DILL-KEB-10G,dill:Kebun Lestari,dill,Dill,Anethum graveolens,herbal & rempah,Kebun Lestari,,Benih Dill - Kebun Lestari (10 g),"Benih Dill. Panen sekitar 50-70 hari, suhu ideal 15-18 C, pH 6.0-7.0, cocok hingga 2000 mdpl.",50,70,6.0,15.0,18.0,26.0,41.7,66.7,100.0,141.7,5.0,6.0,7.0,8.0,300,2000.0,lempung|liat berlempung|lempung berpasir,baik,6,lahan|polybag|pot,40,7000,10,22500,35,1,konsumsi,kutu daun,ecocrop,1
DILL-AGR-5G,dill:Agro Subur,dill,Dill,Anethum graveolens,herbal & rempah,Agro Subur,,Benih Dill - Agro Subur (5 g),"Benih Dill. Panen sekitar 50-70 hari, suhu ideal 15-18 C, pH 6.0-7.0, cocok hingga 2000 mdpl.",50,70,6.0,15.0,18.0,26.0,41.7,66.7,100.0,141.7,5.0,6.0,7.0,8.0,300,2000.0,lempung|liat berlempung|lempung berpasir,baik,6,lahan|polybag|pot,40,3500,5,10500,238,1,konsumsi,kutu daun,ecocrop,1
DILL-AGR-10G,dill:Agro Subur,dill,Dill,Anethum graveolens,herbal & rempah,Agro Subur,,Benih Dill - Agro Subur (10 g),"Benih Dill. Panen sekitar 50-70 hari, suhu ideal 15-18 C, pH 6.0-7.0, cocok hingga 2000 mdpl.",50,70,6.0,15.0,18.0,26.0,41.7,66.7,100.0,141.7,5.0,6.0,7.0,8.0,300,2000.0,lempung|liat berlempung|lempung berpasir,baik,6,lahan|polybag|pot,40,7000,10,18500,252,1,konsumsi,kutu daun,ecocrop,1
TONG_HO-TAN-10G,tong_ho:TaniMas,tong_ho,Tong Ho (Krisan Sayur),Chrysanthemum coronarium var. coronarium,sayuran daun,TaniMas,,Benih Tong Ho (Krisan Sayur) - TaniMas (10 g),"Benih Tong Ho (Krisan Sayur). Panen sekitar 35-50 hari, suhu ideal 12-18 C, pH 6.0-6.5, cocok hingga 1500 mdpl.",35,50,7.0,12.0,18.0,25.0,50.0,66.7,108.3,208.3,5.3,6.0,6.5,7.3,300,1500.0,liat|liat berlempung|lempung|lempung berpasir,baik,5,lahan|polybag|pot|hidroponik,80,6000,10,19000,0,1,konsumsi|jual,kutu daun|bercak daun,ecocrop,1
TONG_HO-TAN-25G,tong_ho:TaniMas,tong_ho,Tong Ho (Krisan Sayur),Chrysanthemum coronarium var. coronarium,sayuran daun,TaniMas,,Benih Tong Ho (Krisan Sayur) - TaniMas (25 g),"Benih Tong Ho (Krisan Sayur). Panen sekitar 35-50 hari, suhu ideal 12-18 C, pH 6.0-6.5, cocok hingga 1500 mdpl.",35,50,7.0,12.0,18.0,25.0,50.0,66.7,108.3,208.3,5.3,6.0,6.5,7.3,300,1500.0,liat|liat berlempung|lempung|lempung berpasir,baik,5,lahan|polybag|pot|hidroponik,80,15000,25,43000,141,1,konsumsi|jual,kutu daun|bercak daun,ecocrop,1
TONG_HO-KEB-5G,tong_ho:Kebun Lestari,tong_ho,Tong Ho (Krisan Sayur),Chrysanthemum coronarium var. coronarium,sayuran daun,Kebun Lestari,,Benih Tong Ho (Krisan Sayur) - Kebun Lestari (5 g),"Benih Tong Ho (Krisan Sayur). Panen sekitar 35-50 hari, suhu ideal 12-18 C, pH 6.0-6.5, cocok hingga 1500 mdpl.",35,50,7.0,12.0,18.0,25.0,50.0,66.7,108.3,208.3,5.3,6.0,6.5,7.3,300,1500.0,liat|liat berlempung|lempung|lempung berpasir,baik,5,lahan|polybag|pot|hidroponik,80,3000,5,10000,149,1,konsumsi|jual,kutu daun|bercak daun,ecocrop,1
TONG_HO-KEB-25G,tong_ho:Kebun Lestari,tong_ho,Tong Ho (Krisan Sayur),Chrysanthemum coronarium var. coronarium,sayuran daun,Kebun Lestari,,Benih Tong Ho (Krisan Sayur) - Kebun Lestari (25 g),"Benih Tong Ho (Krisan Sayur). Panen sekitar 35-50 hari, suhu ideal 12-18 C, pH 6.0-6.5, cocok hingga 1500 mdpl.",35,50,7.0,12.0,18.0,25.0,50.0,66.7,108.3,208.3,5.3,6.0,6.5,7.3,300,1500.0,liat|liat berlempung|lempung|lempung berpasir,baik,5,lahan|polybag|pot|hidroponik,80,15000,25,42500,32,1,konsumsi|jual,kutu daun|bercak daun,ecocrop,1
TONG_HO-BEN-10G,tong_ho:Benih Nusantara,tong_ho,Tong Ho (Krisan Sayur),Chrysanthemum coronarium var. coronarium,sayuran daun,Benih Nusantara,,Benih Tong Ho (Krisan Sayur) - Benih Nusantara (10 g),"Benih Tong Ho (Krisan Sayur). Panen sekitar 35-50 hari, suhu ideal 12-18 C, pH 6.0-6.5, cocok hingga 1500 mdpl.",35,50,7.0,12.0,18.0,25.0,50.0,66.7,108.3,208.3,5.3,6.0,6.5,7.3,300,1500.0,liat|liat berlempung|lempung|lempung berpasir,baik,5,lahan|polybag|pot|hidroponik,80,6000,10,24500,379,1,konsumsi|jual,kutu daun|bercak daun,ecocrop,1
TONG_HO-BEN-25G,tong_ho:Benih Nusantara,tong_ho,Tong Ho (Krisan Sayur),Chrysanthemum coronarium var. coronarium,sayuran daun,Benih Nusantara,,Benih Tong Ho (Krisan Sayur) - Benih Nusantara (25 g),"Benih Tong Ho (Krisan Sayur). Panen sekitar 35-50 hari, suhu ideal 12-18 C, pH 6.0-6.5, cocok hingga 1500 mdpl.",35,50,7.0,12.0,18.0,25.0,50.0,66.7,108.3,208.3,5.3,6.0,6.5,7.3,300,1500.0,liat|liat berlempung|lempung|lempung berpasir,baik,5,lahan|polybag|pot|hidroponik,80,15000,25,54000,334,1,konsumsi|jual,kutu daun|bercak daun,ecocrop,1
KALE-TAN-2G,kale:TaniMas,kale,Kale,Brassica oleracea var. acephala,sayuran daun,TaniMas,,Benih Kale - TaniMas (2 g),"Benih Kale. Panen sekitar 60-85 hari, suhu ideal 15-22 C, pH 5.4-6.0, cocok hingga 3000 mdpl.",60,85,7.0,15.0,22.0,30.0,25.0,37.5,83.3,233.3,4.5,5.4,6.0,8.3,500,3000.0,liat|liat berlempung|lempung|lempung berpasir|berpasir,baik,6,lahan|polybag|pot,4,500,2,9500,207,2,konsumsi|jual,ulat kubis|kutu daun,ecocrop,1
KALE-TAN-5G,kale:TaniMas,kale,Kale,Brassica oleracea var. acephala,sayuran daun,TaniMas,,Benih Kale - TaniMas (5 g),"Benih Kale. Panen sekitar 60-85 hari, suhu ideal 15-22 C, pH 5.4-6.0, cocok hingga 3000 mdpl.",60,85,7.0,15.0,22.0,30.0,25.0,37.5,83.3,233.3,4.5,5.4,6.0,8.3,500,3000.0,liat|liat berlempung|lempung|lempung berpasir|berpasir,baik,6,lahan|polybag|pot,4,1250,5,21500,262,2,konsumsi|jual,ulat kubis|kutu daun,ecocrop,1
KALE-BIB-2G,kale:BibitKu,kale,Kale,Brassica oleracea var. acephala,sayuran daun,BibitKu,,Benih Kale - BibitKu (2 g),"Benih Kale. Panen sekitar 60-85 hari, suhu ideal 15-22 C, pH 5.4-6.0, cocok hingga 3000 mdpl.",60,85,7.0,15.0,22.0,30.0,25.0,37.5,83.3,233.3,4.5,5.4,6.0,8.3,500,3000.0,liat|liat berlempung|lempung|lempung berpasir|berpasir,baik,6,lahan|polybag|pot,4,500,2,7000,388,2,konsumsi|jual,ulat kubis|kutu daun,ecocrop,1
KALE-BIB-5G,kale:BibitKu,kale,Kale,Brassica oleracea var. acephala,sayuran daun,BibitKu,,Benih Kale - BibitKu (5 g),"Benih Kale. Panen sekitar 60-85 hari, suhu ideal 15-22 C, pH 5.4-6.0, cocok hingga 3000 mdpl.",60,85,7.0,15.0,22.0,30.0,25.0,37.5,83.3,233.3,4.5,5.4,6.0,8.3,500,3000.0,liat|liat berlempung|lempung|lempung berpasir|berpasir,baik,6,lahan|polybag|pot,4,1250,5,16000,87,2,konsumsi|jual,ulat kubis|kutu daun,ecocrop,1
KALE-BEN-2G,kale:Benih Nusantara,kale,Kale,Brassica oleracea var. acephala,sayuran daun,Benih Nusantara,,Benih Kale - Benih Nusantara (2 g),"Benih Kale. Panen sekitar 60-85 hari, suhu ideal 15-22 C, pH 5.4-6.0, cocok hingga 3000 mdpl.",60,85,7.0,15.0,22.0,30.0,25.0,37.5,83.3,233.3,4.5,5.4,6.0,8.3,500,3000.0,liat|liat berlempung|lempung|lempung berpasir|berpasir,baik,6,lahan|polybag|pot,4,500,2,10500,195,2,konsumsi|jual,ulat kubis|kutu daun,ecocrop,1
KALE-BEN-10G,kale:Benih Nusantara,kale,Kale,Brassica oleracea var. acephala,sayuran daun,Benih Nusantara,,Benih Kale - Benih Nusantara (10 g),"Benih Kale. Panen sekitar 60-85 hari, suhu ideal 15-22 C, pH 5.4-6.0, cocok hingga 3000 mdpl.",60,85,7.0,15.0,22.0,30.0,25.0,37.5,83.3,233.3,4.5,5.4,6.0,8.3,500,3000.0,liat|liat berlempung|lempung|lempung berpasir|berpasir,baik,6,lahan|polybag|pot,4,2500,10,49000,272,2,konsumsi|jual,ulat kubis|kutu daun,ecocrop,1
KOHLRABI-BEN-5G,kohlrabi:Benih Nusantara,kohlrabi,Kohlrabi (Kol Rabi),Brassica oleracea var. gongyloides,sayuran umbi,Benih Nusantara,,Benih Kohlrabi (Kol Rabi) - Benih Nusantara (5 g),"Benih Kohlrabi (Kol Rabi). Panen sekitar 55-70 hari, suhu ideal 12-18 C, pH 6.0-6.5, cocok hingga 2000 mdpl.",55,70,5.0,12.0,18.0,25.0,58.3,75.0,108.3,141.7,5.5,6.0,6.5,8.5,600,2000.0,lempung|liat berlempung|lempung berpasir,baik,6,lahan|polybag,20,1250,5,25500,27,2,konsumsi|jual,ulat kubis,ecocrop,1
KOHLRABI-BEN-10G,kohlrabi:Benih Nusantara,kohlrabi,Kohlrabi (Kol Rabi),Brassica oleracea var. gongyloides,sayuran umbi,Benih Nusantara,,Benih Kohlrabi (Kol Rabi) - Benih Nusantara (10 g),"Benih Kohlrabi (Kol Rabi). Panen sekitar 55-70 hari, suhu ideal 12-18 C, pH 6.0-6.5, cocok hingga 2000 mdpl.",55,70,5.0,12.0,18.0,25.0,58.3,75.0,108.3,141.7,5.5,6.0,6.5,8.5,600,2000.0,lempung|liat berlempung|lempung berpasir,baik,6,lahan|polybag,20,2500,10,47000,92,2,konsumsi|jual,ulat kubis,ecocrop,1
KOHLRABI-KEB-5G,kohlrabi:Kebun Lestari,kohlrabi,Kohlrabi (Kol Rabi),Brassica oleracea var. gongyloides,sayuran umbi,Kebun Lestari,,Benih Kohlrabi (Kol Rabi) - Kebun Lestari (5 g),"Benih Kohlrabi (Kol Rabi). Panen sekitar 55-70 hari, suhu ideal 12-18 C, pH 6.0-6.5, cocok hingga 2000 mdpl.",55,70,5.0,12.0,18.0,25.0,58.3,75.0,108.3,141.7,5.5,6.0,6.5,8.5,600,2000.0,lempung|liat berlempung|lempung berpasir,baik,6,lahan|polybag,20,1250,5,23000,46,2,konsumsi|jual,ulat kubis,ecocrop,1
KOHLRABI-KEB-10G,kohlrabi:Kebun Lestari,kohlrabi,Kohlrabi (Kol Rabi),Brassica oleracea var. gongyloides,sayuran umbi,Kebun Lestari,,Benih Kohlrabi (Kol Rabi) - Kebun Lestari (10 g),"Benih Kohlrabi (Kol Rabi). Panen sekitar 55-70 hari, suhu ideal 12-18 C, pH 6.0-6.5, cocok hingga 2000 mdpl.",55,70,5.0,12.0,18.0,25.0,58.3,75.0,108.3,141.7,5.5,6.0,6.5,8.5,600,2000.0,lempung|liat berlempung|lempung berpasir,baik,6,lahan|polybag,20,2500,10,38000,59,2,konsumsi|jual,ulat kubis,ecocrop,1
KOHLRABI-BIB-5G,kohlrabi:BibitKu,kohlrabi,Kohlrabi (Kol Rabi),Brassica oleracea var. gongyloides,sayuran umbi,BibitKu,,Benih Kohlrabi (Kol Rabi) - BibitKu (5 g),"Benih Kohlrabi (Kol Rabi). Panen sekitar 55-70 hari, suhu ideal 12-18 C, pH 6.0-6.5, cocok hingga 2000 mdpl.",55,70,5.0,12.0,18.0,25.0,58.3,75.0,108.3,141.7,5.5,6.0,6.5,8.5,600,2000.0,lempung|liat berlempung|lempung berpasir,baik,6,lahan|polybag,20,1250,5,18000,238,2,konsumsi|jual,ulat kubis,ecocrop,1
KOHLRABI-BIB-10G,kohlrabi:BibitKu,kohlrabi,Kohlrabi (Kol Rabi),Brassica oleracea var. gongyloides,sayuran umbi,BibitKu,,Benih Kohlrabi (Kol Rabi) - BibitKu (10 g),"Benih Kohlrabi (Kol Rabi). Panen sekitar 55-70 hari, suhu ideal 12-18 C, pH 6.0-6.5, cocok hingga 2000 mdpl.",55,70,5.0,12.0,18.0,25.0,58.3,75.0,108.3,141.7,5.5,6.0,6.5,8.5,600,2000.0,lempung|liat berlempung|lempung berpasir,baik,6,lahan|polybag,20,2500,10,31500,245,2,konsumsi|jual,ulat kubis,ecocrop,1
KUBIS-GRE-5G,kubis:Greenfield Seeds,kubis,Kubis,Brassica oleracea var. capitata,sayuran daun,Greenfield Seeds,,Benih Kubis - Greenfield Seeds (5 g),"Benih Kubis. Panen sekitar 70-90 hari, suhu ideal 15-24 C, pH 6.0-7.5, cocok hingga 2000 mdpl.",70,90,7.0,15.0,24.0,32.0,25.0,41.7,83.3,208.3,5.0,6.0,7.5,8.3,700,2000.0,lempung|liat berlempung|lempung berpasir,baik,6,lahan|polybag,4,1250,5,24000,153,2,jual|konsumsi,ulat kubis|akar gada,ecocrop,1
KUBIS-GRE-10G,kubis:Greenfield Seeds,kubis,Kubis,Brassica oleracea var. capitata,sayuran daun,Greenfield Seeds,,Benih Kubis - Greenfield Seeds (10 g),"Benih Kubis. Panen sekitar 70-90 hari, suhu ideal 15-24 C, pH 6.0-7.5, cocok hingga 2000 mdpl.",70,90,7.0,15.0,24.0,32.0,25.0,41.7,83.3,208.3,5.0,6.0,7.5,8.3,700,2000.0,lempung|liat berlempung|lempung berpasir,baik,6,lahan|polybag,4,2500,10,42000,387,2,jual|konsumsi,ulat kubis|akar gada,ecocrop,1
KUBIS-BEN-5G,kubis:Benih Nusantara,kubis,Kubis,Brassica oleracea var. capitata,sayuran daun,Benih Nusantara,,Benih Kubis - Benih Nusantara (5 g),"Benih Kubis. Panen sekitar 70-90 hari, suhu ideal 15-24 C, pH 6.0-7.5, cocok hingga 2000 mdpl.",70,90,7.0,15.0,24.0,32.0,25.0,41.7,83.3,208.3,5.0,6.0,7.5,8.3,700,2000.0,lempung|liat berlempung|lempung berpasir,baik,6,lahan|polybag,4,1250,5,20000,105,2,jual|konsumsi,ulat kubis|akar gada,ecocrop,1
KUBIS-BEN-10G,kubis:Benih Nusantara,kubis,Kubis,Brassica oleracea var. capitata,sayuran daun,Benih Nusantara,,Benih Kubis - Benih Nusantara (10 g),"Benih Kubis. Panen sekitar 70-90 hari, suhu ideal 15-24 C, pH 6.0-7.5, cocok hingga 2000 mdpl.",70,90,7.0,15.0,24.0,32.0,25.0,41.7,83.3,208.3,5.0,6.0,7.5,8.3,700,2000.0,lempung|liat berlempung|lempung berpasir,baik,6,lahan|polybag,4,2500,10,35500,306,2,jual|konsumsi,ulat kubis|akar gada,ecocrop,1
KUBIS-TAN-5G,kubis:TaniMas,kubis,Kubis,Brassica oleracea var. capitata,sayuran daun,TaniMas,,Benih Kubis - TaniMas (5 g),"Benih Kubis. Panen sekitar 70-90 hari, suhu ideal 15-24 C, pH 6.0-7.5, cocok hingga 2000 mdpl.",70,90,7.0,15.0,24.0,32.0,25.0,41.7,83.3,208.3,5.0,6.0,7.5,8.3,700,2000.0,lempung|liat berlempung|lempung berpasir,baik,6,lahan|polybag,4,1250,5,17000,138,2,jual|konsumsi,ulat kubis|akar gada,ecocrop,1
KUBIS-TAN-10G,kubis:TaniMas,kubis,Kubis,Brassica oleracea var. capitata,sayuran daun,TaniMas,,Benih Kubis - TaniMas (10 g),"Benih Kubis. Panen sekitar 70-90 hari, suhu ideal 15-24 C, pH 6.0-7.5, cocok hingga 2000 mdpl.",70,90,7.0,15.0,24.0,32.0,25.0,41.7,83.3,208.3,5.0,6.0,7.5,8.3,700,2000.0,lempung|liat berlempung|lempung berpasir,baik,6,lahan|polybag,4,2500,10,34000,128,2,jual|konsumsi,ulat kubis|akar gada,ecocrop,1
KEMBANG_KOL-BIB-5G,kembang_kol:BibitKu,kembang_kol,Kembang Kol,Brassica oleracea var. botrytis,sayuran daun,BibitKu,,Benih Kembang Kol - BibitKu (5 g),"Benih Kembang Kol. Panen sekitar 60-80 hari, suhu ideal 10-25 C, pH 6.0-7.0, cocok hingga 2000 mdpl.",60,80,5.0,10.0,25.0,30.0,37.5,50.0,91.7,158.3,5.5,6.0,7.0,8.5,700,2000.0,lempung|liat berlempung|lempung berpasir,baik,6,lahan,4,1500,5,19500,253,3,jual,ulat kubis|busuk hitam,ecocrop,1
KEMBANG_KOL-BIB-10G,kembang_kol:BibitKu,kembang_kol,Kembang Kol,Brassica oleracea var. botrytis,sayuran daun,BibitKu,,Benih Kembang Kol - BibitKu (10 g),"Benih Kembang Kol. Panen sekitar 60-80 hari, suhu ideal 10-25 C, pH 6.0-7.0, cocok hingga 2000 mdpl.",60,80,5.0,10.0,25.0,30.0,37.5,50.0,91.7,158.3,5.5,6.0,7.0,8.5,700,2000.0,lempung|liat berlempung|lempung berpasir,baik,6,lahan,4,3000,10,34500,239,3,jual,ulat kubis|busuk hitam,ecocrop,1
KEMBANG_KOL-TAN-5G,kembang_kol:TaniMas,kembang_kol,Kembang Kol,Brassica oleracea var. botrytis,sayuran daun,TaniMas,,Benih Kembang Kol - TaniMas (5 g),"Benih Kembang Kol. Panen sekitar 60-80 hari, suhu ideal 10-25 C, pH 6.0-7.0, cocok hingga 2000 mdpl.",60,80,5.0,10.0,25.0,30.0,37.5,50.0,91.7,158.3,5.5,6.0,7.0,8.5,700,2000.0,lempung|liat berlempung|lempung berpasir,baik,6,lahan,4,1500,5,24000,0,3,jual,ulat kubis|busuk hitam,ecocrop,1
KEMBANG_KOL-TAN-10G,kembang_kol:TaniMas,kembang_kol,Kembang Kol,Brassica oleracea var. botrytis,sayuran daun,TaniMas,,Benih Kembang Kol - TaniMas (10 g),"Benih Kembang Kol. Panen sekitar 60-80 hari, suhu ideal 10-25 C, pH 6.0-7.0, cocok hingga 2000 mdpl.",60,80,5.0,10.0,25.0,30.0,37.5,50.0,91.7,158.3,5.5,6.0,7.0,8.5,700,2000.0,lempung|liat berlempung|lempung berpasir,baik,6,lahan,4,3000,10,40000,107,3,jual,ulat kubis|busuk hitam,ecocrop,1
KEMBANG_KOL-KEB-5G,kembang_kol:Kebun Lestari,kembang_kol,Kembang Kol,Brassica oleracea var. botrytis,sayuran daun,Kebun Lestari,,Benih Kembang Kol - Kebun Lestari (5 g),"Benih Kembang Kol. Panen sekitar 60-80 hari, suhu ideal 10-25 C, pH 6.0-7.0, cocok hingga 2000 mdpl.",60,80,5.0,10.0,25.0,30.0,37.5,50.0,91.7,158.3,5.5,6.0,7.0,8.5,700,2000.0,lempung|liat berlempung|lempung berpasir,baik,6,lahan,4,1500,5,22000,109,3,jual,ulat kubis|busuk hitam,ecocrop,1
KEMBANG_KOL-KEB-10G,kembang_kol:Kebun Lestari,kembang_kol,Kembang Kol,Brassica oleracea var. botrytis,sayuran daun,Kebun Lestari,,Benih Kembang Kol - Kebun Lestari (10 g),"Benih Kembang Kol. Panen sekitar 60-80 hari, suhu ideal 10-25 C, pH 6.0-7.0, cocok hingga 2000 mdpl.",60,80,5.0,10.0,25.0,30.0,37.5,50.0,91.7,158.3,5.5,6.0,7.0,8.5,700,2000.0,lempung|liat berlempung|lempung berpasir,baik,6,lahan,4,3000,10,41000,101,3,jual,ulat kubis|busuk hitam,ecocrop,1
BROKOLI-KEB-5G,brokoli:Kebun Lestari,brokoli,Brokoli,Brassica oleracea var. italica,sayuran daun,Kebun Lestari,,Benih Brokoli - Kebun Lestari (5 g),"Benih Brokoli. Panen sekitar 70-90 hari, suhu ideal 15-24 C, pH 6.0-6.8, cocok hingga 2000 mdpl.",70,90,3.0,15.0,24.0,35.0,29.2,75.0,125.0,166.7,5.5,6.0,6.8,8.5,700,2000.0,lempung|liat berlempung|lempung berpasir,baik,6,lahan|polybag,4,1500,5,27500,13,3,jual|konsumsi,ulat kubis|busuk hitam,ecocrop,1
BROKOLI-KEB-10G,brokoli:Kebun Lestari,brokoli,Brokoli,Brassica oleracea var. italica,sayuran daun,Kebun Lestari,,Benih Brokoli - Kebun Lestari (10 g),"Benih Brokoli. Panen sekitar 70-90 hari, suhu ideal 15-24 C, pH 6.0-6.8, cocok hingga 2000 mdpl.",70,90,3.0,15.0,24.0,35.0,29.2,75.0,125.0,166.7,5.5,6.0,6.8,8.5,700,2000.0,lempung|liat berlempung|lempung berpasir,baik,6,lahan|polybag,4,3000,10,45500,327,3,jual|konsumsi,ulat kubis|busuk hitam,ecocrop,1
BROKOLI-GRE-5G,brokoli:Greenfield Seeds,brokoli,Brokoli,Brassica oleracea var. italica,sayuran daun,Greenfield Seeds,,Benih Brokoli - Greenfield Seeds (5 g),"Benih Brokoli. Panen sekitar 70-90 hari, suhu ideal 15-24 C, pH 6.0-6.8, cocok hingga 2000 mdpl.",70,90,3.0,15.0,24.0,35.0,29.2,75.0,125.0,166.7,5.5,6.0,6.8,8.5,700,2000.0,lempung|liat berlempung|lempung berpasir,baik,6,lahan|polybag,4,1500,5,35500,0,3,jual|konsumsi,ulat kubis|busuk hitam,ecocrop,1
BROKOLI-GRE-10G,brokoli:Greenfield Seeds,brokoli,Brokoli,Brassica oleracea var. italica,sayuran daun,Greenfield Seeds,,Benih Brokoli - Greenfield Seeds (10 g),"Benih Brokoli. Panen sekitar 70-90 hari, suhu ideal 15-24 C, pH 6.0-6.8, cocok hingga 2000 mdpl.",70,90,3.0,15.0,24.0,35.0,29.2,75.0,125.0,166.7,5.5,6.0,6.8,8.5,700,2000.0,lempung|liat berlempung|lempung berpasir,baik,6,lahan|polybag,4,3000,10,64000,0,3,jual|konsumsi,ulat kubis|busuk hitam,ecocrop,1
BROKOLI-AGR-5G,brokoli:Agro Subur,brokoli,Brokoli,Brassica oleracea var. italica,sayuran daun,Agro Subur,,Benih Brokoli - Agro Subur (5 g),"Benih Brokoli. Panen sekitar 70-90 hari, suhu ideal 15-24 C, pH 6.0-6.8, cocok hingga 2000 mdpl.",70,90,3.0,15.0,24.0,35.0,29.2,75.0,125.0,166.7,5.5,6.0,6.8,8.5,700,2000.0,lempung|liat berlempung|lempung berpasir,baik,6,lahan|polybag,4,1500,5,25000,0,3,jual|konsumsi,ulat kubis|busuk hitam,ecocrop,1
BROKOLI-AGR-10G,brokoli:Agro Subur,brokoli,Brokoli,Brassica oleracea var. italica,sayuran daun,Agro Subur,,Benih Brokoli - Agro Subur (10 g),"Benih Brokoli. Panen sekitar 70-90 hari, suhu ideal 15-24 C, pH 6.0-6.8, cocok hingga 2000 mdpl.",70,90,3.0,15.0,24.0,35.0,29.2,75.0,125.0,166.7,5.5,6.0,6.8,8.5,700,2000.0,lempung|liat berlempung|lempung berpasir,baik,6,lahan|polybag,4,3000,10,44000,15,3,jual|konsumsi,ulat kubis|busuk hitam,ecocrop,1
WORTEL-AGR-10G,wortel:Agro Subur,wortel,Wortel,Daucus carota,sayuran umbi,Agro Subur,,Benih Wortel - Agro Subur (10 g),"Benih Wortel. Panen sekitar 75-100 hari, suhu ideal 15-24 C, pH 5.8-6.8, cocok hingga 2600 mdpl.",75,100,3.0,15.0,24.0,30.0,33.3,50.0,100.0,333.3,4.2,5.8,6.8,8.7,500,2600.0,lempung|liat berlempung|lempung berpasir,baik,6,lahan|pot,100,7000,10,14500,0,2,konsumsi|jual,nematoda|bercak daun,ecocrop,1
WORTEL-AGR-25G,wortel:Agro Subur,wortel,Wortel,Daucus carota,sayuran umbi,Agro Subur,,Benih Wortel - Agro Subur (25 g),"Benih Wortel. Panen sekitar 75-100 hari, suhu ideal 15-24 C, pH 5.8-6.8, cocok hingga 2600 mdpl.",75,100,3.0,15.0,24.0,30.0,33.3,50.0,100.0,333.3,4.2,5.8,6.8,8.7,500,2600.0,lempung|liat berlempung|lempung berpasir,baik,6,lahan|pot,100,17500,25,35000,218,2,konsumsi|jual,nematoda|bercak daun,ecocrop,1
WORTEL-KEB-10G,wortel:Kebun Lestari,wortel,Wortel,Daucus carota,sayuran umbi,Kebun Lestari,,Benih Wortel - Kebun Lestari (10 g),"Benih Wortel. Panen sekitar 75-100 hari, suhu ideal 15-24 C, pH 5.8-6.8, cocok hingga 2600 mdpl.",75,100,3.0,15.0,24.0,30.0,33.3,50.0,100.0,333.3,4.2,5.8,6.8,8.7,500,2600.0,lempung|liat berlempung|lempung berpasir,baik,6,lahan|pot,100,7000,10,17500,283,2,konsumsi|jual,nematoda|bercak daun,ecocrop,1
WORTEL-KEB-25G,wortel:Kebun Lestari,wortel,Wortel,Daucus carota,sayuran umbi,Kebun Lestari,,Benih Wortel - Kebun Lestari (25 g),"Benih Wortel. Panen sekitar 75-100 hari, suhu ideal 15-24 C, pH 5.8-6.8, cocok hingga 2600 mdpl.",75,100,3.0,15.0,24.0,30.0,33.3,50.0,100.0,333.3,4.2,5.8,6.8,8.7,500,2600.0,lempung|liat berlempung|lempung berpasir,baik,6,lahan|pot,100,17500,25,37000,366,2,konsumsi|jual,nematoda|bercak daun,ecocrop,1
WORTEL-BIB-25G,wortel:BibitKu,wortel,Wortel,Daucus carota,sayuran umbi,BibitKu,,Benih Wortel - BibitKu (25 g),"Benih Wortel. Panen sekitar 75-100 hari, suhu ideal 15-24 C, pH 5.8-6.8, cocok hingga 2600 mdpl.",75,100,3.0,15.0,24.0,30.0,33.3,50.0,100.0,333.3,4.2,5.8,6.8,8.7,500,2600.0,lempung|liat berlempung|lempung berpasir,baik,6,lahan|pot,100,17500,25,39000,223,2,konsumsi|jual,nematoda|bercak daun,ecocrop,1
WORTEL-BIB-50G,wortel:BibitKu,wortel,Wortel,Daucus carota,sayuran umbi,BibitKu,,Benih Wortel - BibitKu (50 g),"Benih Wortel. Panen sekitar 75-100 hari, suhu ideal 15-24 C, pH 5.8-6.8, cocok hingga 2600 mdpl.",75,100,3.0,15.0,24.0,30.0,33.3,50.0,100.0,333.3,4.2,5.8,6.8,8.7,500,2600.0,lempung|liat berlempung|lempung berpasir,baik,6,lahan|pot,100,35000,50,69500,300,2,konsumsi|jual,nematoda|bercak daun,ecocrop,1
LOBAK-AGR-10G,lobak:Agro Subur,lobak,Lobak,Raphanus sativus,sayuran umbi,Agro Subur,,Benih Lobak - Agro Subur (10 g),"Benih Lobak. Panen sekitar 45-60 hari, suhu ideal 12-26 C, pH 6.0-7.0, cocok hingga 1500 mdpl.",45,60,10.0,12.0,26.0,37.0,66.7,83.3,125.0,233.3,4.3,6.0,7.0,8.3,200,1500.0,lempung|liat berlempung|lempung berpasir|berpasir,baik,6,lahan|polybag|pot,40,1000,10,6000,217,1,konsumsi|jual,kutu daun|ulat daun,ecocrop,1
LOBAK-AGR-25G,lobak:Agro Subur,lobak,Lobak,Raphanus sativus,sayuran umbi,Agro Subur,,Benih Lobak - Agro Subur (25 g),"Benih Lobak. Panen sekitar 45-60 hari, suhu ideal 12-26 C, pH 6.0-7.0, cocok hingga 1500 mdpl.",45,60,10.0,12.0,26.0,37.0,66.7,83.3,125.0,233.3,4.3,6.0,7.0,8.3,200,1500.0,lempung|liat berlempung|lempung berpasir|berpasir,baik,6,lahan|polybag|pot,40,2500,25,13000,0,1,konsumsi|jual,kutu daun|ulat daun,ecocrop,1
LOBAK-KEB-10G,lobak:Kebun Lestari,lobak,Lobak,Raphanus sativus,sayuran umbi,Kebun Lestari,,Benih Lobak - Kebun Lestari (10 g),"Benih Lobak. Panen sekitar 45-60 hari, suhu ideal 12-26 C, pH 6.0-7.0, cocok hingga 1500 mdpl.",45,60,10.0,12.0,26.0,37.0,66.7,83.3,125.0,233.3,4.3,6.0,7.0,8.3,200,1500.0,lempung|liat berlempung|lempung berpasir|berpasir,baik,6,lahan|polybag|pot,40,1000,10,6500,305,1,konsumsi|jual,kutu daun|ulat daun,ecocrop,1
LOBAK-KEB-25G,lobak:Kebun Lestari,lobak,Lobak,Raphanus sativus,sayuran umbi,Kebun Lestari,,Benih Lobak - Kebun Lestari (25 g),"Benih Lobak. Panen sekitar 45-60 hari, suhu ideal 12-26 C, pH 6.0-7.0, cocok hingga 1500 mdpl.",45,60,10.0,12.0,26.0,37.0,66.7,83.3,125.0,233.3,4.3,6.0,7.0,8.3,200,1500.0,lempung|liat berlempung|lempung berpasir|berpasir,baik,6,lahan|polybag|pot,40,2500,25,16000,93,1,konsumsi|jual,kutu daun|ulat daun,ecocrop,1
LOBAK-GRE-10G,lobak:Greenfield Seeds,lobak,Lobak,Raphanus sativus,sayuran umbi,Greenfield Seeds,,Benih Lobak - Greenfield Seeds (10 g),"Benih Lobak. Panen sekitar 45-60 hari, suhu ideal 12-26 C, pH 6.0-7.0, cocok hingga 1500 mdpl.",45,60,10.0,12.0,26.0,37.0,66.7,83.3,125.0,233.3,4.3,6.0,7.0,8.3,200,1500.0,lempung|liat berlempung|lempung berpasir|berpasir,baik,6,lahan|polybag|pot,40,1000,10,8500,213,1,konsumsi|jual,kutu daun|ulat daun,ecocrop,1
LOBAK-GRE-50G,lobak:Greenfield Seeds,lobak,Lobak,Raphanus sativus,sayuran umbi,Greenfield Seeds,,Benih Lobak - Greenfield Seeds (50 g),"Benih Lobak. Panen sekitar 45-60 hari, suhu ideal 12-26 C, pH 6.0-7.0, cocok hingga 1500 mdpl.",45,60,10.0,12.0,26.0,37.0,66.7,83.3,125.0,233.3,4.3,6.0,7.0,8.3,200,1500.0,lempung|liat berlempung|lempung berpasir|berpasir,baik,6,lahan|polybag|pot,40,5000,50,39500,199,1,konsumsi|jual,kutu daun|ulat daun,ecocrop,1
LOBAK_MERAH-BIB-10G,lobak_merah:BibitKu,lobak_merah,Lobak Merah (Radish),Raphanus sativus var. radicula,sayuran umbi,BibitKu,,Benih Lobak Merah (Radish) - BibitKu (10 g),"Benih Lobak Merah (Radish). Panen sekitar 25-35 hari, suhu ideal 12-25 C, pH 6.0-7.0, cocok hingga 2000 mdpl.",25,35,3.0,12.0,25.0,30.0,41.7,66.7,83.3,233.3,5.2,6.0,7.0,8.3,0,2000.0,lempung|liat berlempung|lempung berpasir|berpasir,baik,6,lahan|polybag|pot,80,1200,10,8000,44,1,konsumsi|jual,kutu loncat,ecocrop,1
LOBAK_MERAH-BIB-25G,lobak_merah:BibitKu,lobak_merah,Lobak Merah (Radish),Raphanus sativus var. radicula,sayuran umbi,BibitKu,,Benih Lobak Merah (Radish) - BibitKu (25 g),"Benih Lobak Merah (Radish). Panen sekitar 25-35 hari, suhu ideal 12-25 C, pH 6.0-7.0, cocok hingga 2000 mdpl.",25,35,3.0,12.0,25.0,30.0,41.7,66.7,83.3,233.3,5.2,6.0,7.0,8.3,0,2000.0,lempung|liat berlempung|lempung berpasir|berpasir,baik,6,lahan|polybag|pot,80,3000,25,17500,111,1,konsumsi|jual,kutu loncat,ecocrop,1
LOBAK_MERAH-GRE-10G,lobak_merah:Greenfield Seeds,lobak_merah,Lobak Merah (Radish),Raphanus sativus var. radicula,sayuran umbi,Greenfield Seeds,,Benih Lobak Merah (Radish) - Greenfield Seeds (10 g),"Benih Lobak Merah (Radish). Panen sekitar 25-35 hari, suhu ideal 12-25 C, pH 6.0-7.0, cocok hingga 2000 mdpl.",25,35,3.0,12.0,25.0,30.0,41.7,66.7,83.3,233.3,5.2,6.0,7.0,8.3,0,2000.0,lempung|liat berlempung|lempung berpasir|berpasir,baik,6,lahan|polybag|pot,80,1200,10,14000,0,1,konsumsi|jual,kutu loncat,ecocrop,1
LOBAK_MERAH-GRE-25G,lobak_merah:Greenfield Seeds,lobak_merah,Lobak Merah (Radish),Raphanus sativus var. radicula,sayuran umbi,Greenfield Seeds,,Benih Lobak Merah (Radish) - Greenfield Seeds (25 g),"Benih Lobak Merah (Radish). Panen sekitar 25-35 hari, suhu ideal 12-25 C, pH 6.0-7.0, cocok hingga 2000 mdpl.",25,35,3.0,12.0,25.0,30.0,41.7,66.7,83.3,233.3,5.2,6.0,7.0,8.3,0,2000.0,lempung|liat berlempung|lempung berpasir|berpasir,baik,6,lahan|polybag|pot,80,3000,25,31500,321,1,konsumsi|jual,kutu loncat,ecocrop,1
LOBAK_MERAH-BEN-25G,lobak_merah:Benih Nusantara,lobak_merah,Lobak Merah (Radish),Raphanus sativus var. radicula,sayuran umbi,Benih Nusantara,,Benih Lobak Merah (Radish) - Benih Nusantara (25 g),"Benih Lobak Merah (Radish). Panen sekitar 25-35 hari, suhu ideal 12-25 C, pH 6.0-7.0, cocok hingga 2000 mdpl.",25,35,3.0,12.0,25.0,30.0,41.7,66.7,83.3,233.3,5.2,6.0,7.0,8.3,0,2000.0,lempung|liat berlempung|lempung berpasir|berpasir,baik,6,lahan|polybag|pot,80,3000,25,27500,362,1,konsumsi|jual,kutu loncat,ecocrop,1
LOBAK_MERAH-BEN-50G,lobak_merah:Benih Nusantara,lobak_merah,Lobak Merah (Radish),Raphanus sativus var. radicula,sayuran umbi,Benih Nusantara,,Benih Lobak Merah (Radish) - Benih Nusantara (50 g),"Benih Lobak Merah (Radish). Panen sekitar 25-35 hari, suhu ideal 12-25 C, pH 6.0-7.0, cocok hingga 2000 mdpl.",25,35,3.0,12.0,25.0,30.0,41.7,66.7,83.3,233.3,5.2,6.0,7.0,8.3,0,2000.0,lempung|liat berlempung|lempung berpasir|berpasir,baik,6,lahan|polybag|pot,80,6000,50,54500,123,1,konsumsi|jual,kutu loncat,ecocrop,1
BIT-GRE-10G,bit:Greenfield Seeds,bit,Bit,Beta vulgaris,sayuran umbi,Greenfield Seeds,,Benih Bit - Greenfield Seeds (10 g),"Benih Bit. Panen sekitar 55-70 hari, suhu ideal 15-25 C, pH 6.0-7.0, cocok hingga 1500 mdpl.",55,70,4.0,15.0,25.0,35.0,41.7,50.0,66.7,83.3,5.5,6.0,7.0,7.5,400,1500.0,liat|liat berlempung|lempung|lempung berpasir,baik,6,lahan|polybag|pot,40,600,10,25000,121,2,konsumsi|jual,bercak daun,ecocrop,1
BIT-GRE-25G,bit:Greenfield Seeds,bit,Bit,Beta vulgaris,sayuran umbi,Greenfield Seeds,,Benih Bit - Greenfield Seeds (25 g),"Benih Bit. Panen sekitar 55-70 hari, suhu ideal 15-25 C, pH 6.0-7.0, cocok hingga 1500 mdpl.",55,70,4.0,15.0,25.0,35.0,41.7,50.0,66.7,83.3,5.5,6.0,7.0,7.5,400,1500.0,liat|liat berlempung|lempung|lempung berpasir,baik,6,lahan|polybag|pot,40,1500,25,50500,90,2,konsumsi|jual,bercak daun,ecocrop,1
BIT-KEB-10G,bit:Kebun Lestari,bit,Bit,Beta vulgaris,sayuran umbi,Kebun Lestari,,Benih Bit - Kebun Lestari (10 g),"Benih Bit. Panen sekitar 55-70 hari, suhu ideal 15-25 C, pH 6.0-7.0, cocok hingga 1500 mdpl.",55,70,4.0,15.0,25.0,35.0,41.7,50.0,66.7,83.3,5.5,6.0,7.0,7.5,400,1500.0,liat|liat berlempung|lempung|lempung berpasir,baik,6,lahan|polybag|pot,40,600,10,17000,136,2,konsumsi|jual,bercak daun,ecocrop,1
BIT-KEB-25G,bit:Kebun Lestari,bit,Bit,Beta vulgaris,sayuran umbi,Kebun Lestari,,Benih Bit - Kebun Lestari (25 g),"Benih Bit. Panen sekitar 55-70 hari, suhu ideal 15-25 C, pH 6.0-7.0, cocok hingga 1500 mdpl.",55,70,4.0,15.0,25.0,35.0,41.7,50.0,66.7,83.3,5.5,6.0,7.0,7.5,400,1500.0,liat|liat berlempung|lempung|lempung berpasir,baik,6,lahan|polybag|pot,40,1500,25,41500,108,2,konsumsi|jual,bercak daun,ecocrop,1
BIT-BEN-10G,bit:Benih Nusantara,bit,Bit,Beta vulgaris,sayuran umbi,Benih Nusantara,,Benih Bit - Benih Nusantara (10 g),"Benih Bit. Panen sekitar 55-70 hari, suhu ideal 15-25 C, pH 6.0-7.0, cocok hingga 1500 mdpl.",55,70,4.0,15.0,25.0,35.0,41.7,50.0,66.7,83.3,5.5,6.0,7.0,7.5,400,1500.0,liat|liat berlempung|lempung|lempung berpasir,baik,6,lahan|polybag|pot,40,600,10,20000,397,2,konsumsi|jual,bercak daun,ecocrop,1
BIT-BEN-25G,bit:Benih Nusantara,bit,Bit,Beta vulgaris,sayuran umbi,Benih Nusantara,,Benih Bit - Benih Nusantara (25 g),"Benih Bit. Panen sekitar 55-70 hari, suhu ideal 15-25 C, pH 6.0-7.0, cocok hingga 1500 mdpl.",55,70,4.0,15.0,25.0,35.0,41.7,50.0,66.7,83.3,5.5,6.0,7.0,7.5,400,1500.0,liat|liat berlempung|lempung|lempung berpasir,baik,6,lahan|polybag|pot,40,1500,25,48500,175,2,konsumsi|jual,bercak daun,ecocrop,1
SWISS_CHARD-TAN-10G,swiss_chard:TaniMas,swiss_chard,Swiss Chard (Bayam Batang),Beta vulgaris var. cicla,sayuran daun,TaniMas,,Benih Swiss Chard (Bayam Batang) - TaniMas (10 g),"Benih Swiss Chard (Bayam Batang). Panen sekitar 50-65 hari, suhu ideal 15-25 C, pH 6.0-6.5, cocok hingga 1500 mdpl.",50,65,5.0,15.0,25.0,35.0,41.7,66.7,66.7,83.3,5.5,6.0,6.5,8.3,0,1500.0,lempung|liat berlempung|lempung berpasir,baik,6,lahan|polybag|pot,25,500,10,20500,166,2,konsumsi|jual,bercak daun|kutu daun,ecocrop,1
SWISS_CHARD-TAN-25G,swiss_chard:TaniMas,swiss_chard,Swiss Chard (Bayam Batang),Beta vulgaris var. cicla,sayuran daun,TaniMas,,Benih Swiss Chard (Bayam Batang) - TaniMas (25 g),"Benih Swiss Chard (Bayam Batang). Panen sekitar 50-65 hari, suhu ideal 15-25 C, pH 6.0-6.5, cocok hingga 1500 mdpl.",50,65,5.0,15.0,25.0,35.0,41.7,66.7,66.7,83.3,5.5,6.0,6.5,8.3,0,1500.0,lempung|liat berlempung|lempung berpasir,baik,6,lahan|polybag|pot,25,1250,25,46500,137,2,konsumsi|jual,bercak daun|kutu daun,ecocrop,1
SWISS_CHARD-KEB-10G,swiss_chard:Kebun Lestari,swiss_chard,Swiss Chard (Bayam Batang),Beta vulgaris var. cicla,sayuran daun,Kebun Lestari,,Benih Swiss Chard (Bayam Batang) - Kebun Lestari (10 g),"Benih Swiss Chard (Bayam Batang). Panen sekitar 50-65 hari, suhu ideal 15-25 C, pH 6.0-6.5, cocok hingga 1500 mdpl.",50,65,5.0,15.0,25.0,35.0,41.7,66.7,66.7,83.3,5.5,6.0,6.5,8.3,0,1500.0,lempung|liat berlempung|lempung berpasir,baik,6,lahan|polybag|pot,25,500,10,19000,238,2,konsumsi|jual,bercak daun|kutu daun,ecocrop,1
SWISS_CHARD-KEB-25G,swiss_chard:Kebun Lestari,swiss_chard,Swiss Chard (Bayam Batang),Beta vulgaris var. cicla,sayuran daun,Kebun Lestari,,Benih Swiss Chard (Bayam Batang) - Kebun Lestari (25 g),"Benih Swiss Chard (Bayam Batang). Panen sekitar 50-65 hari, suhu ideal 15-25 C, pH 6.0-6.5, cocok hingga 1500 mdpl.",50,65,5.0,15.0,25.0,35.0,41.7,66.7,66.7,83.3,5.5,6.0,6.5,8.3,0,1500.0,lempung|liat berlempung|lempung berpasir,baik,6,lahan|polybag|pot,25,1250,25,43500,11,2,konsumsi|jual,bercak daun|kutu daun,ecocrop,1
SWISS_CHARD-GRE-10G,swiss_chard:Greenfield Seeds,swiss_chard,Swiss Chard (Bayam Batang),Beta vulgaris var. cicla,sayuran daun,Greenfield Seeds,,Benih Swiss Chard (Bayam Batang) - Greenfield Seeds (10 g),"Benih Swiss Chard (Bayam Batang). Panen sekitar 50-65 hari, suhu ideal 15-25 C, pH 6.0-6.5, cocok hingga 1500 mdpl.",50,65,5.0,15.0,25.0,35.0,41.7,66.7,66.7,83.3,5.5,6.0,6.5,8.3,0,1500.0,lempung|liat berlempung|lempung berpasir,baik,6,lahan|polybag|pot,25,500,10,27000,130,2,konsumsi|jual,bercak daun|kutu daun,ecocrop,1
SWISS_CHARD-GRE-25G,swiss_chard:Greenfield Seeds,swiss_chard,Swiss Chard (Bayam Batang),Beta vulgaris var. cicla,sayuran daun,Greenfield Seeds,,Benih Swiss Chard (Bayam Batang) - Greenfield Seeds (25 g),"Benih Swiss Chard (Bayam Batang). Panen sekitar 50-65 hari, suhu ideal 15-25 C, pH 6.0-6.5, cocok hingga 1500 mdpl.",50,65,5.0,15.0,25.0,35.0,41.7,66.7,66.7,83.3,5.5,6.0,6.5,8.3,0,1500.0,lempung|liat berlempung|lempung berpasir,baik,6,lahan|polybag|pot,25,1250,25,59000,244,2,konsumsi|jual,bercak daun|kutu daun,ecocrop,1
BAWANG_MERAH-BEN-5G,bawang_merah:Benih Nusantara,bawang_merah,Bawang Merah (Biji TSS),Allium cepa var. aggregatum,sayuran umbi,Benih Nusantara,,Benih Bawang Merah (Biji TSS) - Benih Nusantara (5 g),"Benih Bawang Merah (Biji TSS). Panen sekitar 90-110 hari, suhu ideal 20-25 C, pH 6.0-7.0, cocok hingga 2500 mdpl.",90,110,10.0,20.0,25.0,30.0,25.0,37.5,50.0,83.3,5.5,6.0,7.0,7.5,0,2500.0,berpasir|lempung berpasir,baik,8,lahan,40,1500,5,8500,56,3,jual,trips|moler,ecocrop,1
BAWANG_MERAH-BEN-25G,bawang_merah:Benih Nusantara,bawang_merah,Bawang Merah (Biji TSS),Allium cepa var. aggregatum,sayuran umbi,Benih Nusantara,,Benih Bawang Merah (Biji TSS) - Benih Nusantara (25 g),"Benih Bawang Merah (Biji TSS). Panen sekitar 90-110 hari, suhu ideal 20-25 C, pH 6.0-7.0, cocok hingga 2500 mdpl.",90,110,10.0,20.0,25.0,30.0,25.0,37.5,50.0,83.3,5.5,6.0,7.0,7.5,0,2500.0,berpasir|lempung berpasir,baik,8,lahan,40,7500,25,41000,346,3,jual,trips|moler,ecocrop,1
BAWANG_MERAH-KEB-5G,bawang_merah:Kebun Lestari,bawang_merah,Bawang Merah (Biji TSS),Allium cepa var. aggregatum,sayuran umbi,Kebun Lestari,,Benih Bawang Merah (Biji TSS) - Kebun Lestari (5 g),"Benih Bawang Merah (Biji TSS). Panen sekitar 90-110 hari, suhu ideal 20-25 C, pH 6.0-7.0, cocok hingga 2500 mdpl.",90,110,10.0,20.0,25.0,30.0,25.0,37.5,50.0,83.3,5.5,6.0,7.0,7.5,0,2500.0,berpasir|lempung berpasir,baik,8,lahan,40,1500,5,7500,385,3,jual,trips|moler,ecocrop,1
BAWANG_MERAH-KEB-25G,bawang_merah:Kebun Lestari,bawang_merah,Bawang Merah (Biji TSS),Allium cepa var. aggregatum,sayuran umbi,Kebun Lestari,,Benih Bawang Merah (Biji TSS) - Kebun Lestari (25 g),"Benih Bawang Merah (Biji TSS). Panen sekitar 90-110 hari, suhu ideal 20-25 C, pH 6.0-7.0, cocok hingga 2500 mdpl.",90,110,10.0,20.0,25.0,30.0,25.0,37.5,50.0,83.3,5.5,6.0,7.0,7.5,0,2500.0,berpasir|lempung berpasir,baik,8,lahan,40,7500,25,32000,50,3,jual,trips|moler,ecocrop,1
BAWANG_MERAH-GRE-5G,bawang_merah:Greenfield Seeds,bawang_merah,Bawang Merah (Biji TSS),Allium cepa var. aggregatum,sayuran umbi,Greenfield Seeds,,Benih Bawang Merah (Biji TSS) - Greenfield Seeds (5 g),"Benih Bawang Merah (Biji TSS). Panen sekitar 90-110 hari, suhu ideal 20-25 C, pH 6.0-7.0, cocok hingga 2500 mdpl.",90,110,10.0,20.0,25.0,30.0,25.0,37.5,50.0,83.3,5.5,6.0,7.0,7.5,0,2500.0,berpasir|lempung berpasir,baik,8,lahan,40,1500,5,10000,23,3,jual,trips|moler,ecocrop,1
BAWANG_MERAH-GRE-10G,bawang_merah:Greenfield Seeds,bawang_merah,Bawang Merah (Biji TSS),Allium cepa var. aggregatum,sayuran umbi,Greenfield Seeds,,Benih Bawang Merah (Biji TSS) - Greenfield Seeds (10 g),"Benih Bawang Merah (Biji TSS). Panen sekitar 90-110 hari, suhu ideal 20-25 C, pH 6.0-7.0, cocok hingga 2500 mdpl.",90,110,10.0,20.0,25.0,30.0,25.0,37.5,50.0,83.3,5.5,6.0,7.0,7.5,0,2500.0,berpasir|lempung berpasir,baik,8,lahan,40,3000,10,18500,384,3,jual,trips|moler,ecocrop,1
BAWANG_BOMBAY-BIB-2G,bawang_bombay:BibitKu,bawang_bombay,Bawang Bombay (Biji),Allium cepa var. cepa,sayuran umbi,BibitKu,,Benih Bawang Bombay (Biji) - BibitKu (2 g),"Benih Bawang Bombay (Biji). Panen sekitar 110-140 hari, suhu ideal 12-25 C, pH 6.0-7.0, cocok hingga 3000 mdpl.",110,140,4.0,12.0,25.0,30.0,25.0,29.2,50.0,233.3,4.3,6.0,7.0,8.3,300,3000.0,lempung|liat berlempung|lempung berpasir,baik,8,lahan,80,500,2,6500,94,3,jual|konsumsi,trips|busuk leher,ecocrop,1
BAWANG_BOMBAY-BIB-5G,bawang_bombay:BibitKu,bawang_bombay,Bawang Bombay (Biji),Allium cepa var. cepa,sayuran umbi,BibitKu,,Benih Bawang Bombay (Biji) - BibitKu (5 g),"Benih Bawang Bombay (Biji). Panen sekitar 110-140 hari, suhu ideal 12-25 C, pH 6.0-7.0, cocok hingga 3000 mdpl.",110,140,4.0,12.0,25.0,30.0,25.0,29.2,50.0,233.3,4.3,6.0,7.0,8.3,300,3000.0,lempung|liat berlempung|lempung berpasir,baik,8,lahan,80,1250,5,15000,123,3,jual|konsumsi,trips|busuk leher,ecocrop,1
BAWANG_BOMBAY-TAN-2G,bawang_bombay:TaniMas,bawang_bombay,Bawang Bombay (Biji),Allium cepa var. cepa,sayuran umbi,TaniMas,,Benih Bawang Bombay (Biji) - TaniMas (2 g),"Benih Bawang Bombay (Biji). Panen sekitar 110-140 hari, suhu ideal 12-25 C, pH 6.0-7.0, cocok hingga 3000 mdpl.",110,140,4.0,12.0,25.0,30.0,25.0,29.2,50.0,233.3,4.3,6.0,7.0,8.3,300,3000.0,lempung|liat berlempung|lempung berpasir,baik,8,lahan,80,500,2,8000,175,3,jual|konsumsi,trips|busuk leher,ecocrop,1
BAWANG_BOMBAY-TAN-5G,bawang_bombay:TaniMas,bawang_bombay,Bawang Bombay (Biji),Allium cepa var. cepa,sayuran umbi,TaniMas,,Benih Bawang Bombay (Biji) - TaniMas (5 g),"Benih Bawang Bombay (Biji). Panen sekitar 110-140 hari, suhu ideal 12-25 C, pH 6.0-7.0, cocok hingga 3000 mdpl.",110,140,4.0,12.0,25.0,30.0,25.0,29.2,50.0,233.3,4.3,6.0,7.0,8.3,300,3000.0,lempung|liat berlempung|lempung berpasir,baik,8,lahan,80,1250,5,19000,243,3,jual|konsumsi,trips|busuk leher,ecocrop,1
BAWANG_BOMBAY-BEN-2G,bawang_bombay:Benih Nusantara,bawang_bombay,Bawang Bombay (Biji),Allium cepa var. cepa,sayuran umbi,Benih Nusantara,,Benih Bawang Bombay (Biji) - Benih Nusantara (2 g),"Benih Bawang Bombay (Biji). Panen sekitar 110-140 hari, suhu ideal 12-25 C, pH 6.0-7.0, cocok hingga 3000 mdpl.",110,140,4.0,12.0,25.0,30.0,25.0,29.2,50.0,233.3,4.3,6.0,7.0,8.3,300,3000.0,lempung|liat berlempung|lempung berpasir,baik,8,lahan,80,500,2,9500,116,3,jual|konsumsi,trips|busuk leher,ecocrop,1
BAWANG_BOMBAY-BEN-5G,bawang_bombay:Benih Nusantara,bawang_bombay,Bawang Bombay (Biji),Allium cepa var. cepa,sayuran umbi,Benih Nusantara,,Benih Bawang Bombay (Biji) - Benih Nusantara (5 g),"Benih Bawang Bombay (Biji). Panen sekitar 110-140 hari, suhu ideal 12-25 C, pH 6.0-7.0, cocok hingga 3000 mdpl.",110,140,4.0,12.0,25.0,30.0,25.0,29.2,50.0,233.3,4.3,6.0,7.0,8.3,300,3000.0,lempung|liat berlempung|lempung berpasir,baik,8,lahan,80,1250,5,21500,131,3,jual|konsumsi,trips|busuk leher,ecocrop,1
KEMANGI-AGR-2G,kemangi:Agro Subur,kemangi,Kemangi,Ocimum americanum,herbal & rempah,Agro Subur,,Benih Kemangi - Agro Subur (2 g),"Benih Kemangi. Panen sekitar 45-60 hari, suhu ideal 22-30 C, pH 6.0-7.0, cocok hingga 2000 mdpl.",45,60,10.0,22.0,30.0,35.0,41.7,58.3,166.7,250.0,5.0,6.0,7.0,8.0,0,2000.0,liat|liat berlempung|lempung|lempung berpasir|berpasir,baik,6,lahan|polybag|pot|hidroponik,20,1200,2,2500,152,1,konsumsi|jual,kutu daun|layu,ecocrop,1
KEMANGI-AGR-10G,kemangi:Agro Subur,kemangi,Kemangi,Ocimum americanum,herbal & rempah,Agro Subur,,Benih Kemangi - Agro Subur (10 g),"Benih Kemangi. Panen sekitar 45-60 hari, suhu ideal 22-30 C, pH 6.0-7.0, cocok hingga 2000 mdpl.",45,60,10.0,22.0,30.0,35.0,41.7,58.3,166.7,250.0,5.0,6.0,7.0,8.0,0,2000.0,liat|liat berlempung|lempung|lempung berpasir|berpasir,baik,6,lahan|polybag|pot|hidroponik,20,6000,10,12000,96,1,konsumsi|jual,kutu daun|layu,ecocrop,1
KEMANGI-BIB-2G,kemangi:BibitKu,kemangi,Kemangi,Ocimum americanum,herbal & rempah,BibitKu,,Benih Kemangi - BibitKu (2 g),"Benih Kemangi. Panen sekitar 45-60 hari, suhu ideal 22-30 C, pH 6.0-7.0, cocok hingga 2000 mdpl.",45,60,10.0,22.0,30.0,35.0,41.7,58.3,166.7,250.0,5.0,6.0,7.0,8.0,0,2000.0,liat|liat berlempung|lempung|lempung berpasir|berpasir,baik,6,lahan|polybag|pot|hidroponik,20,1200,2,2500,0,1,konsumsi|jual,kutu daun|layu,ecocrop,1
KEMANGI-BIB-5G,kemangi:BibitKu,kemangi,Kemangi,Ocimum americanum,herbal & rempah,BibitKu,,Benih Kemangi - BibitKu (5 g),"Benih Kemangi. Panen sekitar 45-60 hari, suhu ideal 22-30 C, pH 6.0-7.0, cocok hingga 2000 mdpl.",45,60,10.0,22.0,30.0,35.0,41.7,58.3,166.7,250.0,5.0,6.0,7.0,8.0,0,2000.0,liat|liat berlempung|lempung|lempung berpasir|berpasir,baik,6,lahan|polybag|pot|hidroponik,20,3000,5,5500,241,1,konsumsi|jual,kutu daun|layu,ecocrop,1
KEMANGI-TAN-2G,kemangi:TaniMas,kemangi,Kemangi,Ocimum americanum,herbal & rempah,TaniMas,,Benih Kemangi - TaniMas (2 g),"Benih Kemangi. Panen sekitar 45-60 hari, suhu ideal 22-30 C, pH 6.0-7.0, cocok hingga 2000 mdpl.",45,60,10.0,22.0,30.0,35.0,41.7,58.3,166.7,250.0,5.0,6.0,7.0,8.0,0,2000.0,liat|liat berlempung|lempung|lempung berpasir|berpasir,baik,6,lahan|polybag|pot|hidroponik,20,1200,2,3000,211,1,konsumsi|jual,kutu daun|layu,ecocrop,1
KEMANGI-TAN-10G,kemangi:TaniMas,kemangi,Kemangi,Ocimum americanum,herbal & rempah,TaniMas,,Benih Kemangi - TaniMas (10 g),"Benih Kemangi. Panen sekitar 45-60 hari, suhu ideal 22-30 C, pH 6.0-7.0, cocok hingga 2000 mdpl.",45,60,10.0,22.0,30.0,35.0,41.7,58.3,166.7,250.0,5.0,6.0,7.0,8.0,0,2000.0,liat|liat berlempung|lempung|lempung berpasir|berpasir,baik,6,lahan|polybag|pot|hidroponik,20,6000,10,14000,202,1,konsumsi|jual,kutu daun|layu,ecocrop,1
BASIL-AGR-2G,basil:Agro Subur,basil,Basil Italia,Ocimum basilicum,herbal & rempah,Agro Subur,,Benih Basil Italia - Agro Subur (2 g),"Benih Basil Italia. Panen sekitar 45-60 hari, suhu ideal 18-27 C, pH 6.0-7.0, cocok hingga 1500 mdpl.",45,60,7.0,18.0,27.0,36.0,50.0,83.3,133.3,358.3,4.3,6.0,7.0,8.2,0,1500.0,lempung|liat berlempung|lempung berpasir,baik,6,lahan|polybag|pot|hidroponik,20,1200,2,7000,100,2,konsumsi|jual,kutu daun|embun tepung,ecocrop,1
BASIL-AGR-5G,basil:Agro Subur,basil,Basil Italia,Ocimum basilicum,herbal & rempah,Agro Subur,,Benih Basil Italia - Agro Subur (5 g),"Benih Basil Italia. Panen sekitar 45-60 hari, suhu ideal 18-27 C, pH 6.0-7.0, cocok hingga 1500 mdpl.",45,60,7.0,18.0,27.0,36.0,50.0,83.3,133.3,358.3,4.3,6.0,7.0,8.2,0,1500.0,lempung|liat berlempung|lempung berpasir,baik,6,lahan|polybag|pot|hidroponik,20,3000,5,16000,161,2,konsumsi|jual,kutu daun|embun tepung,ecocrop,1
BASIL-GRE-2G,basil:Greenfield Seeds,basil,Basil Italia,Ocimum basilicum,herbal & rempah,Greenfield Seeds,,Benih Basil Italia - Greenfield Seeds (2 g),"Benih Basil Italia. Panen sekitar 45-60 hari, suhu ideal 18-27 C, pH 6.0-7.0, cocok hingga 1500 mdpl.",45,60,7.0,18.0,27.0,36.0,50.0,83.3,133.3,358.3,4.3,6.0,7.0,8.2,0,1500.0,lempung|liat berlempung|lempung berpasir,baik,6,lahan|polybag|pot|hidroponik,20,1200,2,10500,309,2,konsumsi|jual,kutu daun|embun tepung,ecocrop,1
BASIL-GRE-5G,basil:Greenfield Seeds,basil,Basil Italia,Ocimum basilicum,herbal & rempah,Greenfield Seeds,,Benih Basil Italia - Greenfield Seeds (5 g),"Benih Basil Italia. Panen sekitar 45-60 hari, suhu ideal 18-27 C, pH 6.0-7.0, cocok hingga 1500 mdpl.",45,60,7.0,18.0,27.0,36.0,50.0,83.3,133.3,358.3,4.3,6.0,7.0,8.2,0,1500.0,lempung|liat berlempung|lempung berpasir,baik,6,lahan|polybag|pot|hidroponik,20,3000,5,25000,385,2,konsumsi|jual,kutu daun|embun tepung,ecocrop,1
BASIL-BEN-1G,basil:Benih Nusantara,basil,Basil Italia,Ocimum basilicum,herbal & rempah,Benih Nusantara,,Benih Basil Italia - Benih Nusantara (1 g),"Benih Basil Italia. Panen sekitar 45-60 hari, suhu ideal 18-27 C, pH 6.0-7.0, cocok hingga 1500 mdpl.",45,60,7.0,18.0,27.0,36.0,50.0,83.3,133.3,358.3,4.3,6.0,7.0,8.2,0,1500.0,lempung|liat berlempung|lempung berpasir,baik,6,lahan|polybag|pot|hidroponik,20,600,1,4500,330,2,konsumsi|jual,kutu daun|embun tepung,ecocrop,1
BASIL-BEN-5G,basil:Benih Nusantara,basil,Basil Italia,Ocimum basilicum,herbal & rempah,Benih Nusantara,,Benih Basil Italia - Benih Nusantara (5 g),"Benih Basil Italia. Panen sekitar 45-60 hari, suhu ideal 18-27 C, pH 6.0-7.0, cocok hingga 1500 mdpl.",45,60,7.0,18.0,27.0,36.0,50.0,83.3,133.3,358.3,4.3,6.0,7.0,8.2,0,1500.0,lempung|liat berlempung|lempung berpasir,baik,6,lahan|polybag|pot|hidroponik,20,3000,5,21000,34,2,konsumsi|jual,kutu daun|embun tepung,ecocrop,1
BASIL_SUCI-BEN-2G,basil_suci:Benih Nusantara,basil_suci,Basil Suci (Tulsi),Ocimum tenuiflorum,herbal & rempah,Benih Nusantara,,Benih Basil Suci (Tulsi) - Benih Nusantara (2 g),"Benih Basil Suci (Tulsi). Panen sekitar 60-80 hari, suhu ideal 20-28 C, pH 6.0-7.5, cocok hingga 1000 mdpl.",60,80,15.0,20.0,28.0,35.0,58.3,83.3,250.0,633.3,5.0,6.0,7.5,9.0,0,1000.0,lempung|liat berlempung|lempung berpasir,baik,6,lahan|polybag|pot,20,1200,2,7000,0,2,konsumsi|hias,kutu daun,ecocrop,1
BASIL_SUCI-BEN-5G,basil_suci:Benih Nusantara,basil_suci,Basil Suci (Tulsi),Ocimum tenuiflorum,herbal & rempah,Benih Nusantara,,Benih Basil Suci (Tulsi) - Benih Nusantara (5 g),"Benih Basil Suci (Tulsi). Panen sekitar 60-80 hari, suhu ideal 20-28 C, pH 6.0-7.5, cocok hingga 1000 mdpl.",60,80,15.0,20.0,28.0,35.0,58.3,83.3,250.0,633.3,5.0,6.0,7.5,9.0,0,1000.0,lempung|liat berlempung|lempung berpasir,baik,6,lahan|polybag|pot,20,3000,5,15000,165,2,konsumsi|hias,kutu daun,ecocrop,1
BASIL_SUCI-KEB-2G,basil_suci:Kebun Lestari,basil_suci,Basil Suci (Tulsi),Ocimum tenuiflorum,herbal & rempah,Kebun Lestari,,Benih Basil Suci (Tulsi) - Kebun Lestari (2 g),"Benih Basil Suci (Tulsi). Panen sekitar 60-80 hari, suhu ideal 20-28 C, pH 6.0-7.5, cocok hingga 1000 mdpl.",60,80,15.0,20.0,28.0,35.0,58.3,83.3,250.0,633.3,5.0,6.0,7.5,9.0,0,1000.0,lempung|liat berlempung|lempung berpasir,baik,6,lahan|polybag|pot,20,1200,2,5500,124,2,konsumsi|hias,kutu daun,ecocrop,1
BASIL_SUCI-KEB-5G,basil_suci:Kebun Lestari,basil_suci,Basil Suci (Tulsi),Ocimum tenuiflorum,herbal & rempah,Kebun Lestari,,Benih Basil Suci (Tulsi) - Kebun Lestari (5 g),"Benih Basil Suci (Tulsi). Panen sekitar 60-80 hari, suhu ideal 20-28 C, pH 6.0-7.5, cocok hingga 1000 mdpl.",60,80,15.0,20.0,28.0,35.0,58.3,83.3,250.0,633.3,5.0,6.0,7.5,9.0,0,1000.0,lempung|liat berlempung|lempung berpasir,baik,6,lahan|polybag|pot,20,3000,5,13000,78,2,konsumsi|hias,kutu daun,ecocrop,1
BASIL_SUCI-BIB-2G,basil_suci:BibitKu,basil_suci,Basil Suci (Tulsi),Ocimum tenuiflorum,herbal & rempah,BibitKu,,Benih Basil Suci (Tulsi) - BibitKu (2 g),"Benih Basil Suci (Tulsi). Panen sekitar 60-80 hari, suhu ideal 20-28 C, pH 6.0-7.5, cocok hingga 1000 mdpl.",60,80,15.0,20.0,28.0,35.0,58.3,83.3,250.0,633.3,5.0,6.0,7.5,9.0,0,1000.0,lempung|liat berlempung|lempung berpasir,baik,6,lahan|polybag|pot,20,1200,2,4500,253,2,konsumsi|hias,kutu daun,ecocrop,1
BASIL_SUCI-BIB-5G,basil_suci:BibitKu,basil_suci,Basil Suci (Tulsi),Ocimum tenuiflorum,herbal & rempah,BibitKu,,Benih Basil Suci (Tulsi) - BibitKu (5 g),"Benih Basil Suci (Tulsi). Panen sekitar 60-80 hari, suhu ideal 20-28 C, pH 6.0-7.5, cocok hingga 1000 mdpl.",60,80,15.0,20.0,28.0,35.0,58.3,83.3,250.0,633.3,5.0,6.0,7.5,9.0,0,1000.0,lempung|liat berlempung|lempung berpasir,baik,6,lahan|polybag|pot,20,3000,5,10500,0,2,konsumsi|hias,kutu daun,ecocrop,1
SPEARMINT-BEN-1G,spearmint:Benih Nusantara,spearmint,Spearmint (Pudina),Mentha spicata var. crispa,herbal & rempah,Benih Nusantara,,Benih Spearmint (Pudina) - Benih Nusantara (1 g),"Benih Spearmint (Pudina). Panen sekitar 60-80 hari, suhu ideal 15-25 C, pH 5.5-6.5, cocok hingga 1000 mdpl.",60,80,4.0,15.0,25.0,36.0,50.0,75.0,100.0,183.3,4.5,5.5,6.5,8.3,400,1000.0,lempung|liat berlempung|lempung berpasir,baik,4,lahan|polybag|pot|hidroponik,15,5000,1,9000,350,2,konsumsi|jual,karat daun,ecocrop,1
SPEARMINT-BEN-2G,spearmint:Benih Nusantara,spearmint,Spearmint (Pudina),Mentha spicata var. crispa,herbal & rempah,Benih Nusantara,,Benih Spearmint (Pudina) - Benih Nusantara (2 g),"Benih Spearmint (Pudina). Panen sekitar 60-80 hari, suhu ideal 15-25 C, pH 5.5-6.5, cocok hingga 1000 mdpl.",60,80,4.0,15.0,25.0,36.0,50.0,75.0,100.0,183.3,4.5,5.5,6.5,8.3,400,1000.0,lempung|liat berlempung|lempung berpasir,baik,4,lahan|polybag|pot|hidroponik,15,10000,2,17500,145,2,konsumsi|jual,karat daun,ecocrop,1
SPEARMINT-BIB-1G,spearmint:BibitKu,spearmint,Spearmint (Pudina),Mentha spicata var. crispa,herbal & rempah,BibitKu,,Benih Spearmint (Pudina) - BibitKu (1 g),"Benih Spearmint (Pudina). Panen sekitar 60-80 hari, suhu ideal 15-25 C, pH 5.5-6.5, cocok hingga 1000 mdpl.",60,80,4.0,15.0,25.0,36.0,50.0,75.0,100.0,183.3,4.5,5.5,6.5,8.3,400,1000.0,lempung|liat berlempung|lempung berpasir,baik,4,lahan|polybag|pot|hidroponik,15,5000,1,7000,297,2,konsumsi|jual,karat daun,ecocrop,1
SPEARMINT-BIB-2G,spearmint:BibitKu,spearmint,Spearmint (Pudina),Mentha spicata var. crispa,herbal & rempah,BibitKu,,Benih Spearmint (Pudina) - BibitKu (2 g),"Benih Spearmint (Pudina). Panen sekitar 60-80 hari, suhu ideal 15-25 C, pH 5.5-6.5, cocok hingga 1000 mdpl.",60,80,4.0,15.0,25.0,36.0,50.0,75.0,100.0,183.3,4.5,5.5,6.5,8.3,400,1000.0,lempung|liat berlempung|lempung berpasir,baik,4,lahan|polybag|pot|hidroponik,15,10000,2,12500,306,2,konsumsi|jual,karat daun,ecocrop,1
SPEARMINT-KEB-1G,spearmint:Kebun Lestari,spearmint,Spearmint (Pudina),Mentha spicata var. crispa,herbal & rempah,Kebun Lestari,,Benih Spearmint (Pudina) - Kebun Lestari (1 g),"Benih Spearmint (Pudina). Panen sekitar 60-80 hari, suhu ideal 15-25 C, pH 5.5-6.5, cocok hingga 1000 mdpl.",60,80,4.0,15.0,25.0,36.0,50.0,75.0,100.0,183.3,4.5,5.5,6.5,8.3,400,1000.0,lempung|liat berlempung|lempung berpasir,baik,4,lahan|polybag|pot|hidroponik,15,5000,1,7500,385,2,konsumsi|jual,karat daun,ecocrop,1
SPEARMINT-KEB-2G,spearmint:Kebun Lestari,spearmint,Spearmint (Pudina),Mentha spicata var. crispa,herbal & rempah,Kebun Lestari,,Benih Spearmint (Pudina) - Kebun Lestari (2 g),"Benih Spearmint (Pudina). Panen sekitar 60-80 hari, suhu ideal 15-25 C, pH 5.5-6.5, cocok hingga 1000 mdpl.",60,80,4.0,15.0,25.0,36.0,50.0,75.0,100.0,183.3,4.5,5.5,6.5,8.3,400,1000.0,lempung|liat berlempung|lempung berpasir,baik,4,lahan|polybag|pot|hidroponik,15,10000,2,14000,10,2,konsumsi|jual,karat daun,ecocrop,1
PEPPERMINT-TAN-1G,peppermint:TaniMas,peppermint,Peppermint,Mentha piperita,herbal & rempah,TaniMas,,Benih Peppermint - TaniMas (1 g),"Benih Peppermint. Panen sekitar 60-80 hari, suhu ideal 15-25 C, pH 5.5-6.5, cocok hingga 1000 mdpl.",60,80,4.0,15.0,25.0,35.0,58.3,83.3,183.3,333.3,4.5,5.5,6.5,8.3,500,1000.0,lempung|liat berlempung|lempung berpasir,baik,4,lahan|polybag|pot|hidroponik,15,5000,1,8500,39,2,konsumsi|jual,karat daun,ecocrop,1
PEPPERMINT-TAN-2G,peppermint:TaniMas,peppermint,Peppermint,Mentha piperita,herbal & rempah,TaniMas,,Benih Peppermint - TaniMas (2 g),"Benih Peppermint. Panen sekitar 60-80 hari, suhu ideal 15-25 C, pH 5.5-6.5, cocok hingga 1000 mdpl.",60,80,4.0,15.0,25.0,35.0,58.3,83.3,183.3,333.3,4.5,5.5,6.5,8.3,500,1000.0,lempung|liat berlempung|lempung berpasir,baik,4,lahan|polybag|pot|hidroponik,15,10000,2,16500,323,2,konsumsi|jual,karat daun,ecocrop,1
PEPPERMINT-BIB-1G,peppermint:BibitKu,peppermint,Peppermint,Mentha piperita,herbal & rempah,BibitKu,,Benih Peppermint - BibitKu (1 g),"Benih Peppermint. Panen sekitar 60-80 hari, suhu ideal 15-25 C, pH 5.5-6.5, cocok hingga 1000 mdpl.",60,80,4.0,15.0,25.0,35.0,58.3,83.3,183.3,333.3,4.5,5.5,6.5,8.3,500,1000.0,lempung|liat berlempung|lempung berpasir,baik,4,lahan|polybag|pot|hidroponik,15,5000,1,7000,82,2,konsumsi|jual,karat daun,ecocrop,1
PEPPERMINT-BIB-2G,peppermint:BibitKu,peppermint,Peppermint,Mentha piperita,herbal & rempah,BibitKu,,Benih Peppermint - BibitKu (2 g),"Benih Peppermint. Panen sekitar 60-80 hari, suhu ideal 15-25 C, pH 5.5-6.5, cocok hingga 1000 mdpl.",60,80,4.0,15.0,25.0,35.0,58.3,83.3,183.3,333.3,4.5,5.5,6.5,8.3,500,1000.0,lempung|liat berlempung|lempung berpasir,baik,4,lahan|polybag|pot|hidroponik,15,10000,2,12500,339,2,konsumsi|jual,karat daun,ecocrop,1
PEPPERMINT-GRE-1G,peppermint:Greenfield Seeds,peppermint,Peppermint,Mentha piperita,herbal & rempah,Greenfield Seeds,,Benih Peppermint - Greenfield Seeds (1 g),"Benih Peppermint. Panen sekitar 60-80 hari, suhu ideal 15-25 C, pH 5.5-6.5, cocok hingga 1000 mdpl.",60,80,4.0,15.0,25.0,35.0,58.3,83.3,183.3,333.3,4.5,5.5,6.5,8.3,500,1000.0,lempung|liat berlempung|lempung berpasir,baik,4,lahan|polybag|pot|hidroponik,15,5000,1,11000,323,2,konsumsi|jual,karat daun,ecocrop,1
PEPPERMINT-GRE-2G,peppermint:Greenfield Seeds,peppermint,Peppermint,Mentha piperita,herbal & rempah,Greenfield Seeds,,Benih Peppermint - Greenfield Seeds (2 g),"Benih Peppermint. Panen sekitar 60-80 hari, suhu ideal 15-25 C, pH 5.5-6.5, cocok hingga 1000 mdpl.",60,80,4.0,15.0,25.0,35.0,58.3,83.3,183.3,333.3,4.5,5.5,6.5,8.3,500,1000.0,lempung|liat berlempung|lempung berpasir,baik,4,lahan|polybag|pot|hidroponik,15,10000,2,19500,163,2,konsumsi|jual,karat daun,ecocrop,1
TELANG-BIB-10G,telang:BibitKu,telang,Bunga Telang,Clitoria ternatea,herbal & rempah,BibitKu,,Benih Bunga Telang - BibitKu (10 g),"Benih Bunga Telang. Panen sekitar 60-90 hari, suhu ideal 19-28 C, pH 6.5-7.5, cocok hingga 1800 mdpl.",60,90,15.0,19.0,28.0,32.0,33.3,100.0,150.0,358.3,4.5,6.5,7.5,9.0,0,1800.0,lempung|liat berlempung|lempung berpasir,baik,6,lahan|polybag|pot|vertikultur,2,200,10,12500,0,1,konsumsi|jual|hias,kutu daun,ecocrop,1
TELANG-BIB-25G,telang:BibitKu,telang,Bunga Telang,Clitoria ternatea,herbal & rempah,BibitKu,,Benih Bunga Telang - BibitKu (25 g),"Benih Bunga Telang. Panen sekitar 60-90 hari, suhu ideal 19-28 C, pH 6.5-7.5, cocok hingga 1800 mdpl.",60,90,15.0,19.0,28.0,32.0,33.3,100.0,150.0,358.3,4.5,6.5,7.5,9.0,0,1800.0,lempung|liat berlempung|lempung berpasir,baik,6,lahan|polybag|pot|vertikultur,2,500,25,28500,248,1,konsumsi|jual|hias,kutu daun,ecocrop,1
TELANG-TAN-10G,telang:TaniMas,telang,Bunga Telang,Clitoria ternatea,herbal & rempah,TaniMas,,Benih Bunga Telang - TaniMas (10 g),"Benih Bunga Telang. Panen sekitar 60-90 hari, suhu ideal 19-28 C, pH 6.5-7.5, cocok hingga 1800 mdpl.",60,90,15.0,19.0,28.0,32.0,33.3,100.0,150.0,358.3,4.5,6.5,7.5,9.0,0,1800.0,lempung|liat berlempung|lempung berpasir,baik,6,lahan|polybag|pot|vertikultur,2,200,10,14500,99,1,konsumsi|jual|hias,kutu daun,ecocrop,1
TELANG-TAN-25G,telang:TaniMas,telang,Bunga Telang,Clitoria ternatea,herbal & rempah,TaniMas,,Benih Bunga Telang - TaniMas (25 g),"Benih Bunga Telang. Panen sekitar 60-90 hari, suhu ideal 19-28 C, pH 6.5-7.5, cocok hingga 1800 mdpl.",60,90,15.0,19.0,28.0,32.0,33.3,100.0,150.0,358.3,4.5,6.5,7.5,9.0,0,1800.0,lempung|liat berlempung|lempung berpasir,baik,6,lahan|polybag|pot|vertikultur,2,500,25,33000,128,1,konsumsi|jual|hias,kutu daun,ecocrop,1
TELANG-KEB-10G,telang:Kebun Lestari,telang,Bunga Telang,Clitoria ternatea,herbal & rempah,Kebun Lestari,,Benih Bunga Telang - Kebun Lestari (10 g),"Benih Bunga Telang. Panen sekitar 60-90 hari, suhu ideal 19-28 C, pH 6.5-7.5, cocok hingga 1800 mdpl.",60,90,15.0,19.0,28.0,32.0,33.3,100.0,150.0,358.3,4.5,6.5,7.5,9.0,0,1800.0,lempung|liat berlempung|lempung berpasir,baik,6,lahan|polybag|pot|vertikultur,2,200,10,14500,393,1,konsumsi|jual|hias,kutu daun,ecocrop,1
TELANG-KEB-25G,telang:Kebun Lestari,telang,Bunga Telang,Clitoria ternatea,herbal & rempah,Kebun Lestari,,Benih Bunga Telang - Kebun Lestari (25 g),"Benih Bunga Telang. Panen sekitar 60-90 hari, suhu ideal 19-28 C, pH 6.5-7.5, cocok hingga 1800 mdpl.",60,90,15.0,19.0,28.0,32.0,33.3,100.0,150.0,358.3,4.5,6.5,7.5,9.0,0,1800.0,lempung|liat berlempung|lempung berpasir,baik,6,lahan|polybag|pot|vertikultur,2,500,25,34500,144,1,konsumsi|jual|hias,kutu daun,ecocrop,1
STEVIA-BIB-1G,stevia:BibitKu,stevia,Stevia,Stevia rebaudiana,herbal & rempah,BibitKu,,Benih Stevia - BibitKu (1 g),"Benih Stevia. Panen sekitar 90-120 hari, suhu ideal 18-30 C, pH 5.0-6.5, cocok hingga 1500 mdpl.",90,120,15.0,18.0,30.0,43.0,41.7,83.3,116.7,150.0,4.0,5.0,6.5,7.5,0,1500.0,berpasir|lempung berpasir,baik,6,lahan|polybag|pot,6,3000,1,7500,361,3,jual|konsumsi,bercak daun,ecocrop,1
STEVIA-BIB-2G,stevia:BibitKu,stevia,Stevia,Stevia rebaudiana,herbal & rempah,BibitKu,,Benih Stevia - BibitKu (2 g),"Benih Stevia. Panen sekitar 90-120 hari, suhu ideal 18-30 C, pH 5.0-6.5, cocok hingga 1500 mdpl.",90,120,15.0,18.0,30.0,43.0,41.7,83.3,116.7,150.0,4.0,5.0,6.5,7.5,0,1500.0,berpasir|lempung berpasir,baik,6,lahan|polybag|pot,6,6000,2,13500,145,3,jual|konsumsi,bercak daun,ecocrop,1
STEVIA-TAN-1G,stevia:TaniMas,stevia,Stevia,Stevia rebaudiana,herbal & rempah,TaniMas,,Benih Stevia - TaniMas (1 g),"Benih Stevia. Panen sekitar 90-120 hari, suhu ideal 18-30 C, pH 5.0-6.5, cocok hingga 1500 mdpl.",90,120,15.0,18.0,30.0,43.0,41.7,83.3,116.7,150.0,4.0,5.0,6.5,7.5,0,1500.0,berpasir|lempung berpasir,baik,6,lahan|polybag|pot,6,3000,1,9000,121,3,jual|konsumsi,bercak daun,ecocrop,1
STEVIA-TAN-2G,stevia:TaniMas,stevia,Stevia,Stevia rebaudiana,herbal & rempah,TaniMas,,Benih Stevia - TaniMas (2 g),"Benih Stevia. Panen sekitar 90-120 hari, suhu ideal 18-30 C, pH 5.0-6.5, cocok hingga 1500 mdpl.",90,120,15.0,18.0,30.0,43.0,41.7,83.3,116.7,150.0,4.0,5.0,6.5,7.5,0,1500.0,berpasir|lempung berpasir,baik,6,lahan|polybag|pot,6,6000,2,15500,96,3,jual|konsumsi,bercak daun,ecocrop,1
STEVIA-AGR-1G,stevia:Agro Subur,stevia,Stevia,Stevia rebaudiana,herbal & rempah,Agro Subur,,Benih Stevia - Agro Subur (1 g),"Benih Stevia. Panen sekitar 90-120 hari, suhu ideal 18-30 C, pH 5.0-6.5, cocok hingga 1500 mdpl.",90,120,15.0,18.0,30.0,43.0,41.7,83.3,116.7,150.0,4.0,5.0,6.5,7.5,0,1500.0,berpasir|lempung berpasir,baik,6,lahan|polybag|pot,6,3000,1,7500,390,3,jual|konsumsi,bercak daun,ecocrop,1
STEVIA-AGR-2G,stevia:Agro Subur,stevia,Stevia,Stevia rebaudiana,herbal & rempah,Agro Subur,,Benih Stevia - Agro Subur (2 g),"Benih Stevia. Panen sekitar 90-120 hari, suhu ideal 18-30 C, pH 5.0-6.5, cocok hingga 1500 mdpl.",90,120,15.0,18.0,30.0,43.0,41.7,83.3,116.7,150.0,4.0,5.0,6.5,7.5,0,1500.0,berpasir|lempung berpasir,baik,6,lahan|polybag|pot,6,6000,2,13500,177,3,jual|konsumsi,bercak daun,ecocrop,1
ADAS-BEN-5G,adas:Benih Nusantara,adas,Adas,Foeniculum vulgare,herbal & rempah,Benih Nusantara,,Benih Adas - Benih Nusantara (5 g),"Benih Adas. Panen sekitar 90-120 hari, suhu ideal 15-25 C, pH 6.5-7.5, cocok hingga 2500 mdpl.",90,120,6.0,15.0,25.0,32.0,25.0,58.3,125.0,216.7,4.8,6.5,7.5,8.2,400,2500.0,lempung|liat berlempung|lempung berpasir,baik,6,lahan|polybag,20,1250,5,8500,364,2,konsumsi|jual,kutu daun,ecocrop,1
ADAS-BEN-25G,adas:Benih Nusantara,adas,Adas,Foeniculum vulgare,herbal & rempah,Benih Nusantara,,Benih Adas - Benih Nusantara (25 g),"Benih Adas. Panen sekitar 90-120 hari, suhu ideal 15-25 C, pH 6.5-7.5, cocok hingga 2500 mdpl.",90,120,6.0,15.0,25.0,32.0,25.0,58.3,125.0,216.7,4.8,6.5,7.5,8.2,400,2500.0,lempung|liat berlempung|lempung berpasir,baik,6,lahan|polybag,20,6250,25,42000,284,2,konsumsi|jual,kutu daun,ecocrop,1
ADAS-KEB-10G,adas:Kebun Lestari,adas,Adas,Foeniculum vulgare,herbal & rempah,Kebun Lestari,,Benih Adas - Kebun Lestari (10 g),"Benih Adas. Panen sekitar 90-120 hari, suhu ideal 15-25 C, pH 6.5-7.5, cocok hingga 2500 mdpl.",90,120,6.0,15.0,25.0,32.0,25.0,58.3,125.0,216.7,4.8,6.5,7.5,8.2,400,2500.0,lempung|liat berlempung|lempung berpasir,baik,6,lahan|polybag,20,2500,10,15000,23,2,konsumsi|jual,kutu daun,ecocrop,1
ADAS-KEB-25G,adas:Kebun Lestari,adas,Adas,Foeniculum vulgare,herbal & rempah,Kebun Lestari,,Benih Adas - Kebun Lestari (25 g),"Benih Adas. Panen sekitar 90-120 hari, suhu ideal 15-25 C, pH 6.5-7.5, cocok hingga 2500 mdpl.",90,120,6.0,15.0,25.0,32.0,25.0,58.3,125.0,216.7,4.8,6.5,7.5,8.2,400,2500.0,lempung|liat berlempung|lempung berpasir,baik,6,lahan|polybag,20,6250,25,32500,302,2,konsumsi|jual,kutu daun,ecocrop,1
ADAS-AGR-5G,adas:Agro Subur,adas,Adas,Foeniculum vulgare,herbal & rempah,Agro Subur,,Benih Adas - Agro Subur (5 g),"Benih Adas. Panen sekitar 90-120 hari, suhu ideal 15-25 C, pH 6.5-7.5, cocok hingga 2500 mdpl.",90,120,6.0,15.0,25.0,32.0,25.0,58.3,125.0,216.7,4.8,6.5,7.5,8.2,400,2500.0,lempung|liat berlempung|lempung berpasir,baik,6,lahan|polybag,20,1250,5,6500,299,2,konsumsi|jual,kutu daun,ecocrop,1
ADAS-AGR-10G,adas:Agro Subur,adas,Adas,Foeniculum vulgare,herbal & rempah,Agro Subur,,Benih Adas - Agro Subur (10 g),"Benih Adas. Panen sekitar 90-120 hari, suhu ideal 15-25 C, pH 6.5-7.5, cocok hingga 2500 mdpl.",90,120,6.0,15.0,25.0,32.0,25.0,58.3,125.0,216.7,4.8,6.5,7.5,8.2,400,2500.0,lempung|liat berlempung|lempung berpasir,baik,6,lahan|polybag,20,2500,10,12500,23,2,konsumsi|jual,kutu daun,ecocrop,1
KLABET-TAN-25G,klabet:TaniMas,klabet,Klabet (Fenugreek),Trigonella foenum-graecum,herbal & rempah,TaniMas,,Benih Klabet (Fenugreek) - TaniMas (25 g),"Benih Klabet (Fenugreek). Panen sekitar 60-90 hari, suhu ideal 13-27 C, pH 7.0-7.5, cocok hingga 1500 mdpl.",60,90,5.0,13.0,27.0,32.0,31.7,50.0,66.7,129.2,5.3,7.0,7.5,8.2,0,1500.0,lempung|liat berlempung|lempung berpasir|berpasir,baik,6,lahan|polybag|pot,60,1500,25,10500,0,1,konsumsi|jual,embun tepung,ecocrop,1
KLABET-TAN-50G,klabet:TaniMas,klabet,Klabet (Fenugreek),Trigonella foenum-graecum,herbal & rempah,TaniMas,,Benih Klabet (Fenugreek) - TaniMas (50 g),"Benih Klabet (Fenugreek). Panen sekitar 60-90 hari, suhu ideal 13-27 C, pH 7.0-7.5, cocok hingga 1500 mdpl.",60,90,5.0,13.0,27.0,32.0,31.7,50.0,66.7,129.2,5.3,7.0,7.5,8.2,0,1500.0,lempung|liat berlempung|lempung berpasir|berpasir,baik,6,lahan|polybag|pot,60,3000,50,17500,31,1,konsumsi|jual,embun tepung,ecocrop,1
KLABET-BIB-25G,klabet:BibitKu,klabet,Klabet (Fenugreek),Trigonella foenum-graecum,herbal & rempah,BibitKu,,Benih Klabet (Fenugreek) - BibitKu (25 g),"Benih Klabet (Fenugreek). Panen sekitar 60-90 hari, suhu ideal 13-27 C, pH 7.0-7.5, cocok hingga 1500 mdpl.",60,90,5.0,13.0,27.0,32.0,31.7,50.0,66.7,129.2,5.3,7.0,7.5,8.2,0,1500.0,lempung|liat berlempung|lempung berpasir|berpasir,baik,6,lahan|polybag|pot,60,1500,25,8500,312,1,konsumsi|jual,embun tepung,ecocrop,1
KLABET-BIB-100G,klabet:BibitKu,klabet,Klabet (Fenugreek),Trigonella foenum-graecum,herbal & rempah,BibitKu,,Benih Klabet (Fenugreek) - BibitKu (100 g),"Benih Klabet (Fenugreek). Panen sekitar 60-90 hari, suhu ideal 13-27 C, pH 7.0-7.5, cocok hingga 1500 mdpl.",60,90,5.0,13.0,27.0,32.0,31.7,50.0,66.7,129.2,5.3,7.0,7.5,8.2,0,1500.0,lempung|liat berlempung|lempung berpasir|berpasir,baik,6,lahan|polybag|pot,60,6000,100,30000,283,1,konsumsi|jual,embun tepung,ecocrop,1
KLABET-BEN-25G,klabet:Benih Nusantara,klabet,Klabet (Fenugreek),Trigonella foenum-graecum,herbal & rempah,Benih Nusantara,,Benih Klabet (Fenugreek) - Benih Nusantara (25 g),"Benih Klabet (Fenugreek). Panen sekitar 60-90 hari, suhu ideal 13-27 C, pH 7.0-7.5, cocok hingga 1500 mdpl.",60,90,5.0,13.0,27.0,32.0,31.7,50.0,66.7,129.2,5.3,7.0,7.5,8.2,0,1500.0,lempung|liat berlempung|lempung berpasir|berpasir,baik,6,lahan|polybag|pot,60,1500,25,12000,374,1,konsumsi|jual,embun tepung,ecocrop,1
KLABET-BEN-100G,klabet:Benih Nusantara,klabet,Klabet (Fenugreek),Trigonella foenum-graecum,herbal & rempah,Benih Nusantara,,Benih Klabet (Fenugreek) - Benih Nusantara (100 g),"Benih Klabet (Fenugreek). Panen sekitar 60-90 hari, suhu ideal 13-27 C, pH 7.0-7.5, cocok hingga 1500 mdpl.",60,90,5.0,13.0,27.0,32.0,31.7,50.0,66.7,129.2,5.3,7.0,7.5,8.2,0,1500.0,lempung|liat berlempung|lempung berpasir|berpasir,baik,6,lahan|polybag|pot,60,6000,100,44500,115,1,konsumsi|jual,embun tepung,ecocrop,1
WIJEN-BEN-50G,wijen:Benih Nusantara,wijen,Wijen,Sesamum indicum,kacang-kacangan,Benih Nusantara,,Benih Wijen - Benih Nusantara (50 g),"Benih Wijen. Panen sekitar 85-100 hari, suhu ideal 20-30 C, pH 5.5-7.5, cocok hingga 1500 mdpl.",85,100,10.0,20.0,30.0,40.0,25.0,41.7,83.3,125.0,4.5,5.5,7.5,8.0,0,1500.0,lempung|liat berlempung|lempung berpasir,baik,8,lahan|polybag,40,15000,50,12000,157,1,jual|konsumsi,ulat daun|layu,ecocrop,1
WIJEN-BEN-250G,wijen:Benih Nusantara,wijen,Wijen,Sesamum indicum,kacang-kacangan,Benih Nusantara,,Benih Wijen - Benih Nusantara (250 g),"Benih Wijen. Panen sekitar 85-100 hari, suhu ideal 20-30 C, pH 5.5-7.5, cocok hingga 1500 mdpl.",85,100,10.0,20.0,30.0,40.0,25.0,41.7,83.3,125.0,4.5,5.5,7.5,8.0,0,1500.0,lempung|liat berlempung|lempung berpasir,baik,8,lahan|polybag,40,75000,250,52500,397,1,jual|konsumsi,ulat daun|layu,ecocrop,1
WIJEN-TAN-50G,wijen:TaniMas,wijen,Wijen,Sesamum indicum,kacang-kacangan,TaniMas,,Benih Wijen - TaniMas (50 g),"Benih Wijen. Panen sekitar 85-100 hari, suhu ideal 20-30 C, pH 5.5-7.5, cocok hingga 1500 mdpl.",85,100,10.0,20.0,30.0,40.0,25.0,41.7,83.3,125.0,4.5,5.5,7.5,8.0,0,1500.0,lempung|liat berlempung|lempung berpasir,baik,8,lahan|polybag,40,15000,50,10000,143,1,jual|konsumsi,ulat daun|layu,ecocrop,1
WIJEN-TAN-250G,wijen:TaniMas,wijen,Wijen,Sesamum indicum,kacang-kacangan,TaniMas,,Benih Wijen - TaniMas (250 g),"Benih Wijen. Panen sekitar 85-100 hari, suhu ideal 20-30 C, pH 5.5-7.5, cocok hingga 1500 mdpl.",85,100,10.0,20.0,30.0,40.0,25.0,41.7,83.3,125.0,4.5,5.5,7.5,8.0,0,1500.0,lempung|liat berlempung|lempung berpasir,baik,8,lahan|polybag,40,75000,250,43000,154,1,jual|konsumsi,ulat daun|layu,ecocrop,1
WIJEN-GRE-50G,wijen:Greenfield Seeds,wijen,Wijen,Sesamum indicum,kacang-kacangan,Greenfield Seeds,,Benih Wijen - Greenfield Seeds (50 g),"Benih Wijen. Panen sekitar 85-100 hari, suhu ideal 20-30 C, pH 5.5-7.5, cocok hingga 1500 mdpl.",85,100,10.0,20.0,30.0,40.0,25.0,41.7,83.3,125.0,4.5,5.5,7.5,8.0,0,1500.0,lempung|liat berlempung|lempung berpasir,baik,8,lahan|polybag,40,15000,50,14000,318,1,jual|konsumsi,ulat daun|layu,ecocrop,1
WIJEN-GRE-100G,wijen:Greenfield Seeds,wijen,Wijen,Sesamum indicum,kacang-kacangan,Greenfield Seeds,,Benih Wijen - Greenfield Seeds (100 g),"Benih Wijen. Panen sekitar 85-100 hari, suhu ideal 20-30 C, pH 5.5-7.5, cocok hingga 1500 mdpl.",85,100,10.0,20.0,30.0,40.0,25.0,41.7,83.3,125.0,4.5,5.5,7.5,8.0,0,1500.0,lempung|liat berlempung|lempung berpasir,baik,8,lahan|polybag,40,30000,100,24000,326,1,jual|konsumsi,ulat daun|layu,ecocrop,1
ROSELA-BIB-10G,rosela:BibitKu,rosela,Rosela,Hibiscus sabdariffa,herbal & rempah,BibitKu,,Benih Rosela - BibitKu (10 g),"Benih Rosela. Panen sekitar 130-160 hari, suhu ideal 16-32 C, pH 5.5-7.5, cocok hingga 900 mdpl.",130,160,10.0,16.0,32.0,36.0,41.7,83.3,250.0,291.7,4.5,5.5,7.5,8.5,0,900.0,lempung|liat berlempung|lempung berpasir,baik,7,lahan|polybag,3,400,10,6000,60,1,jual|konsumsi,kutu putih|busuk batang,ecocrop,1
ROSELA-BIB-25G,rosela:BibitKu,rosela,Rosela,Hibiscus sabdariffa,herbal & rempah,BibitKu,,Benih Rosela - BibitKu (25 g),"Benih Rosela. Panen sekitar 130-160 hari, suhu ideal 16-32 C, pH 5.5-7.5, cocok hingga 900 mdpl.",130,160,10.0,16.0,32.0,36.0,41.7,83.3,250.0,291.7,4.5,5.5,7.5,8.5,0,900.0,lempung|liat berlempung|lempung berpasir,baik,7,lahan|polybag,3,1000,25,14500,285,1,jual|konsumsi,kutu putih|busuk batang,ecocrop,1
ROSELA-TAN-10G,rosela:TaniMas,rosela,Rosela,Hibiscus sabdariffa,herbal & rempah,TaniMas,,Benih Rosela - TaniMas (10 g),"Benih Rosela. Panen sekitar 130-160 hari, suhu ideal 16-32 C, pH 5.5-7.5, cocok hingga 900 mdpl.",130,160,10.0,16.0,32.0,36.0,41.7,83.3,250.0,291.7,4.5,5.5,7.5,8.5,0,900.0,lempung|liat berlempung|lempung berpasir,baik,7,lahan|polybag,3,400,10,8000,56,1,jual|konsumsi,kutu putih|busuk batang,ecocrop,1
ROSELA-TAN-25G,rosela:TaniMas,rosela,Rosela,Hibiscus sabdariffa,herbal & rempah,TaniMas,,Benih Rosela - TaniMas (25 g),"Benih Rosela. Panen sekitar 130-160 hari, suhu ideal 16-32 C, pH 5.5-7.5, cocok hingga 900 mdpl.",130,160,10.0,16.0,32.0,36.0,41.7,83.3,250.0,291.7,4.5,5.5,7.5,8.5,0,900.0,lempung|liat berlempung|lempung berpasir,baik,7,lahan|polybag,3,1000,25,18500,233,1,jual|konsumsi,kutu putih|busuk batang,ecocrop,1
ROSELA-KEB-10G,rosela:Kebun Lestari,rosela,Rosela,Hibiscus sabdariffa,herbal & rempah,Kebun Lestari,,Benih Rosela - Kebun Lestari (10 g),"Benih Rosela. Panen sekitar 130-160 hari, suhu ideal 16-32 C, pH 5.5-7.5, cocok hingga 900 mdpl.",130,160,10.0,16.0,32.0,36.0,41.7,83.3,250.0,291.7,4.5,5.5,7.5,8.5,0,900.0,lempung|liat berlempung|lempung berpasir,baik,7,lahan|polybag,3,400,10,7000,400,1,jual|konsumsi,kutu putih|busuk batang,ecocrop,1
ROSELA-KEB-25G,rosela:Kebun Lestari,rosela,Rosela,Hibiscus sabdariffa,herbal & rempah,Kebun Lestari,,Benih Rosela - Kebun Lestari (25 g),"Benih Rosela. Panen sekitar 130-160 hari, suhu ideal 16-32 C, pH 5.5-7.5, cocok hingga 900 mdpl.",130,160,10.0,16.0,32.0,36.0,41.7,83.3,250.0,291.7,4.5,5.5,7.5,8.5,0,900.0,lempung|liat berlempung|lempung berpasir,baik,7,lahan|polybag,3,1000,25,18000,188,1,jual|konsumsi,kutu putih|busuk batang,ecocrop,1
SAMBILOTO-KEB-5G,sambiloto:Kebun Lestari,sambiloto,Sambiloto,Andrographis paniculata,herbal & rempah,Kebun Lestari,,Benih Sambiloto - Kebun Lestari (5 g),"Benih Sambiloto. Panen sekitar 90-120 hari, suhu ideal 20-30 C, pH 5.8-7.0, cocok hingga 1600 mdpl.",90,120,14.0,20.0,30.0,38.0,125.0,166.7,250.0,333.3,4.8,5.8,7.0,8.0,0,1600.0,lempung|liat berlempung|lempung berpasir|berpasir,baik,6,lahan|polybag|pot,20,5000,5,5000,263,1,jual|konsumsi,bercak daun,ecocrop,1
SAMBILOTO-KEB-10G,sambiloto:Kebun Lestari,sambiloto,Sambiloto,Andrographis paniculata,herbal & rempah,Kebun Lestari,,Benih Sambiloto - Kebun Lestari (10 g),"Benih Sambiloto. Panen sekitar 90-120 hari, suhu ideal 20-30 C, pH 5.8-7.0, cocok hingga 1600 mdpl.",90,120,14.0,20.0,30.0,38.0,125.0,166.7,250.0,333.3,4.8,5.8,7.0,8.0,0,1600.0,lempung|liat berlempung|lempung berpasir|berpasir,baik,6,lahan|polybag|pot,20,10000,10,9000,273,1,jual|konsumsi,bercak daun,ecocrop,1
SAMBILOTO-TAN-5G,sambiloto:TaniMas,sambiloto,Sambiloto,Andrographis paniculata,herbal & rempah,TaniMas,,Benih Sambiloto - TaniMas (5 g),"Benih Sambiloto. Panen sekitar 90-120 hari, suhu ideal 20-30 C, pH 5.8-7.0, cocok hingga 1600 mdpl.",90,120,14.0,20.0,30.0,38.0,125.0,166.7,250.0,333.3,4.8,5.8,7.0,8.0,0,1600.0,lempung|liat berlempung|lempung berpasir|berpasir,baik,6,lahan|polybag|pot,20,5000,5,5000,155,1,jual|konsumsi,bercak daun,ecocrop,1
SAMBILOTO-TAN-10G,sambiloto:TaniMas,sambiloto,Sambiloto,Andrographis paniculata,herbal & rempah,TaniMas,,Benih Sambiloto - TaniMas (10 g),"Benih Sambiloto. Panen sekitar 90-120 hari, suhu ideal 20-30 C, pH 5.8-7.0, cocok hingga 1600 mdpl.",90,120,14.0,20.0,30.0,38.0,125.0,166.7,250.0,333.3,4.8,5.8,7.0,8.0,0,1600.0,lempung|liat berlempung|lempung berpasir|berpasir,baik,6,lahan|polybag|pot,20,10000,10,9500,128,1,jual|konsumsi,bercak daun,ecocrop,1
SAMBILOTO-BIB-5G,sambiloto:BibitKu,sambiloto,Sambiloto,Andrographis paniculata,herbal & rempah,BibitKu,,Benih Sambiloto - BibitKu (5 g),"Benih Sambiloto. Panen sekitar 90-120 hari, suhu ideal 20-30 C, pH 5.8-7.0, cocok hingga 1600 mdpl.",90,120,14.0,20.0,30.0,38.0,125.0,166.7,250.0,333.3,4.8,5.8,7.0,8.0,0,1600.0,lempung|liat berlempung|lempung berpasir|berpasir,baik,6,lahan|polybag|pot,20,5000,5,4000,335,1,jual|konsumsi,bercak daun,ecocrop,1
SAMBILOTO-BIB-10G,sambiloto:BibitKu,sambiloto,Sambiloto,Andrographis paniculata,herbal & rempah,BibitKu,,Benih Sambiloto - BibitKu (10 g),"Benih Sambiloto. Panen sekitar 90-120 hari, suhu ideal 20-30 C, pH 5.8-7.0, cocok hingga 1600 mdpl.",90,120,14.0,20.0,30.0,38.0,125.0,166.7,250.0,333.3,4.8,5.8,7.0,8.0,0,1600.0,lempung|liat berlempung|lempung berpasir|berpasir,baik,6,lahan|polybag|pot,20,10000,10,7500,366,1,jual|konsumsi,bercak daun,ecocrop,1
JINTAN_HITAM-GRE-10G,jintan_hitam:Greenfield Seeds,jintan_hitam,Jintan Hitam (Habbatussauda),Nigella sativa,herbal & rempah,Greenfield Seeds,,Benih Jintan Hitam (Habbatussauda) - Greenfield Seeds (10 g),"Benih Jintan Hitam (Habbatussauda). Panen sekitar 120-150 hari, suhu ideal 14-26 C, pH 6.5-7.3, cocok hingga 2500 mdpl.",120,150,5.0,14.0,26.0,30.0,33.3,50.0,66.7,83.3,6.0,6.5,7.3,8.0,300,2500.0,liat|liat berlempung|lempung|lempung berpasir|berpasir,baik,7,lahan|polybag|pot,100,3500,10,8000,212,2,jual|konsumsi,embun tepung,ecocrop,1
JINTAN_HITAM-GRE-25G,jintan_hitam:Greenfield Seeds,jintan_hitam,Jintan Hitam (Habbatussauda),Nigella sativa,herbal & rempah,Greenfield Seeds,,Benih Jintan Hitam (Habbatussauda) - Greenfield Seeds (25 g),"Benih Jintan Hitam (Habbatussauda). Panen sekitar 120-150 hari, suhu ideal 14-26 C, pH 6.5-7.3, cocok hingga 2500 mdpl.",120,150,5.0,14.0,26.0,30.0,33.3,50.0,66.7,83.3,6.0,6.5,7.3,8.0,300,2500.0,liat|liat berlempung|lempung|lempung berpasir|berpasir,baik,7,lahan|polybag|pot,100,8750,25,18500,226,2,jual|konsumsi,embun tepung,ecocrop,1
JINTAN_HITAM-TAN-10G,jintan_hitam:TaniMas,jintan_hitam,Jintan Hitam (Habbatussauda),Nigella sativa,herbal & rempah,TaniMas,,Benih Jintan Hitam (Habbatussauda) - TaniMas (10 g),"Benih Jintan Hitam (Habbatussauda). Panen sekitar 120-150 hari, suhu ideal 14-26 C, pH 6.5-7.3, cocok hingga 2500 mdpl.",120,150,5.0,14.0,26.0,30.0,33.3,50.0,66.7,83.3,6.0,6.5,7.3,8.0,300,2500.0,liat|liat berlempung|lempung|lempung berpasir|berpasir,baik,7,lahan|polybag|pot,100,3500,10,6500,0,2,jual|konsumsi,embun tepung,ecocrop,1
JINTAN_HITAM-TAN-25G,jintan_hitam:TaniMas,jintan_hitam,Jintan Hitam (Habbatussauda),Nigella sativa,herbal & rempah,TaniMas,,Benih Jintan Hitam (Habbatussauda) - TaniMas (25 g),"Benih Jintan Hitam (Habbatussauda). Panen sekitar 120-150 hari, suhu ideal 14-26 C, pH 6.5-7.3, cocok hingga 2500 mdpl.",120,150,5.0,14.0,26.0,30.0,33.3,50.0,66.7,83.3,6.0,6.5,7.3,8.0,300,2500.0,liat|liat berlempung|lempung|lempung berpasir|berpasir,baik,7,lahan|polybag|pot,100,8750,25,13000,289,2,jual|konsumsi,embun tepung,ecocrop,1
JINTAN_HITAM-AGR-10G,jintan_hitam:Agro Subur,jintan_hitam,Jintan Hitam (Habbatussauda),Nigella sativa,herbal & rempah,Agro Subur,,Benih Jintan Hitam (Habbatussauda) - Agro Subur (10 g),"Benih Jintan Hitam (Habbatussauda). Panen sekitar 120-150 hari, suhu ideal 14-26 C, pH 6.5-7.3, cocok hingga 2500 mdpl.",120,150,5.0,14.0,26.0,30.0,33.3,50.0,66.7,83.3,6.0,6.5,7.3,8.0,300,2500.0,liat|liat berlempung|lempung|lempung berpasir|berpasir,baik,7,lahan|polybag|pot,100,3500,10,5000,332,2,jual|konsumsi,embun tepung,ecocrop,1
JINTAN_HITAM-AGR-25G,jintan_hitam:Agro Subur,jintan_hitam,Jintan Hitam (Habbatussauda),Nigella sativa,herbal & rempah,Agro Subur,,Benih Jintan Hitam (Habbatussauda) - Agro Subur (25 g),"Benih Jintan Hitam (Habbatussauda). Panen sekitar 120-150 hari, suhu ideal 14-26 C, pH 6.5-7.3, cocok hingga 2500 mdpl.",120,150,5.0,14.0,26.0,30.0,33.3,50.0,66.7,83.3,6.0,6.5,7.3,8.0,300,2500.0,liat|liat berlempung|lempung|lempung berpasir|berpasir,baik,7,lahan|polybag|pot,100,8750,25,11000,282,2,jual|konsumsi,embun tepung,ecocrop,1
OREGANO-GRE-1G,oregano:Greenfield Seeds,oregano,Oregano,Origanum vulgare,herbal & rempah,Greenfield Seeds,,Benih Oregano - Greenfield Seeds (1 g),"Benih Oregano. Panen sekitar 90-120 hari, suhu ideal 17-28 C, pH 5.5-7.0, cocok hingga 1500 mdpl.",90,120,4.0,17.0,28.0,32.0,33.3,58.3,108.3,225.0,4.5,5.5,7.0,8.7,500,1500.0,berpasir|lempung berpasir,baik,6,lahan|polybag|pot,15,5000,1,13000,89,2,konsumsi|jual,busuk akar,ecocrop,1
OREGANO-GRE-2G,oregano:Greenfield Seeds,oregano,Oregano,Origanum vulgare,herbal & rempah,Greenfield Seeds,,Benih Oregano - Greenfield Seeds (2 g),"Benih Oregano. Panen sekitar 90-120 hari, suhu ideal 17-28 C, pH 5.5-7.0, cocok hingga 1500 mdpl.",90,120,4.0,17.0,28.0,32.0,33.3,58.3,108.3,225.0,4.5,5.5,7.0,8.7,500,1500.0,berpasir|lempung berpasir,baik,6,lahan|polybag|pot,15,10000,2,25000,293,2,konsumsi|jual,busuk akar,ecocrop,1
OREGANO-BIB-1G,oregano:BibitKu,oregano,Oregano,Origanum vulgare,herbal & rempah,BibitKu,,Benih Oregano - BibitKu (1 g),"Benih Oregano. Panen sekitar 90-120 hari, suhu ideal 17-28 C, pH 5.5-7.0, cocok hingga 1500 mdpl.",90,120,4.0,17.0,28.0,32.0,33.3,58.3,108.3,225.0,4.5,5.5,7.0,8.7,500,1500.0,berpasir|lempung berpasir,baik,6,lahan|polybag|pot,15,5000,1,8500,234,2,konsumsi|jual,busuk akar,ecocrop,1
OREGANO-BIB-2G,oregano:BibitKu,oregano,Oregano,Origanum vulgare,herbal & rempah,BibitKu,,Benih Oregano - BibitKu (2 g),"Benih Oregano. Panen sekitar 90-120 hari, suhu ideal 17-28 C, pH 5.5-7.0, cocok hingga 1500 mdpl.",90,120,4.0,17.0,28.0,32.0,33.3,58.3,108.3,225.0,4.5,5.5,7.0,8.7,500,1500.0,berpasir|lempung berpasir,baik,6,lahan|polybag|pot,15,10000,2,15000,128,2,konsumsi|jual,busuk akar,ecocrop,1
OREGANO-TAN-1G,oregano:TaniMas,oregano,Oregano,Origanum vulgare,herbal & rempah,TaniMas,,Benih Oregano - TaniMas (1 g),"Benih Oregano. Panen sekitar 90-120 hari, suhu ideal 17-28 C, pH 5.5-7.0, cocok hingga 1500 mdpl.",90,120,4.0,17.0,28.0,32.0,33.3,58.3,108.3,225.0,4.5,5.5,7.0,8.7,500,1500.0,berpasir|lempung berpasir,baik,6,lahan|polybag|pot,15,5000,1,9500,366,2,konsumsi|jual,busuk akar,ecocrop,1
OREGANO-TAN-2G,oregano:TaniMas,oregano,Oregano,Origanum vulgare,herbal & rempah,TaniMas,,Benih Oregano - TaniMas (2 g),"Benih Oregano. Panen sekitar 90-120 hari, suhu ideal 17-28 C, pH 5.5-7.0, cocok hingga 1500 mdpl.",90,120,4.0,17.0,28.0,32.0,33.3,58.3,108.3,225.0,4.5,5.5,7.0,8.7,500,1500.0,berpasir|lempung berpasir,baik,6,lahan|polybag|pot,15,10000,2,17500,164,2,konsumsi|jual,busuk akar,ecocrop,1
LAVENDER-BIB-1G,lavender:BibitKu,lavender,Lavender,Lavandula angustifolia,bunga hias,BibitKu,,Benih Lavender - BibitKu (1 g),"Benih Lavender. Panen sekitar 150-200 hari, suhu ideal 15-24 C, pH 6.5-7.5, cocok hingga 1500 mdpl.",150,200,7.0,15.0,24.0,28.0,25.0,41.7,83.3,108.3,5.8,6.5,7.5,8.3,800,1500.0,lempung|liat berlempung|lempung berpasir|berpasir,baik,7,lahan|polybag|pot,10,1000,1,10000,380,3,hias|jual,busuk akar|bercak daun,ecocrop,1
LAVENDER-BIB-2G,lavender:BibitKu,lavender,Lavender,Lavandula angustifolia,bunga hias,BibitKu,,Benih Lavender - BibitKu (2 g),"Benih Lavender. Panen sekitar 150-200 hari, suhu ideal 15-24 C, pH 6.5-7.5, cocok hingga 1500 mdpl.",150,200,7.0,15.0,24.0,28.0,25.0,41.7,83.3,108.3,5.8,6.5,7.5,8.3,800,1500.0,lempung|liat berlempung|lempung berpasir|berpasir,baik,7,lahan|polybag|pot,10,2000,2,17000,92,3,hias|jual,busuk akar|bercak daun,ecocrop,1
LAVENDER-GRE-1G,lavender:Greenfield Seeds,lavender,Lavender,Lavandula angustifolia,bunga hias,Greenfield Seeds,,Benih Lavender - Greenfield Seeds (1 g),"Benih Lavender. Panen sekitar 150-200 hari, suhu ideal 15-24 C, pH 6.5-7.5, cocok hingga 1500 mdpl.",150,200,7.0,15.0,24.0,28.0,25.0,41.7,83.3,108.3,5.8,6.5,7.5,8.3,800,1500.0,lempung|liat berlempung|lempung berpasir|berpasir,baik,7,lahan|polybag|pot,10,1000,1,15500,142,3,hias|jual,busuk akar|bercak daun,ecocrop,1
LAVENDER-GRE-2G,lavender:Greenfield Seeds,lavender,Lavender,Lavandula angustifolia,bunga hias,Greenfield Seeds,,Benih Lavender - Greenfield Seeds (2 g),"Benih Lavender. Panen sekitar 150-200 hari, suhu ideal 15-24 C, pH 6.5-7.5, cocok hingga 1500 mdpl.",150,200,7.0,15.0,24.0,28.0,25.0,41.7,83.3,108.3,5.8,6.5,7.5,8.3,800,1500.0,lempung|liat berlempung|lempung berpasir|berpasir,baik,7,lahan|polybag|pot,10,2000,2,30000,62,3,hias|jual,busuk akar|bercak daun,ecocrop,1
LAVENDER-BEN-1G,lavender:Benih Nusantara,lavender,Lavender,Lavandula angustifolia,bunga hias,Benih Nusantara,,Benih Lavender - Benih Nusantara (1 g),"Benih Lavender. Panen sekitar 150-200 hari, suhu ideal 15-24 C, pH 6.5-7.5, cocok hingga 1500 mdpl.",150,200,7.0,15.0,24.0,28.0,25.0,41.7,83.3,108.3,5.8,6.5,7.5,8.3,800,1500.0,lempung|liat berlempung|lempung berpasir|berpasir,baik,7,lahan|polybag|pot,10,1000,1,13500,110,3,hias|jual,busuk akar|bercak daun,ecocrop,1
LAVENDER-BEN-2G,lavender:Benih Nusantara,lavender,Lavender,Lavandula angustifolia,bunga hias,Benih Nusantara,,Benih Lavender - Benih Nusantara (2 g),"Benih Lavender. Panen sekitar 150-200 hari, suhu ideal 15-24 C, pH 6.5-7.5, cocok hingga 1500 mdpl.",150,200,7.0,15.0,24.0,28.0,25.0,41.7,83.3,108.3,5.8,6.5,7.5,8.3,800,1500.0,lempung|liat berlempung|lempung berpasir|berpasir,baik,7,lahan|polybag|pot,10,2000,2,25000,164,3,hias|jual,busuk akar|bercak daun,ecocrop,1
BUNGA_MATAHARI-BIB-10G,bunga_matahari:BibitKu,bunga_matahari,Bunga Matahari,Helianthus annuus,bunga hias,BibitKu,,Benih Bunga Matahari - BibitKu (10 g),"Benih Bunga Matahari. Panen sekitar 65-90 hari, suhu ideal 17-34 C, pH 6.0-7.5, cocok hingga 2600 mdpl.",65,90,5.0,17.0,34.0,45.0,25.0,50.0,83.3,133.3,5.5,6.0,7.5,8.0,0,2600.0,lempung|liat berlempung|lempung berpasir|berpasir,baik,8,lahan|polybag|pot,6,120,10,9500,153,1,hias|jual,karat daun|ulat,ecocrop,1
BUNGA_MATAHARI-BIB-25G,bunga_matahari:BibitKu,bunga_matahari,Bunga Matahari,Helianthus annuus,bunga hias,BibitKu,,Benih Bunga Matahari - BibitKu (25 g),"Benih Bunga Matahari. Panen sekitar 65-90 hari, suhu ideal 17-34 C, pH 6.0-7.5, cocok hingga 2600 mdpl.",65,90,5.0,17.0,34.0,45.0,25.0,50.0,83.3,133.3,5.5,6.0,7.5,8.0,0,2600.0,lempung|liat berlempung|lempung berpasir|berpasir,baik,8,lahan|polybag|pot,6,300,25,21000,27,1,hias|jual,karat daun|ulat,ecocrop,1
BUNGA_MATAHARI-AGR-10G,bunga_matahari:Agro Subur,bunga_matahari,Bunga Matahari,Helianthus annuus,bunga hias,Agro Subur,,Benih Bunga Matahari - Agro Subur (10 g),"Benih Bunga Matahari. Panen sekitar 65-90 hari, suhu ideal 17-34 C, pH 6.0-7.5, cocok hingga 2600 mdpl.",65,90,5.0,17.0,34.0,45.0,25.0,50.0,83.3,133.3,5.5,6.0,7.5,8.0,0,2600.0,lempung|liat berlempung|lempung berpasir|berpasir,baik,8,lahan|polybag|pot,6,120,10,11000,123,1,hias|jual,karat daun|ulat,ecocrop,1
BUNGA_MATAHARI-AGR-25G,bunga_matahari:Agro Subur,bunga_matahari,Bunga Matahari,Helianthus annuus,bunga hias,Agro Subur,,Benih Bunga Matahari - Agro Subur (25 g),"Benih Bunga Matahari. Panen sekitar 65-90 hari, suhu ideal 17-34 C, pH 6.0-7.5, cocok hingga 2600 mdpl.",65,90,5.0,17.0,34.0,45.0,25.0,50.0,83.3,133.3,5.5,6.0,7.5,8.0,0,2600.0,lempung|liat berlempung|lempung berpasir|berpasir,baik,8,lahan|polybag|pot,6,300,25,23500,247,1,hias|jual,karat daun|ulat,ecocrop,1
BUNGA_MATAHARI-KEB-10G,bunga_matahari:Kebun Lestari,bunga_matahari,Bunga Matahari,Helianthus annuus,bunga hias,Kebun Lestari,,Benih Bunga Matahari - Kebun Lestari (10 g),"Benih Bunga Matahari. Panen sekitar 65-90 hari, suhu ideal 17-34 C, pH 6.0-7.5, cocok hingga 2600 mdpl.",65,90,5.0,17.0,34.0,45.0,25.0,50.0,83.3,133.3,5.5,6.0,7.5,8.0,0,2600.0,lempung|liat berlempung|lempung berpasir|berpasir,baik,8,lahan|polybag|pot,6,120,10,11000,12,1,hias|jual,karat daun|ulat,ecocrop,1
BUNGA_MATAHARI-KEB-50G,bunga_matahari:Kebun Lestari,bunga_matahari,Bunga Matahari,Helianthus annuus,bunga hias,Kebun Lestari,,Benih Bunga Matahari - Kebun Lestari (50 g),"Benih Bunga Matahari. Panen sekitar 65-90 hari, suhu ideal 17-34 C, pH 6.0-7.5, cocok hingga 2600 mdpl.",65,90,5.0,17.0,34.0,45.0,25.0,50.0,83.3,133.3,5.5,6.0,7.5,8.0,0,2600.0,lempung|liat berlempung|lempung berpasir|berpasir,baik,8,lahan|polybag|pot,6,600,50,53500,230,1,hias|jual,karat daun|ulat,ecocrop,1
JENGGER_AYAM-BIB-2G,jengger_ayam:BibitKu,jengger_ayam,Jengger Ayam (Celosia),Celosia argentea,bunga hias,BibitKu,,Benih Jengger Ayam (Celosia) - BibitKu (2 g),"Benih Jengger Ayam (Celosia). Panen sekitar 60-80 hari, suhu ideal 25-30 C, pH 6.0-6.5, cocok hingga 1500 mdpl.",60,80,20.0,25.0,30.0,40.0,83.3,125.0,208.3,250.0,5.5,6.0,6.5,7.5,0,1500.0,liat|liat berlempung|lempung|lempung berpasir|berpasir,baik,7,lahan|polybag|pot,20,2000,2,5000,242,1,hias|jual,kutu daun,ecocrop,1
JENGGER_AYAM-BIB-10G,jengger_ayam:BibitKu,jengger_ayam,Jengger Ayam (Celosia),Celosia argentea,bunga hias,BibitKu,,Benih Jengger Ayam (Celosia) - BibitKu (10 g),"Benih Jengger Ayam (Celosia). Panen sekitar 60-80 hari, suhu ideal 25-30 C, pH 6.0-6.5, cocok hingga 1500 mdpl.",60,80,20.0,25.0,30.0,40.0,83.3,125.0,208.3,250.0,5.5,6.0,6.5,7.5,0,1500.0,liat|liat berlempung|lempung|lempung berpasir|berpasir,baik,7,lahan|polybag|pot,20,10000,10,21500,368,1,hias|jual,kutu daun,ecocrop,1
JENGGER_AYAM-GRE-2G,jengger_ayam:Greenfield Seeds,jengger_ayam,Jengger Ayam (Celosia),Celosia argentea,bunga hias,Greenfield Seeds,,Benih Jengger Ayam (Celosia) - Greenfield Seeds (2 g),"Benih Jengger Ayam (Celosia). Panen sekitar 60-80 hari, suhu ideal 25-30 C, pH 6.0-6.5, cocok hingga 1500 mdpl.",60,80,20.0,25.0,30.0,40.0,83.3,125.0,208.3,250.0,5.5,6.0,6.5,7.5,0,1500.0,liat|liat berlempung|lempung|lempung berpasir|berpasir,baik,7,lahan|polybag|pot,20,2000,2,7500,374,1,hias|jual,kutu daun,ecocrop,1
JENGGER_AYAM-GRE-5G,jengger_ayam:Greenfield Seeds,jengger_ayam,Jengger Ayam (Celosia),Celosia argentea,bunga hias,Greenfield Seeds,,Benih Jengger Ayam (Celosia) - Greenfield Seeds (5 g),"Benih Jengger Ayam (Celosia). Panen sekitar 60-80 hari, suhu ideal 25-30 C, pH 6.0-6.5, cocok hingga 1500 mdpl.",60,80,20.0,25.0,30.0,40.0,83.3,125.0,208.3,250.0,5.5,6.0,6.5,7.5,0,1500.0,liat|liat berlempung|lempung|lempung berpasir|berpasir,baik,7,lahan|polybag|pot,20,5000,5,18000,226,1,hias|jual,kutu daun,ecocrop,1
JENGGER_AYAM-KEB-5G,jengger_ayam:Kebun Lestari,jengger_ayam,Jengger Ayam (Celosia),Celosia argentea,bunga hias,Kebun Lestari,,Benih Jengger Ayam (Celosia) - Kebun Lestari (5 g),"Benih Jengger Ayam (Celosia). Panen sekitar 60-80 hari, suhu ideal 25-30 C, pH 6.0-6.5, cocok hingga 1500 mdpl.",60,80,20.0,25.0,30.0,40.0,83.3,125.0,208.3,250.0,5.5,6.0,6.5,7.5,0,1500.0,liat|liat berlempung|lempung|lempung berpasir|berpasir,baik,7,lahan|polybag|pot,20,5000,5,13500,275,1,hias|jual,kutu daun,ecocrop,1
JENGGER_AYAM-KEB-10G,jengger_ayam:Kebun Lestari,jengger_ayam,Jengger Ayam (Celosia),Celosia argentea,bunga hias,Kebun Lestari,,Benih Jengger Ayam (Celosia) - Kebun Lestari (10 g),"Benih Jengger Ayam (Celosia). Panen sekitar 60-80 hari, suhu ideal 25-30 C, pH 6.0-6.5, cocok hingga 1500 mdpl.",60,80,20.0,25.0,30.0,40.0,83.3,125.0,208.3,250.0,5.5,6.0,6.5,7.5,0,1500.0,liat|liat berlempung|lempung|lempung berpasir|berpasir,baik,7,lahan|polybag|pot,20,10000,10,26500,103,1,hias|jual,kutu daun,ecocrop,1
TAPAK_DARA-BIB-2G,tapak_dara:BibitKu,tapak_dara,Tapak Dara,Catharanthus roseus,bunga hias,BibitKu,,Benih Tapak Dara - BibitKu (2 g),"Benih Tapak Dara. Panen sekitar 90-120 hari, suhu ideal 20-30 C, pH 6.0-7.0, cocok hingga 1500 mdpl.",90,120,10.0,20.0,30.0,34.0,66.7,83.3,100.0,116.7,5.5,6.0,7.0,7.5,0,1500.0,lempung|liat berlempung|lempung berpasir,baik,6,lahan|polybag|pot,15,1600,2,6500,64,1,hias,busuk akar,ecocrop,1
TAPAK_DARA-BIB-5G,tapak_dara:BibitKu,tapak_dara,Tapak Dara,Catharanthus roseus,bunga hias,BibitKu,,Benih Tapak Dara - BibitKu (5 g),"Benih Tapak Dara. Panen sekitar 90-120 hari, suhu ideal 20-30 C, pH 6.0-7.0, cocok hingga 1500 mdpl.",90,120,10.0,20.0,30.0,34.0,66.7,83.3,100.0,116.7,5.5,6.0,7.0,7.5,0,1500.0,lempung|liat berlempung|lempung berpasir,baik,6,lahan|polybag|pot,15,4000,5,14000,92,1,hias,busuk akar,ecocrop,1
TAPAK_DARA-AGR-2G,tapak_dara:Agro Subur,tapak_dara,Tapak Dara,Catharanthus roseus,bunga hias,Agro Subur,,Benih Tapak Dara - Agro Subur (2 g),"Benih Tapak Dara. Panen sekitar 90-120 hari, suhu ideal 20-30 C, pH 6.0-7.0, cocok hingga 1500 mdpl.",90,120,10.0,20.0,30.0,34.0,66.7,83.3,100.0,116.7,5.5,6.0,7.0,7.5,0,1500.0,lempung|liat berlempung|lempung berpasir,baik,6,lahan|polybag|pot,15,1600,2,7000,112,1,hias,busuk akar,ecocrop,1
TAPAK_DARA-AGR-5G,tapak_dara:Agro Subur,tapak_dara,Tapak Dara,Catharanthus roseus,bunga hias,Agro Subur,,Benih Tapak Dara - Agro Subur (5 g),"Benih Tapak Dara. Panen sekitar 90-120 hari, suhu ideal 20-30 C, pH 6.0-7.0, cocok hingga 1500 mdpl.",90,120,10.0,20.0,30.0,34.0,66.7,83.3,100.0,116.7,5.5,6.0,7.0,7.5,0,1500.0,lempung|liat berlempung|lempung berpasir,baik,6,lahan|polybag|pot,15,4000,5,15500,304,1,hias,busuk akar,ecocrop,1
TAPAK_DARA-TAN-2G,tapak_dara:TaniMas,tapak_dara,Tapak Dara,Catharanthus roseus,bunga hias,TaniMas,,Benih Tapak Dara - TaniMas (2 g),"Benih Tapak Dara. Panen sekitar 90-120 hari, suhu ideal 20-30 C, pH 6.0-7.0, cocok hingga 1500 mdpl.",90,120,10.0,20.0,30.0,34.0,66.7,83.3,100.0,116.7,5.5,6.0,7.0,7.5,0,1500.0,lempung|liat berlempung|lempung berpasir,baik,6,lahan|polybag|pot,15,1600,2,8000,253,1,hias,busuk akar,ecocrop,1
TAPAK_DARA-TAN-5G,tapak_dara:TaniMas,tapak_dara,Tapak Dara,Catharanthus roseus,bunga hias,TaniMas,,Benih Tapak Dara - TaniMas (5 g),"Benih Tapak Dara. Panen sekitar 90-120 hari, suhu ideal 20-30 C, pH 6.0-7.0, cocok hingga 1500 mdpl.",90,120,10.0,20.0,30.0,34.0,66.7,83.3,100.0,116.7,5.5,6.0,7.0,7.5,0,1500.0,lempung|liat berlempung|lempung berpasir,baik,6,lahan|polybag|pot,15,4000,5,18500,199,1,hias,busuk akar,ecocrop,1
CALENDULA-GRE-5G,calendula:Greenfield Seeds,calendula,Calendula (Kenikir Inggris),Calendula officinalis,bunga hias,Greenfield Seeds,,Benih Calendula (Kenikir Inggris) - Greenfield Seeds (5 g),"Benih Calendula (Kenikir Inggris). Panen sekitar 60-80 hari, suhu ideal 16-26 C, pH 5.5-7.0, cocok hingga 1500 mdpl.",60,80,8.0,16.0,26.0,30.0,25.0,41.7,66.7,208.3,4.5,5.5,7.0,8.3,300,1500.0,lempung|liat berlempung|lempung berpasir|berpasir,baik,6,lahan|polybag|pot,12,600,5,24000,360,1,hias|jual,embun tepung,ecocrop,1
CALENDULA-GRE-10G,calendula:Greenfield Seeds,calendula,Calendula (Kenikir Inggris),Calendula officinalis,bunga hias,Greenfield Seeds,,Benih Calendula (Kenikir Inggris) - Greenfield Seeds (10 g),"Benih Calendula (Kenikir Inggris). Panen sekitar 60-80 hari, suhu ideal 16-26 C, pH 5.5-7.0, cocok hingga 1500 mdpl.",60,80,8.0,16.0,26.0,30.0,25.0,41.7,66.7,208.3,4.5,5.5,7.0,8.3,300,1500.0,lempung|liat berlempung|lempung berpasir|berpasir,baik,6,lahan|polybag|pot,12,1200,10,40000,72,1,hias|jual,embun tepung,ecocrop,1
CALENDULA-AGR-5G,calendula:Agro Subur,calendula,Calendula (Kenikir Inggris),Calendula officinalis,bunga hias,Agro Subur,,Benih Calendula (Kenikir Inggris) - Agro Subur (5 g),"Benih Calendula (Kenikir Inggris). Panen sekitar 60-80 hari, suhu ideal 16-26 C, pH 5.5-7.0, cocok hingga 1500 mdpl.",60,80,8.0,16.0,26.0,30.0,25.0,41.7,66.7,208.3,4.5,5.5,7.0,8.3,300,1500.0,lempung|liat berlempung|lempung berpasir|berpasir,baik,6,lahan|polybag|pot,12,600,5,15500,336,1,hias|jual,embun tepung,ecocrop,1
CALENDULA-AGR-10G,calendula:Agro Subur,calendula,Calendula (Kenikir Inggris),Calendula officinalis,bunga hias,Agro Subur,,Benih Calendula (Kenikir Inggris) - Agro Subur (10 g),"Benih Calendula (Kenikir Inggris). Panen sekitar 60-80 hari, suhu ideal 16-26 C, pH 5.5-7.0, cocok hingga 1500 mdpl.",60,80,8.0,16.0,26.0,30.0,25.0,41.7,66.7,208.3,4.5,5.5,7.0,8.3,300,1500.0,lempung|liat berlempung|lempung berpasir|berpasir,baik,6,lahan|polybag|pot,12,1200,10,25500,214,1,hias|jual,embun tepung,ecocrop,1
CALENDULA-KEB-5G,calendula:Kebun Lestari,calendula,Calendula (Kenikir Inggris),Calendula officinalis,bunga hias,Kebun Lestari,,Benih Calendula (Kenikir Inggris) - Kebun Lestari (5 g),"Benih Calendula (Kenikir Inggris). Panen sekitar 60-80 hari, suhu ideal 16-26 C, pH 5.5-7.0, cocok hingga 1500 mdpl.",60,80,8.0,16.0,26.0,30.0,25.0,41.7,66.7,208.3,4.5,5.5,7.0,8.3,300,1500.0,lempung|liat berlempung|lempung berpasir|berpasir,baik,6,lahan|polybag|pot,12,600,5,16000,225,1,hias|jual,embun tepung,ecocrop,1
CALENDULA-KEB-10G,calendula:Kebun Lestari,calendula,Calendula (Kenikir Inggris),Calendula officinalis,bunga hias,Kebun Lestari,,Benih Calendula (Kenikir Inggris) - Kebun Lestari (10 g),"Benih Calendula (Kenikir Inggris). Panen sekitar 60-80 hari, suhu ideal 16-26 C, pH 5.5-7.0, cocok hingga 1500 mdpl.",60,80,8.0,16.0,26.0,30.0,25.0,41.7,66.7,208.3,4.5,5.5,7.0,8.3,300,1500.0,lempung|liat berlempung|lempung berpasir|berpasir,baik,6,lahan|polybag|pot,12,1200,10,31000,307,1,hias|jual,embun tepung,ecocrop,1
MARIGOLD-AGR-10G,marigold:Agro Subur,marigold,Marigold (Tahi Ayam),,bunga hias,Agro Subur,,Benih Marigold (Tahi Ayam) - Agro Subur (10 g),"Benih Marigold (Tahi Ayam). Panen sekitar 50-65 hari, suhu ideal 18-28 C, pH 6.0-7.0, cocok hingga 1800 mdpl.",50,65,10,18,28,35,33.3,50.0,125.0,208.3,5.0,6.0,7.0,8.0,0,1800.0,lempung|lempung berpasir,baik,6,lahan|polybag|pot,12,3000,10,16500,122,1,hias|jual,kutu daun,manual_estimate,1
MARIGOLD-AGR-25G,marigold:Agro Subur,marigold,Marigold (Tahi Ayam),,bunga hias,Agro Subur,,Benih Marigold (Tahi Ayam) - Agro Subur (25 g),"Benih Marigold (Tahi Ayam). Panen sekitar 50-65 hari, suhu ideal 18-28 C, pH 6.0-7.0, cocok hingga 1800 mdpl.",50,65,10,18,28,35,33.3,50.0,125.0,208.3,5.0,6.0,7.0,8.0,0,1800.0,lempung|lempung berpasir,baik,6,lahan|polybag|pot,12,7500,25,37000,246,1,hias|jual,kutu daun,manual_estimate,1
MARIGOLD-TAN-5G,marigold:TaniMas,marigold,Marigold (Tahi Ayam),,bunga hias,TaniMas,,Benih Marigold (Tahi Ayam) - TaniMas (5 g),"Benih Marigold (Tahi Ayam). Panen sekitar 50-65 hari, suhu ideal 18-28 C, pH 6.0-7.0, cocok hingga 1800 mdpl.",50,65,10,18,28,35,33.3,50.0,125.0,208.3,5.0,6.0,7.0,8.0,0,1800.0,lempung|lempung berpasir,baik,6,lahan|polybag|pot,12,1500,5,8500,334,1,hias|jual,kutu daun,manual_estimate,1
MARIGOLD-TAN-25G,marigold:TaniMas,marigold,Marigold (Tahi Ayam),,bunga hias,TaniMas,,Benih Marigold (Tahi Ayam) - TaniMas (25 g),"Benih Marigold (Tahi Ayam). Panen sekitar 50-65 hari, suhu ideal 18-28 C, pH 6.0-7.0, cocok hingga 1800 mdpl.",50,65,10,18,28,35,33.3,50.0,125.0,208.3,5.0,6.0,7.0,8.0,0,1800.0,lempung|lempung berpasir,baik,6,lahan|polybag|pot,12,7500,25,39500,379,1,hias|jual,kutu daun,manual_estimate,1
MARIGOLD-BEN-5G,marigold:Benih Nusantara,marigold,Marigold (Tahi Ayam),,bunga hias,Benih Nusantara,,Benih Marigold (Tahi Ayam) - Benih Nusantara (5 g),"Benih Marigold (Tahi Ayam). Panen sekitar 50-65 hari, suhu ideal 18-28 C, pH 6.0-7.0, cocok hingga 1800 mdpl.",50,65,10,18,28,35,33.3,50.0,125.0,208.3,5.0,6.0,7.0,8.0,0,1800.0,lempung|lempung berpasir,baik,6,lahan|polybag|pot,12,1500,5,10500,221,1,hias|jual,kutu daun,manual_estimate,1
MARIGOLD-BEN-25G,marigold:Benih Nusantara,marigold,Marigold (Tahi Ayam),,bunga hias,Benih Nusantara,,Benih Marigold (Tahi Ayam) - Benih Nusantara (25 g),"Benih Marigold (Tahi Ayam). Panen sekitar 50-65 hari, suhu ideal 18-28 C, pH 6.0-7.0, cocok hingga 1800 mdpl.",50,65,10,18,28,35,33.3,50.0,125.0,208.3,5.0,6.0,7.0,8.0,0,1800.0,lempung|lempung berpasir,baik,6,lahan|polybag|pot,12,7500,25,47000,290,1,hias|jual,kutu daun,manual_estimate,1
ZINNIA-BIB-5G,zinnia:BibitKu,zinnia,Zinnia,,bunga hias,BibitKu,,Benih Zinnia - BibitKu (5 g),"Benih Zinnia. Panen sekitar 55-70 hari, suhu ideal 18-30 C, pH 6.0-7.0, cocok hingga 1800 mdpl.",55,70,10,18,30,36,33.3,50.0,125.0,208.3,5.5,6.0,7.0,7.8,0,1800.0,lempung|lempung berpasir,baik,7,lahan|polybag|pot,12,650,5,10000,146,1,hias|jual,embun tepung,manual_estimate,1
ZINNIA-BIB-10G,zinnia:BibitKu,zinnia,Zinnia,,bunga hias,BibitKu,,Benih Zinnia - BibitKu (10 g),"Benih Zinnia. Panen sekitar 55-70 hari, suhu ideal 18-30 C, pH 6.0-7.0, cocok hingga 1800 mdpl.",55,70,10,18,30,36,33.3,50.0,125.0,208.3,5.5,6.0,7.0,7.8,0,1800.0,lempung|lempung berpasir,baik,7,lahan|polybag|pot,12,1300,10,18500,228,1,hias|jual,embun tepung,manual_estimate,1
ZINNIA-BEN-5G,zinnia:Benih Nusantara,zinnia,Zinnia,,bunga hias,Benih Nusantara,,Benih Zinnia - Benih Nusantara (5 g),"Benih Zinnia. Panen sekitar 55-70 hari, suhu ideal 18-30 C, pH 6.0-7.0, cocok hingga 1800 mdpl.",55,70,10,18,30,36,33.3,50.0,125.0,208.3,5.5,6.0,7.0,7.8,0,1800.0,lempung|lempung berpasir,baik,7,lahan|polybag|pot,12,650,5,15000,379,1,hias|jual,embun tepung,manual_estimate,1
ZINNIA-BEN-10G,zinnia:Benih Nusantara,zinnia,Zinnia,,bunga hias,Benih Nusantara,,Benih Zinnia - Benih Nusantara (10 g),"Benih Zinnia. Panen sekitar 55-70 hari, suhu ideal 18-30 C, pH 6.0-7.0, cocok hingga 1800 mdpl.",55,70,10,18,30,36,33.3,50.0,125.0,208.3,5.5,6.0,7.0,7.8,0,1800.0,lempung|lempung berpasir,baik,7,lahan|polybag|pot,12,1300,10,27500,345,1,hias|jual,embun tepung,manual_estimate,1
ZINNIA-KEB-5G,zinnia:Kebun Lestari,zinnia,Zinnia,,bunga hias,Kebun Lestari,,Benih Zinnia - Kebun Lestari (5 g),"Benih Zinnia. Panen sekitar 55-70 hari, suhu ideal 18-30 C, pH 6.0-7.0, cocok hingga 1800 mdpl.",55,70,10,18,30,36,33.3,50.0,125.0,208.3,5.5,6.0,7.0,7.8,0,1800.0,lempung|lempung berpasir,baik,7,lahan|polybag|pot,12,650,5,11500,229,1,hias|jual,embun tepung,manual_estimate,1
ZINNIA-KEB-10G,zinnia:Kebun Lestari,zinnia,Zinnia,,bunga hias,Kebun Lestari,,Benih Zinnia - Kebun Lestari (10 g),"Benih Zinnia. Panen sekitar 55-70 hari, suhu ideal 18-30 C, pH 6.0-7.0, cocok hingga 1800 mdpl.",55,70,10,18,30,36,33.3,50.0,125.0,208.3,5.5,6.0,7.0,7.8,0,1800.0,lempung|lempung berpasir,baik,7,lahan|polybag|pot,12,1300,10,22000,195,1,hias|jual,embun tepung,manual_estimate,1
KOSMOS-BEN-5G,kosmos:Benih Nusantara,kosmos,Kosmos,,bunga hias,Benih Nusantara,,Benih Kosmos - Benih Nusantara (5 g),"Benih Kosmos. Panen sekitar 60-80 hari, suhu ideal 15-27 C, pH 6.0-7.5, cocok hingga 2000 mdpl.",60,80,8,15,27,33,33.3,50.0,125.0,208.3,5.5,6.0,7.5,8.0,300,2000.0,lempung|lempung berpasir,baik,6,lahan|polybag|pot,10,1100,5,12000,81,1,hias|jual,kutu daun,manual_estimate,1
KOSMOS-BEN-25G,kosmos:Benih Nusantara,kosmos,Kosmos,,bunga hias,Benih Nusantara,,Benih Kosmos - Benih Nusantara (25 g),"Benih Kosmos. Panen sekitar 60-80 hari, suhu ideal 15-27 C, pH 6.0-7.5, cocok hingga 2000 mdpl.",60,80,8,15,27,33,33.3,50.0,125.0,208.3,5.5,6.0,7.5,8.0,300,2000.0,lempung|lempung berpasir,baik,6,lahan|polybag|pot,10,5500,25,52500,308,1,hias|jual,kutu daun,manual_estimate,1
KOSMOS-AGR-5G,kosmos:Agro Subur,kosmos,Kosmos,,bunga hias,Agro Subur,,Benih Kosmos - Agro Subur (5 g),"Benih Kosmos. Panen sekitar 60-80 hari, suhu ideal 15-27 C, pH 6.0-7.5, cocok hingga 2000 mdpl.",60,80,8,15,27,33,33.3,50.0,125.0,208.3,5.5,6.0,7.5,8.0,300,2000.0,lempung|lempung berpasir,baik,6,lahan|polybag|pot,10,1100,5,8500,160,1,hias|jual,kutu daun,manual_estimate,1
KOSMOS-AGR-25G,kosmos:Agro Subur,kosmos,Kosmos,,bunga hias,Agro Subur,,Benih Kosmos - Agro Subur (25 g),"Benih Kosmos. Panen sekitar 60-80 hari, suhu ideal 15-27 C, pH 6.0-7.5, cocok hingga 2000 mdpl.",60,80,8,15,27,33,33.3,50.0,125.0,208.3,5.5,6.0,7.5,8.0,300,2000.0,lempung|lempung berpasir,baik,6,lahan|polybag|pot,10,5500,25,37500,83,1,hias|jual,kutu daun,manual_estimate,1
KOSMOS-KEB-5G,kosmos:Kebun Lestari,kosmos,Kosmos,,bunga hias,Kebun Lestari,,Benih Kosmos - Kebun Lestari (5 g),"Benih Kosmos. Panen sekitar 60-80 hari, suhu ideal 15-27 C, pH 6.0-7.5, cocok hingga 2000 mdpl.",60,80,8,15,27,33,33.3,50.0,125.0,208.3,5.5,6.0,7.5,8.0,300,2000.0,lempung|lempung berpasir,baik,6,lahan|polybag|pot,10,1100,5,10000,88,1,hias|jual,kutu daun,manual_estimate,1
KOSMOS-KEB-25G,kosmos:Kebun Lestari,kosmos,Kosmos,,bunga hias,Kebun Lestari,,Benih Kosmos - Kebun Lestari (25 g),"Benih Kosmos. Panen sekitar 60-80 hari, suhu ideal 15-27 C, pH 6.0-7.5, cocok hingga 2000 mdpl.",60,80,8,15,27,33,33.3,50.0,125.0,208.3,5.5,6.0,7.5,8.0,300,2000.0,lempung|lempung berpasir,baik,6,lahan|polybag|pot,10,5500,25,42000,283,1,hias|jual,kutu daun,manual_estimate,1
PACAR_AIR-BEN-5G,pacar_air:Benih Nusantara,pacar_air,Pacar Air (Balsam),,bunga hias,Benih Nusantara,,Benih Pacar Air (Balsam) - Benih Nusantara (5 g),"Benih Pacar Air (Balsam). Panen sekitar 60-75 hari, suhu ideal 20-30 C, pH 6.0-7.0, cocok hingga 1500 mdpl.",60,75,12,20,30,35,41.7,66.7,150.0,250.0,5.5,6.0,7.0,7.5,0,1500.0,lempung|lempung berpasir,baik,5,lahan|polybag|pot,15,1000,5,15000,335,1,hias|jual,embun tepung,manual_estimate,1
PACAR_AIR-BEN-10G,pacar_air:Benih Nusantara,pacar_air,Pacar Air (Balsam),,bunga hias,Benih Nusantara,,Benih Pacar Air (Balsam) - Benih Nusantara (10 g),"Benih Pacar Air (Balsam). Panen sekitar 60-75 hari, suhu ideal 20-30 C, pH 6.0-7.0, cocok hingga 1500 mdpl.",60,75,12,20,30,35,41.7,66.7,150.0,250.0,5.5,6.0,7.0,7.5,0,1500.0,lempung|lempung berpasir,baik,5,lahan|polybag|pot,15,2000,10,27500,364,1,hias|jual,embun tepung,manual_estimate,1
PACAR_AIR-GRE-5G,pacar_air:Greenfield Seeds,pacar_air,Pacar Air (Balsam),,bunga hias,Greenfield Seeds,,Benih Pacar Air (Balsam) - Greenfield Seeds (5 g),"Benih Pacar Air (Balsam). Panen sekitar 60-75 hari, suhu ideal 20-30 C, pH 6.0-7.0, cocok hingga 1500 mdpl.",60,75,12,20,30,35,41.7,66.7,150.0,250.0,5.5,6.0,7.0,7.5,0,1500.0,lempung|lempung berpasir,baik,5,lahan|polybag|pot,15,1000,5,16000,234,1,hias|jual,embun tepung,manual_estimate,1
PACAR_AIR-GRE-10G,pacar_air:Greenfield Seeds,pacar_air,Pacar Air (Balsam),,bunga hias,Greenfield Seeds,,Benih Pacar Air (Balsam) - Greenfield Seeds (10 g),"Benih Pacar Air (Balsam). Panen sekitar 60-75 hari, suhu ideal 20-30 C, pH 6.0-7.0, cocok hingga 1500 mdpl.",60,75,12,20,30,35,41.7,66.7,150.0,250.0,5.5,6.0,7.0,7.5,0,1500.0,lempung|lempung berpasir,baik,5,lahan|polybag|pot,15,2000,10,30500,70,1,hias|jual,embun tepung,manual_estimate,1
PACAR_AIR-TAN-5G,pacar_air:TaniMas,pacar_air,Pacar Air (Balsam),,bunga hias,TaniMas,,Benih Pacar Air (Balsam) - TaniMas (5 g),"Benih Pacar Air (Balsam). Panen sekitar 60-75 hari, suhu ideal 20-30 C, pH 6.0-7.0, cocok hingga 1500 mdpl.",60,75,12,20,30,35,41.7,66.7,150.0,250.0,5.5,6.0,7.0,7.5,0,1500.0,lempung|lempung berpasir,baik,5,lahan|polybag|pot,15,1000,5,12500,81,1,hias|jual,embun tepung,manual_estimate,1
PACAR_AIR-TAN-10G,pacar_air:TaniMas,pacar_air,Pacar Air (Balsam),,bunga hias,TaniMas,,Benih Pacar Air (Balsam) - TaniMas (10 g),"Benih Pacar Air (Balsam). Panen sekitar 60-75 hari, suhu ideal 20-30 C, pH 6.0-7.0, cocok hingga 1500 mdpl.",60,75,12,20,30,35,41.7,66.7,150.0,250.0,5.5,6.0,7.0,7.5,0,1500.0,lempung|lempung berpasir,baik,5,lahan|polybag|pot,15,2000,10,23000,257,1,hias|jual,embun tepung,manual_estimate,1
PORTULACA-KEB-1G,portulaca:Kebun Lestari,portulaca,Bunga Pukul Sembilan (Portulaca),,bunga hias,Kebun Lestari,,Benih Bunga Pukul Sembilan (Portulaca) - Kebun Lestari (1 g),"Benih Bunga Pukul Sembilan (Portulaca). Panen sekitar 40-60 hari, suhu ideal 20-32 C, pH 6.0-7.5, cocok hingga 1500 mdpl.",40,60,12,20,32,38,25.0,41.7,100.0,166.7,5.5,6.0,7.5,8.0,0,1500.0,lempung|lempung berpasir,baik,8,lahan|polybag|pot,40,10000,1,9500,316,1,hias|jual,busuk akar,manual_estimate,1
PORTULACA-KEB-2G,portulaca:Kebun Lestari,portulaca,Bunga Pukul Sembilan (Portulaca),,bunga hias,Kebun Lestari,,Benih Bunga Pukul Sembilan (Portulaca) - Kebun Lestari (2 g),"Benih Bunga Pukul Sembilan (Portulaca). Panen sekitar 40-60 hari, suhu ideal 20-32 C, pH 6.0-7.5, cocok hingga 1500 mdpl.",40,60,12,20,32,38,25.0,41.7,100.0,166.7,5.5,6.0,7.5,8.0,0,1500.0,lempung|lempung berpasir,baik,8,lahan|polybag|pot,40,20000,2,18000,0,1,hias|jual,busuk akar,manual_estimate,1
PORTULACA-BEN-1G,portulaca:Benih Nusantara,portulaca,Bunga Pukul Sembilan (Portulaca),,bunga hias,Benih Nusantara,,Benih Bunga Pukul Sembilan (Portulaca) - Benih Nusantara (1 g),"Benih Bunga Pukul Sembilan (Portulaca). Panen sekitar 40-60 hari, suhu ideal 20-32 C, pH 6.0-7.5, cocok hingga 1500 mdpl.",40,60,12,20,32,38,25.0,41.7,100.0,166.7,5.5,6.0,7.5,8.0,0,1500.0,lempung|lempung berpasir,baik,8,lahan|polybag|pot,40,10000,1,12000,298,1,hias|jual,busuk akar,manual_estimate,1
PORTULACA-BEN-2G,portulaca:Benih Nusantara,portulaca,Bunga Pukul Sembilan (Portulaca),,bunga hias,Benih Nusantara,,Benih Bunga Pukul Sembilan (Portulaca) - Benih Nusantara (2 g),"Benih Bunga Pukul Sembilan (Portulaca). Panen sekitar 40-60 hari, suhu ideal 20-32 C, pH 6.0-7.5, cocok hingga 1500 mdpl.",40,60,12,20,32,38,25.0,41.7,100.0,166.7,5.5,6.0,7.5,8.0,0,1500.0,lempung|lempung berpasir,baik,8,lahan|polybag|pot,40,20000,2,21000,248,1,hias|jual,busuk akar,manual_estimate,1
PORTULACA-BIB-1G,portulaca:BibitKu,portulaca,Bunga Pukul Sembilan (Portulaca),,bunga hias,BibitKu,,Benih Bunga Pukul Sembilan (Portulaca) - BibitKu (1 g),"Benih Bunga Pukul Sembilan (Portulaca). Panen sekitar 40-60 hari, suhu ideal 20-32 C, pH 6.0-7.5, cocok hingga 1500 mdpl.",40,60,12,20,32,38,25.0,41.7,100.0,166.7,5.5,6.0,7.5,8.0,0,1500.0,lempung|lempung berpasir,baik,8,lahan|polybag|pot,40,10000,1,8000,356,1,hias|jual,busuk akar,manual_estimate,1
PORTULACA-BIB-2G,portulaca:BibitKu,portulaca,Bunga Pukul Sembilan (Portulaca),,bunga hias,BibitKu,,Benih Bunga Pukul Sembilan (Portulaca) - BibitKu (2 g),"Benih Bunga Pukul Sembilan (Portulaca). Panen sekitar 40-60 hari, suhu ideal 20-32 C, pH 6.0-7.5, cocok hingga 1500 mdpl.",40,60,12,20,32,38,25.0,41.7,100.0,166.7,5.5,6.0,7.5,8.0,0,1500.0,lempung|lempung berpasir,baik,8,lahan|polybag|pot,40,20000,2,14000,335,1,hias|jual,busuk akar,manual_estimate,1
SNAPDRAGON-BIB-1G,snapdragon:BibitKu,snapdragon,Snapdragon (Antirrhinum),,bunga hias,BibitKu,,Benih Snapdragon (Antirrhinum) - BibitKu (1 g),"Benih Snapdragon (Antirrhinum). Panen sekitar 90-120 hari, suhu ideal 12-22 C, pH 6.0-7.0, cocok hingga 2000 mdpl.",90,120,5,12,22,28,33.3,50.0,100.0,166.7,5.5,6.0,7.0,7.5,600,2000.0,lempung|lempung berpasir,baik,6,lahan|polybag|pot,20,6000,1,12500,179,3,hias|jual,karat daun,manual_estimate,1
SNAPDRAGON-BIB-2G,snapdragon:BibitKu,snapdragon,Snapdragon (Antirrhinum),,bunga hias,BibitKu,,Benih Snapdragon (Antirrhinum) - BibitKu (2 g),"Benih Snapdragon (Antirrhinum). Panen sekitar 90-120 hari, suhu ideal 12-22 C, pH 6.0-7.0, cocok hingga 2000 mdpl.",90,120,5,12,22,28,33.3,50.0,100.0,166.7,5.5,6.0,7.0,7.5,600,2000.0,lempung|lempung berpasir,baik,6,lahan|polybag|pot,20,12000,2,23000,257,3,hias|jual,karat daun,manual_estimate,1
SNAPDRAGON-TAN-1G,snapdragon:TaniMas,snapdragon,Snapdragon (Antirrhinum),,bunga hias,TaniMas,,Benih Snapdragon (Antirrhinum) - TaniMas (1 g),"Benih Snapdragon (Antirrhinum). Panen sekitar 90-120 hari, suhu ideal 12-22 C, pH 6.0-7.0, cocok hingga 2000 mdpl.",90,120,5,12,22,28,33.3,50.0,100.0,166.7,5.5,6.0,7.0,7.5,600,2000.0,lempung|lempung berpasir,baik,6,lahan|polybag|pot,20,6000,1,15000,27,3,hias|jual,karat daun,manual_estimate,1
SNAPDRAGON-TAN-2G,snapdragon:TaniMas,snapdragon,Snapdragon (Antirrhinum),,bunga hias,TaniMas,,Benih Snapdragon (Antirrhinum) - TaniMas (2 g),"Benih Snapdragon (Antirrhinum). Panen sekitar 90-120 hari, suhu ideal 12-22 C, pH 6.0-7.0, cocok hingga 2000 mdpl.",90,120,5,12,22,28,33.3,50.0,100.0,166.7,5.5,6.0,7.0,7.5,600,2000.0,lempung|lempung berpasir,baik,6,lahan|polybag|pot,20,12000,2,26500,74,3,hias|jual,karat daun,manual_estimate,1
SNAPDRAGON-GRE-1G,snapdragon:Greenfield Seeds,snapdragon,Snapdragon (Antirrhinum),,bunga hias,Greenfield Seeds,,Benih Snapdragon (Antirrhinum) - Greenfield Seeds (1 g),"Benih Snapdragon (Antirrhinum). Panen sekitar 90-120 hari, suhu ideal 12-22 C, pH 6.0-7.0, cocok hingga 2000 mdpl.",90,120,5,12,22,28,33.3,50.0,100.0,166.7,5.5,6.0,7.0,7.5,600,2000.0,lempung|lempung berpasir,baik,6,lahan|polybag|pot,20,6000,1,19500,197,3,hias|jual,karat daun,manual_estimate,1
SNAPDRAGON-GRE-2G,snapdragon:Greenfield Seeds,snapdragon,Snapdragon (Antirrhinum),,bunga hias,Greenfield Seeds,,Benih Snapdragon (Antirrhinum) - Greenfield Seeds (2 g),"Benih Snapdragon (Antirrhinum). Panen sekitar 90-120 hari, suhu ideal 12-22 C, pH 6.0-7.0, cocok hingga 2000 mdpl.",90,120,5,12,22,28,33.3,50.0,100.0,166.7,5.5,6.0,7.0,7.5,600,2000.0,lempung|lempung berpasir,baik,6,lahan|polybag|pot,20,12000,2,35000,293,3,hias|jual,karat daun,manual_estimate,1
GOMPHRENA-BEN-5G,gomphrena:Benih Nusantara,gomphrena,Bunga Kancing (Gomphrena),,bunga hias,Benih Nusantara,,Benih Bunga Kancing (Gomphrena) - Benih Nusantara (5 g),"Benih Bunga Kancing (Gomphrena). Panen sekitar 70-90 hari, suhu ideal 20-30 C, pH 6.0-7.5, cocok hingga 1800 mdpl.",70,90,12,20,30,36,33.3,50.0,125.0,208.3,5.5,6.0,7.5,8.0,0,1800.0,lempung|lempung berpasir,baik,7,lahan|polybag|pot,15,2000,5,22500,158,1,hias|jual,kutu daun,manual_estimate,1
GOMPHRENA-BEN-10G,gomphrena:Benih Nusantara,gomphrena,Bunga Kancing (Gomphrena),,bunga hias,Benih Nusantara,,Benih Bunga Kancing (Gomphrena) - Benih Nusantara (10 g),"Benih Bunga Kancing (Gomphrena). Panen sekitar 70-90 hari, suhu ideal 20-30 C, pH 6.0-7.5, cocok hingga 1800 mdpl.",70,90,12,20,30,36,33.3,50.0,125.0,208.3,5.5,6.0,7.5,8.0,0,1800.0,lempung|lempung berpasir,baik,7,lahan|polybag|pot,15,4000,10,41000,216,1,hias|jual,kutu daun,manual_estimate,1
GOMPHRENA-AGR-5G,gomphrena:Agro Subur,gomphrena,Bunga Kancing (Gomphrena),,bunga hias,Agro Subur,,Benih Bunga Kancing (Gomphrena) - Agro Subur (5 g),"Benih Bunga Kancing (Gomphrena). Panen sekitar 70-90 hari, suhu ideal 20-30 C, pH 6.0-7.5, cocok hingga 1800 mdpl.",70,90,12,20,30,36,33.3,50.0,125.0,208.3,5.5,6.0,7.5,8.0,0,1800.0,lempung|lempung berpasir,baik,7,lahan|polybag|pot,15,2000,5,18000,114,1,hias|jual,kutu daun,manual_estimate,1
GOMPHRENA-AGR-10G,gomphrena:Agro Subur,gomphrena,Bunga Kancing (Gomphrena),,bunga hias,Agro Subur,,Benih Bunga Kancing (Gomphrena) - Agro Subur (10 g),"Benih Bunga Kancing (Gomphrena). Panen sekitar 70-90 hari, suhu ideal 20-30 C, pH 6.0-7.5, cocok hingga 1800 mdpl.",70,90,12,20,30,36,33.3,50.0,125.0,208.3,5.5,6.0,7.5,8.0,0,1800.0,lempung|lempung berpasir,baik,7,lahan|polybag|pot,15,4000,10,31500,179,1,hias|jual,kutu daun,manual_estimate,1
GOMPHRENA-KEB-2G,gomphrena:Kebun Lestari,gomphrena,Bunga Kancing (Gomphrena),,bunga hias,Kebun Lestari,,Benih Bunga Kancing (Gomphrena) - Kebun Lestari (2 g),"Benih Bunga Kancing (Gomphrena). Panen sekitar 70-90 hari, suhu ideal 20-30 C, pH 6.0-7.5, cocok hingga 1800 mdpl.",70,90,12,20,30,36,33.3,50.0,125.0,208.3,5.5,6.0,7.5,8.0,0,1800.0,lempung|lempung berpasir,baik,7,lahan|polybag|pot,15,800,2,8000,335,1,hias|jual,kutu daun,manual_estimate,1
GOMPHRENA-KEB-5G,gomphrena:Kebun Lestari,gomphrena,Bunga Kancing (Gomphrena),,bunga hias,Kebun Lestari,,Benih Bunga Kancing (Gomphrena) - Kebun Lestari (5 g),"Benih Bunga Kancing (Gomphrena). Panen sekitar 70-90 hari, suhu ideal 20-30 C, pH 6.0-7.5, cocok hingga 1800 mdpl.",70,90,12,20,30,36,33.3,50.0,125.0,208.3,5.5,6.0,7.5,8.0,0,1800.0,lempung|lempung berpasir,baik,7,lahan|polybag|pot,15,2000,5,16500,214,1,hias|jual,kutu daun,manual_estimate,1
PUKUL_EMPAT-BIB-10G,pukul_empat:BibitKu,pukul_empat,Bunga Pukul Empat,,bunga hias,BibitKu,,Benih Bunga Pukul Empat - BibitKu (10 g),"Benih Bunga Pukul Empat. Panen sekitar 70-90 hari, suhu ideal 18-30 C, pH 6.0-7.5, cocok hingga 1800 mdpl.",70,90,10,18,30,36,33.3,50.0,125.0,208.3,5.5,6.0,7.5,8.0,0,1800.0,lempung|lempung berpasir,baik,6,lahan|polybag|pot,6,30,10,5000,0,1,hias,kutu daun,manual_estimate,1
PUKUL_EMPAT-BIB-25G,pukul_empat:BibitKu,pukul_empat,Bunga Pukul Empat,,bunga hias,BibitKu,,Benih Bunga Pukul Empat - BibitKu (25 g),"Benih Bunga Pukul Empat. Panen sekitar 70-90 hari, suhu ideal 18-30 C, pH 6.0-7.5, cocok hingga 1800 mdpl.",70,90,10,18,30,36,33.3,50.0,125.0,208.3,5.5,6.0,7.5,8.0,0,1800.0,lempung|lempung berpasir,baik,6,lahan|polybag|pot,6,75,25,10500,0,1,hias,kutu daun,manual_estimate,1
PUKUL_EMPAT-GRE-10G,pukul_empat:Greenfield Seeds,pukul_empat,Bunga Pukul Empat,,bunga hias,Greenfield Seeds,,Benih Bunga Pukul Empat - Greenfield Seeds (10 g),"Benih Bunga Pukul Empat. Panen sekitar 70-90 hari, suhu ideal 18-30 C, pH 6.0-7.5, cocok hingga 1800 mdpl.",70,90,10,18,30,36,33.3,50.0,125.0,208.3,5.5,6.0,7.5,8.0,0,1800.0,lempung|lempung berpasir,baik,6,lahan|polybag|pot,6,30,10,7500,321,1,hias,kutu daun,manual_estimate,1
PUKUL_EMPAT-GRE-25G,pukul_empat:Greenfield Seeds,pukul_empat,Bunga Pukul Empat,,bunga hias,Greenfield Seeds,,Benih Bunga Pukul Empat - Greenfield Seeds (25 g),"Benih Bunga Pukul Empat. Panen sekitar 70-90 hari, suhu ideal 18-30 C, pH 6.0-7.5, cocok hingga 1800 mdpl.",70,90,10,18,30,36,33.3,50.0,125.0,208.3,5.5,6.0,7.5,8.0,0,1800.0,lempung|lempung berpasir,baik,6,lahan|polybag|pot,6,75,25,18500,266,1,hias,kutu daun,manual_estimate,1
PUKUL_EMPAT-KEB-10G,pukul_empat:Kebun Lestari,pukul_empat,Bunga Pukul Empat,,bunga hias,Kebun Lestari,,Benih Bunga Pukul Empat - Kebun Lestari (10 g),"Benih Bunga Pukul Empat. Panen sekitar 70-90 hari, suhu ideal 18-30 C, pH 6.0-7.5, cocok hingga 1800 mdpl.",70,90,10,18,30,36,33.3,50.0,125.0,208.3,5.5,6.0,7.5,8.0,0,1800.0,lempung|lempung berpasir,baik,6,lahan|polybag|pot,6,30,10,6000,325,1,hias,kutu daun,manual_estimate,1
PUKUL_EMPAT-KEB-25G,pukul_empat:Kebun Lestari,pukul_empat,Bunga Pukul Empat,,bunga hias,Kebun Lestari,,Benih Bunga Pukul Empat - Kebun Lestari (25 g),"Benih Bunga Pukul Empat. Panen sekitar 70-90 hari, suhu ideal 18-30 C, pH 6.0-7.5, cocok hingga 1800 mdpl.",70,90,10,18,30,36,33.3,50.0,125.0,208.3,5.5,6.0,7.5,8.0,0,1800.0,lempung|lempung berpasir,baik,6,lahan|polybag|pot,6,75,25,12500,362,1,hias,kutu daun,manual_estimate,1
EDAMAME-GRE-25G,edamame:Greenfield Seeds,edamame,Edamame,Glycine max,kacang-kacangan,Greenfield Seeds,,Benih Edamame - Greenfield Seeds (25 g),"Benih Edamame. Panen sekitar 65-80 hari, suhu ideal 20-33 C, pH 5.5-6.5, cocok hingga 3000 mdpl.",65,80,10.0,20.0,33.0,38.0,37.5,50.0,125.0,150.0,4.5,5.5,6.5,8.4,0,3000.0,lempung|liat berlempung|lempung berpasir,baik,7,lahan|polybag,16,100,25,30000,349,1,konsumsi|jual,ulat polong|karat daun,ecocrop,1
EDAMAME-GRE-50G,edamame:Greenfield Seeds,edamame,Edamame,Glycine max,kacang-kacangan,Greenfield Seeds,,Benih Edamame - Greenfield Seeds (50 g),"Benih Edamame. Panen sekitar 65-80 hari, suhu ideal 20-33 C, pH 5.5-6.5, cocok hingga 3000 mdpl.",65,80,10.0,20.0,33.0,38.0,37.5,50.0,125.0,150.0,4.5,5.5,6.5,8.4,0,3000.0,lempung|liat berlempung|lempung berpasir,baik,7,lahan|polybag,16,200,50,51500,0,1,konsumsi|jual,ulat polong|karat daun,ecocrop,1
EDAMAME-TAN-25G,edamame:TaniMas,edamame,Edamame,Glycine max,kacang-kacangan,TaniMas,,Benih Edamame - TaniMas (25 g),"Benih Edamame. Panen sekitar 65-80 hari, suhu ideal 20-33 C, pH 5.5-6.5, cocok hingga 3000 mdpl.",65,80,10.0,20.0,33.0,38.0,37.5,50.0,125.0,150.0,4.5,5.5,6.5,8.4,0,3000.0,lempung|liat berlempung|lempung berpasir,baik,7,lahan|polybag,16,100,25,22500,168,1,konsumsi|jual,ulat polong|karat daun,ecocrop,1
EDAMAME-TAN-100G,edamame:TaniMas,edamame,Edamame,Glycine max,kacang-kacangan,TaniMas,,Benih Edamame - TaniMas (100 g),"Benih Edamame. Panen sekitar 65-80 hari, suhu ideal 20-33 C, pH 5.5-6.5, cocok hingga 3000 mdpl.",65,80,10.0,20.0,33.0,38.0,37.5,50.0,125.0,150.0,4.5,5.5,6.5,8.4,0,3000.0,lempung|liat berlempung|lempung berpasir,baik,7,lahan|polybag,16,400,100,83000,164,1,konsumsi|jual,ulat polong|karat daun,ecocrop,1
EDAMAME-BEN-25G,edamame:Benih Nusantara,edamame,Edamame,Glycine max,kacang-kacangan,Benih Nusantara,,Benih Edamame - Benih Nusantara (25 g),"Benih Edamame. Panen sekitar 65-80 hari, suhu ideal 20-33 C, pH 5.5-6.5, cocok hingga 3000 mdpl.",65,80,10.0,20.0,33.0,38.0,37.5,50.0,125.0,150.0,4.5,5.5,6.5,8.4,0,3000.0,lempung|liat berlempung|lempung berpasir,baik,7,lahan|polybag,16,100,25,24500,0,1,konsumsi|jual,ulat polong|karat daun,ecocrop,1
EDAMAME-BEN-50G,edamame:Benih Nusantara,edamame,Edamame,Glycine max,kacang-kacangan,Benih Nusantara,,Benih Edamame - Benih Nusantara (50 g),"Benih Edamame. Panen sekitar 65-80 hari, suhu ideal 20-33 C, pH 5.5-6.5, cocok hingga 3000 mdpl.",65,80,10.0,20.0,33.0,38.0,37.5,50.0,125.0,150.0,4.5,5.5,6.5,8.4,0,3000.0,lempung|liat berlempung|lempung berpasir,baik,7,lahan|polybag,16,200,50,47500,37,1,konsumsi|jual,ulat polong|karat daun,ecocrop,1
KEDELAI-KEB-100G,kedelai:Kebun Lestari,kedelai,Kedelai,Glycine max,kacang-kacangan,Kebun Lestari,,Benih Kedelai - Kebun Lestari (100 g),"Benih Kedelai. Panen sekitar 80-95 hari, suhu ideal 20-33 C, pH 5.5-6.5, cocok hingga 3000 mdpl.",80,95,10.0,20.0,33.0,38.0,37.5,50.0,125.0,150.0,4.5,5.5,6.5,8.4,0,3000.0,lempung|liat berlempung|lempung berpasir,baik,8,lahan,40,700,100,14500,238,1,jual|konsumsi,ulat polong|karat daun,ecocrop,1
KEDELAI-KEB-250G,kedelai:Kebun Lestari,kedelai,Kedelai,Glycine max,kacang-kacangan,Kebun Lestari,,Benih Kedelai - Kebun Lestari (250 g),"Benih Kedelai. Panen sekitar 80-95 hari, suhu ideal 20-33 C, pH 5.5-6.5, cocok hingga 3000 mdpl.",80,95,10.0,20.0,33.0,38.0,37.5,50.0,125.0,150.0,4.5,5.5,6.5,8.4,0,3000.0,lempung|liat berlempung|lempung berpasir,baik,8,lahan,40,1750,250,30500,314,1,jual|konsumsi,ulat polong|karat daun,ecocrop,1
KEDELAI-GRE-250G,kedelai:Greenfield Seeds,kedelai,Kedelai,Glycine max,kacang-kacangan,Greenfield Seeds,,Benih Kedelai - Greenfield Seeds (250 g),"Benih Kedelai. Panen sekitar 80-95 hari, suhu ideal 20-33 C, pH 5.5-6.5, cocok hingga 3000 mdpl.",80,95,10.0,20.0,33.0,38.0,37.5,50.0,125.0,150.0,4.5,5.5,6.5,8.4,0,3000.0,lempung|liat berlempung|lempung berpasir,baik,8,lahan,40,1750,250,51000,52,1,jual|konsumsi,ulat polong|karat daun,ecocrop,1
KEDELAI-GRE-1000G,kedelai:Greenfield Seeds,kedelai,Kedelai,Glycine max,kacang-kacangan,Greenfield Seeds,,Benih Kedelai - Greenfield Seeds (1000 g),"Benih Kedelai. Panen sekitar 80-95 hari, suhu ideal 20-33 C, pH 5.5-6.5, cocok hingga 3000 mdpl.",80,95,10.0,20.0,33.0,38.0,37.5,50.0,125.0,150.0,4.5,5.5,6.5,8.4,0,3000.0,lempung|liat berlempung|lempung berpasir,baik,8,lahan,40,7000,1000,181500,87,1,jual|konsumsi,ulat polong|karat daun,ecocrop,1
KEDELAI-TAN-100G,kedelai:TaniMas,kedelai,Kedelai,Glycine max,kacang-kacangan,TaniMas,,Benih Kedelai - TaniMas (100 g),"Benih Kedelai. Panen sekitar 80-95 hari, suhu ideal 20-33 C, pH 5.5-6.5, cocok hingga 3000 mdpl.",80,95,10.0,20.0,33.0,38.0,37.5,50.0,125.0,150.0,4.5,5.5,6.5,8.4,0,3000.0,lempung|liat berlempung|lempung berpasir,baik,8,lahan,40,700,100,14500,72,1,jual|konsumsi,ulat polong|karat daun,ecocrop,1
KEDELAI-TAN-250G,kedelai:TaniMas,kedelai,Kedelai,Glycine max,kacang-kacangan,TaniMas,,Benih Kedelai - TaniMas (250 g),"Benih Kedelai. Panen sekitar 80-95 hari, suhu ideal 20-33 C, pH 5.5-6.5, cocok hingga 3000 mdpl.",80,95,10.0,20.0,33.0,38.0,37.5,50.0,125.0,150.0,4.5,5.5,6.5,8.4,0,3000.0,lempung|liat berlempung|lempung berpasir,baik,8,lahan,40,1750,250,36500,121,1,jual|konsumsi,ulat polong|karat daun,ecocrop,1
KACANG_TANAH-TAN-100G,kacang_tanah:TaniMas,kacang_tanah,Kacang Tanah,Arachis hypogaea,kacang-kacangan,TaniMas,,Benih Kacang Tanah - TaniMas (100 g),"Benih Kacang Tanah. Panen sekitar 85-100 hari, suhu ideal 22-32 C, pH 5.5-6.5, cocok hingga 1650 mdpl.",85,100,10.0,22.0,32.0,45.0,33.3,50.0,125.0,333.3,4.5,5.5,6.5,8.5,0,1650.0,lempung|liat berlempung|lempung berpasir,baik,8,lahan|polybag,16,180,100,26000,385,1,konsumsi|jual,bercak daun|layu bakteri,ecocrop,1
KACANG_TANAH-TAN-250G,kacang_tanah:TaniMas,kacang_tanah,Kacang Tanah,Arachis hypogaea,kacang-kacangan,TaniMas,,Benih Kacang Tanah - TaniMas (250 g),"Benih Kacang Tanah. Panen sekitar 85-100 hari, suhu ideal 22-32 C, pH 5.5-6.5, cocok hingga 1650 mdpl.",85,100,10.0,22.0,32.0,45.0,33.3,50.0,125.0,333.3,4.5,5.5,6.5,8.5,0,1650.0,lempung|liat berlempung|lempung berpasir,baik,8,lahan|polybag,16,450,250,59000,197,1,konsumsi|jual,bercak daun|layu bakteri,ecocrop,1
KACANG_TANAH-BEN-100G,kacang_tanah:Benih Nusantara,kacang_tanah,Kacang Tanah,Arachis hypogaea,kacang-kacangan,Benih Nusantara,,Benih Kacang Tanah - Benih Nusantara (100 g),"Benih Kacang Tanah. Panen sekitar 85-100 hari, suhu ideal 22-32 C, pH 5.5-6.5, cocok hingga 1650 mdpl.",85,100,10.0,22.0,32.0,45.0,33.3,50.0,125.0,333.3,4.5,5.5,6.5,8.5,0,1650.0,lempung|liat berlempung|lempung berpasir,baik,8,lahan|polybag,16,180,100,30000,331,1,konsumsi|jual,bercak daun|layu bakteri,ecocrop,1
KACANG_TANAH-BEN-500G,kacang_tanah:Benih Nusantara,kacang_tanah,Kacang Tanah,Arachis hypogaea,kacang-kacangan,Benih Nusantara,,Benih Kacang Tanah - Benih Nusantara (500 g),"Benih Kacang Tanah. Panen sekitar 85-100 hari, suhu ideal 22-32 C, pH 5.5-6.5, cocok hingga 1650 mdpl.",85,100,10.0,22.0,32.0,45.0,33.3,50.0,125.0,333.3,4.5,5.5,6.5,8.5,0,1650.0,lempung|liat berlempung|lempung berpasir,baik,8,lahan|polybag,16,900,500,132500,352,1,konsumsi|jual,bercak daun|layu bakteri,ecocrop,1
KACANG_TANAH-KEB-100G,kacang_tanah:Kebun Lestari,kacang_tanah,Kacang Tanah,Arachis hypogaea,kacang-kacangan,Kebun Lestari,,Benih Kacang Tanah - Kebun Lestari (100 g),"Benih Kacang Tanah. Panen sekitar 85-100 hari, suhu ideal 22-32 C, pH 5.5-6.5, cocok hingga 1650 mdpl.",85,100,10.0,22.0,32.0,45.0,33.3,50.0,125.0,333.3,4.5,5.5,6.5,8.5,0,1650.0,lempung|liat berlempung|lempung berpasir,baik,8,lahan|polybag,16,180,100,25000,0,1,konsumsi|jual,bercak daun|layu bakteri,ecocrop,1
KACANG_TANAH-KEB-250G,kacang_tanah:Kebun Lestari,kacang_tanah,Kacang Tanah,Arachis hypogaea,kacang-kacangan,Kebun Lestari,,Benih Kacang Tanah - Kebun Lestari (250 g),"Benih Kacang Tanah. Panen sekitar 85-100 hari, suhu ideal 22-32 C, pH 5.5-6.5, cocok hingga 1650 mdpl.",85,100,10.0,22.0,32.0,45.0,33.3,50.0,125.0,333.3,4.5,5.5,6.5,8.5,0,1650.0,lempung|liat berlempung|lempung berpasir,baik,8,lahan|polybag,16,450,250,51000,326,1,konsumsi|jual,bercak daun|layu bakteri,ecocrop,1
KACANG_HIJAU-TAN-100G,kacang_hijau:TaniMas,kacang_hijau,Kacang Hijau,Vigna radiata,kacang-kacangan,TaniMas,,Benih Kacang Hijau - TaniMas (100 g),"Benih Kacang Hijau. Panen sekitar 55-65 hari, suhu ideal 21-36 C, pH 5.5-6.2, cocok hingga 2000 mdpl.",55,65,8.0,21.0,36.0,40.0,41.7,54.2,75.0,104.2,4.3,5.5,6.2,8.3,0,2000.0,lempung|liat berlempung|lempung berpasir,baik,8,lahan|polybag,25,1700,100,21500,321,1,konsumsi|jual,kutu daun|embun tepung,ecocrop,1
KACANG_HIJAU-TAN-250G,kacang_hijau:TaniMas,kacang_hijau,Kacang Hijau,Vigna radiata,kacang-kacangan,TaniMas,,Benih Kacang Hijau - TaniMas (250 g),"Benih Kacang Hijau. Panen sekitar 55-65 hari, suhu ideal 21-36 C, pH 5.5-6.2, cocok hingga 2000 mdpl.",55,65,8.0,21.0,36.0,40.0,41.7,54.2,75.0,104.2,4.3,5.5,6.2,8.3,0,2000.0,lempung|liat berlempung|lempung berpasir,baik,8,lahan|polybag,25,4250,250,43000,304,1,konsumsi|jual,kutu daun|embun tepung,ecocrop,1
KACANG_HIJAU-KEB-250G,kacang_hijau:Kebun Lestari,kacang_hijau,Kacang Hijau,Vigna radiata,kacang-kacangan,Kebun Lestari,,Benih Kacang Hijau - Kebun Lestari (250 g),"Benih Kacang Hijau. Panen sekitar 55-65 hari, suhu ideal 21-36 C, pH 5.5-6.2, cocok hingga 2000 mdpl.",55,65,8.0,21.0,36.0,40.0,41.7,54.2,75.0,104.2,4.3,5.5,6.2,8.3,0,2000.0,lempung|liat berlempung|lempung berpasir,baik,8,lahan|polybag,25,4250,250,48000,69,1,konsumsi|jual,kutu daun|embun tepung,ecocrop,1
KACANG_HIJAU-KEB-500G,kacang_hijau:Kebun Lestari,kacang_hijau,Kacang Hijau,Vigna radiata,kacang-kacangan,Kebun Lestari,,Benih Kacang Hijau - Kebun Lestari (500 g),"Benih Kacang Hijau. Panen sekitar 55-65 hari, suhu ideal 21-36 C, pH 5.5-6.2, cocok hingga 2000 mdpl.",55,65,8.0,21.0,36.0,40.0,41.7,54.2,75.0,104.2,4.3,5.5,6.2,8.3,0,2000.0,lempung|liat berlempung|lempung berpasir,baik,8,lahan|polybag,25,8500,500,85500,332,1,konsumsi|jual,kutu daun|embun tepung,ecocrop,1
KACANG_HIJAU-AGR-250G,kacang_hijau:Agro Subur,kacang_hijau,Kacang Hijau,Vigna radiata,kacang-kacangan,Agro Subur,,Benih Kacang Hijau - Agro Subur (250 g),"Benih Kacang Hijau. Panen sekitar 55-65 hari, suhu ideal 21-36 C, pH 5.5-6.2, cocok hingga 2000 mdpl.",55,65,8.0,21.0,36.0,40.0,41.7,54.2,75.0,104.2,4.3,5.5,6.2,8.3,0,2000.0,lempung|liat berlempung|lempung berpasir,baik,8,lahan|polybag,25,4250,250,42500,149,1,konsumsi|jual,kutu daun|embun tepung,ecocrop,1
KACANG_HIJAU-AGR-500G,kacang_hijau:Agro Subur,kacang_hijau,Kacang Hijau,Vigna radiata,kacang-kacangan,Agro Subur,,Benih Kacang Hijau - Agro Subur (500 g),"Benih Kacang Hijau. Panen sekitar 55-65 hari, suhu ideal 21-36 C, pH 5.5-6.2, cocok hingga 2000 mdpl.",55,65,8.0,21.0,36.0,40.0,41.7,54.2,75.0,104.2,4.3,5.5,6.2,8.3,0,2000.0,lempung|liat berlempung|lempung berpasir,baik,8,lahan|polybag,25,8500,500,80500,159,1,konsumsi|jual,kutu daun|embun tepung,ecocrop,1
KACANG_HITAM-AGR-100G,kacang_hitam:Agro Subur,kacang_hitam,Kacang Hitam,Vigna mungo,kacang-kacangan,Agro Subur,,Benih Kacang Hitam - Agro Subur (100 g),"Benih Kacang Hitam. Panen sekitar 70-90 hari, suhu ideal 22-35 C, pH 5.5-6.5, cocok hingga 2000 mdpl.",70,90,8.0,22.0,35.0,40.0,44.2,54.2,75.0,202.5,4.5,5.5,6.5,7.5,0,2000.0,liat|liat berlempung|lempung|lempung berpasir,baik,8,lahan,25,1700,100,22500,168,1,konsumsi|jual,kutu daun|karat daun,ecocrop,1
KACANG_HITAM-AGR-500G,kacang_hitam:Agro Subur,kacang_hitam,Kacang Hitam,Vigna mungo,kacang-kacangan,Agro Subur,,Benih Kacang Hitam - Agro Subur (500 g),"Benih Kacang Hitam. Panen sekitar 70-90 hari, suhu ideal 22-35 C, pH 5.5-6.5, cocok hingga 2000 mdpl.",70,90,8.0,22.0,35.0,40.0,44.2,54.2,75.0,202.5,4.5,5.5,6.5,7.5,0,2000.0,liat|liat berlempung|lempung|lempung berpasir,baik,8,lahan,25,8500,500,98000,136,1,konsumsi|jual,kutu daun|karat daun,ecocrop,1
KACANG_HITAM-TAN-250G,kacang_hitam:TaniMas,kacang_hitam,Kacang Hitam,Vigna mungo,kacang-kacangan,TaniMas,,Benih Kacang Hitam - TaniMas (250 g),"Benih Kacang Hitam. Panen sekitar 70-90 hari, suhu ideal 22-35 C, pH 5.5-6.5, cocok hingga 2000 mdpl.",70,90,8.0,22.0,35.0,40.0,44.2,54.2,75.0,202.5,4.5,5.5,6.5,7.5,0,2000.0,liat|liat berlempung|lempung|lempung berpasir,baik,8,lahan,25,4250,250,65000,129,1,konsumsi|jual,kutu daun|karat daun,ecocrop,1
KACANG_HITAM-TAN-500G,kacang_hitam:TaniMas,kacang_hitam,Kacang Hitam,Vigna mungo,kacang-kacangan,TaniMas,,Benih Kacang Hitam - TaniMas (500 g),"Benih Kacang Hitam. Panen sekitar 70-90 hari, suhu ideal 22-35 C, pH 5.5-6.5, cocok hingga 2000 mdpl.",70,90,8.0,22.0,35.0,40.0,44.2,54.2,75.0,202.5,4.5,5.5,6.5,7.5,0,2000.0,liat|liat berlempung|lempung|lempung berpasir,baik,8,lahan,25,8500,500,118500,10,1,konsumsi|jual,kutu daun|karat daun,ecocrop,1
KACANG_HITAM-BIB-250G,kacang_hitam:BibitKu,kacang_hitam,Kacang Hitam,Vigna mungo,kacang-kacangan,BibitKu,,Benih Kacang Hitam - BibitKu (250 g),"Benih Kacang Hitam. Panen sekitar 70-90 hari, suhu ideal 22-35 C, pH 5.5-6.5, cocok hingga 2000 mdpl.",70,90,8.0,22.0,35.0,40.0,44.2,54.2,75.0,202.5,4.5,5.5,6.5,7.5,0,2000.0,liat|liat berlempung|lempung|lempung berpasir,baik,8,lahan,25,4250,250,49000,400,1,konsumsi|jual,kutu daun|karat daun,ecocrop,1
KACANG_HITAM-BIB-500G,kacang_hitam:BibitKu,kacang_hitam,Kacang Hitam,Vigna mungo,kacang-kacangan,BibitKu,,Benih Kacang Hitam - BibitKu (500 g),"Benih Kacang Hitam. Panen sekitar 70-90 hari, suhu ideal 22-35 C, pH 5.5-6.5, cocok hingga 2000 mdpl.",70,90,8.0,22.0,35.0,40.0,44.2,54.2,75.0,202.5,4.5,5.5,6.5,7.5,0,2000.0,liat|liat berlempung|lempung|lempung berpasir,baik,8,lahan,25,8500,500,96000,0,1,konsumsi|jual,kutu daun|karat daun,ecocrop,1
KACANG_TUNGGAK-BEN-250G,kacang_tunggak:Benih Nusantara,kacang_tunggak,Kacang Tunggak,Vigna unguiculata ssp. unguiculata,kacang-kacangan,Benih Nusantara,,Benih Kacang Tunggak - Benih Nusantara (250 g),"Benih Kacang Tunggak. Panen sekitar 60-80 hari, suhu ideal 20-35 C, pH 5.5-7.5, cocok hingga 1500 mdpl.",60,80,10.0,20.0,35.0,40.0,33.3,50.0,125.0,341.7,4.3,5.5,7.5,8.8,0,1500.0,lempung|liat berlempung|lempung berpasir,baik,7,lahan|polybag,15,2000,250,71500,293,1,konsumsi|jual,kutu daun|lalat bibit,ecocrop,1
KACANG_TUNGGAK-BEN-500G,kacang_tunggak:Benih Nusantara,kacang_tunggak,Kacang Tunggak,Vigna unguiculata ssp. unguiculata,kacang-kacangan,Benih Nusantara,,Benih Kacang Tunggak - Benih Nusantara (500 g),"Benih Kacang Tunggak. Panen sekitar 60-80 hari, suhu ideal 20-35 C, pH 5.5-7.5, cocok hingga 1500 mdpl.",60,80,10.0,20.0,35.0,40.0,33.3,50.0,125.0,341.7,4.3,5.5,7.5,8.8,0,1500.0,lempung|liat berlempung|lempung berpasir,baik,7,lahan|polybag,15,4000,500,131000,394,1,konsumsi|jual,kutu daun|lalat bibit,ecocrop,1
KACANG_TUNGGAK-GRE-100G,kacang_tunggak:Greenfield Seeds,kacang_tunggak,Kacang Tunggak,Vigna unguiculata ssp. unguiculata,kacang-kacangan,Greenfield Seeds,,Benih Kacang Tunggak - Greenfield Seeds (100 g),"Benih Kacang Tunggak. Panen sekitar 60-80 hari, suhu ideal 20-35 C, pH 5.5-7.5, cocok hingga 1500 mdpl.",60,80,10.0,20.0,35.0,40.0,33.3,50.0,125.0,341.7,4.3,5.5,7.5,8.8,0,1500.0,lempung|liat berlempung|lempung berpasir,baik,7,lahan|polybag,15,800,100,32000,212,1,konsumsi|jual,kutu daun|lalat bibit,ecocrop,1
KACANG_TUNGGAK-GRE-500G,kacang_tunggak:Greenfield Seeds,kacang_tunggak,Kacang Tunggak,Vigna unguiculata ssp. unguiculata,kacang-kacangan,Greenfield Seeds,,Benih Kacang Tunggak - Greenfield Seeds (500 g),"Benih Kacang Tunggak. Panen sekitar 60-80 hari, suhu ideal 20-35 C, pH 5.5-7.5, cocok hingga 1500 mdpl.",60,80,10.0,20.0,35.0,40.0,33.3,50.0,125.0,341.7,4.3,5.5,7.5,8.8,0,1500.0,lempung|liat berlempung|lempung berpasir,baik,7,lahan|polybag,15,4000,500,148000,140,1,konsumsi|jual,kutu daun|lalat bibit,ecocrop,1
KACANG_TUNGGAK-BIB-100G,kacang_tunggak:BibitKu,kacang_tunggak,Kacang Tunggak,Vigna unguiculata ssp. unguiculata,kacang-kacangan,BibitKu,,Benih Kacang Tunggak - BibitKu (100 g),"Benih Kacang Tunggak. Panen sekitar 60-80 hari, suhu ideal 20-35 C, pH 5.5-7.5, cocok hingga 1500 mdpl.",60,80,10.0,20.0,35.0,40.0,33.3,50.0,125.0,341.7,4.3,5.5,7.5,8.8,0,1500.0,lempung|liat berlempung|lempung berpasir,baik,7,lahan|polybag,15,800,100,21000,54,1,konsumsi|jual,kutu daun|lalat bibit,ecocrop,1
KACANG_TUNGGAK-BIB-500G,kacang_tunggak:BibitKu,kacang_tunggak,Kacang Tunggak,Vigna unguiculata ssp. unguiculata,kacang-kacangan,BibitKu,,Benih Kacang Tunggak - BibitKu (500 g),"Benih Kacang Tunggak. Panen sekitar 60-80 hari, suhu ideal 20-35 C, pH 5.5-7.5, cocok hingga 1500 mdpl.",60,80,10.0,20.0,35.0,40.0,33.3,50.0,125.0,341.7,4.3,5.5,7.5,8.8,0,1500.0,lempung|liat berlempung|lempung berpasir,baik,7,lahan|polybag,15,4000,500,92000,42,1,konsumsi|jual,kutu daun|lalat bibit,ecocrop,1
KAPRI-BEN-50G,kapri:Benih Nusantara,kapri,Kacang Kapri,Pisum sativum,kacang-kacangan,Benih Nusantara,,Benih Kacang Kapri - Benih Nusantara (50 g),"Benih Kacang Kapri. Panen sekitar 60-75 hari, suhu ideal 10-24 C, pH 5.5-7.0, cocok hingga 2700 mdpl.",60,75,4.0,10.0,24.0,30.0,29.2,66.7,100.0,208.3,4.5,5.5,7.0,8.3,600,2700.0,liat|liat berlempung|lempung|lempung berpasir|berpasir,baik,6,lahan|polybag,20,200,50,40500,106,2,konsumsi|jual,embun tepung|kutu daun,ecocrop,1
KAPRI-BEN-100G,kapri:Benih Nusantara,kapri,Kacang Kapri,Pisum sativum,kacang-kacangan,Benih Nusantara,,Benih Kacang Kapri - Benih Nusantara (100 g),"Benih Kacang Kapri. Panen sekitar 60-75 hari, suhu ideal 10-24 C, pH 5.5-7.0, cocok hingga 2700 mdpl.",60,75,4.0,10.0,24.0,30.0,29.2,66.7,100.0,208.3,4.5,5.5,7.0,8.3,600,2700.0,liat|liat berlempung|lempung|lempung berpasir|berpasir,baik,6,lahan|polybag,20,400,100,71000,368,2,konsumsi|jual,embun tepung|kutu daun,ecocrop,1
KAPRI-KEB-50G,kapri:Kebun Lestari,kapri,Kacang Kapri,Pisum sativum,kacang-kacangan,Kebun Lestari,,Benih Kacang Kapri - Kebun Lestari (50 g),"Benih Kacang Kapri. Panen sekitar 60-75 hari, suhu ideal 10-24 C, pH 5.5-7.0, cocok hingga 2700 mdpl.",60,75,4.0,10.0,24.0,30.0,29.2,66.7,100.0,208.3,4.5,5.5,7.0,8.3,600,2700.0,liat|liat berlempung|lempung|lempung berpasir|berpasir,baik,6,lahan|polybag,20,200,50,34000,274,2,konsumsi|jual,embun tepung|kutu daun,ecocrop,1
KAPRI-KEB-100G,kapri:Kebun Lestari,kapri,Kacang Kapri,Pisum sativum,kacang-kacangan,Kebun Lestari,,Benih Kacang Kapri - Kebun Lestari (100 g),"Benih Kacang Kapri. Panen sekitar 60-75 hari, suhu ideal 10-24 C, pH 5.5-7.0, cocok hingga 2700 mdpl.",60,75,4.0,10.0,24.0,30.0,29.2,66.7,100.0,208.3,4.5,5.5,7.0,8.3,600,2700.0,liat|liat berlempung|lempung|lempung berpasir|berpasir,baik,6,lahan|polybag,20,400,100,63500,262,2,konsumsi|jual,embun tepung|kutu daun,ecocrop,1
KAPRI-AGR-25G,kapri:Agro Subur,kapri,Kacang Kapri,Pisum sativum,kacang-kacangan,Agro Subur,,Benih Kacang Kapri - Agro Subur (25 g),"Benih Kacang Kapri. Panen sekitar 60-75 hari, suhu ideal 10-24 C, pH 5.5-7.0, cocok hingga 2700 mdpl.",60,75,4.0,10.0,24.0,30.0,29.2,66.7,100.0,208.3,4.5,5.5,7.0,8.3,600,2700.0,liat|liat berlempung|lempung|lempung berpasir|berpasir,baik,6,lahan|polybag,20,100,25,15000,51,2,konsumsi|jual,embun tepung|kutu daun,ecocrop,1
KAPRI-AGR-50G,kapri:Agro Subur,kapri,Kacang Kapri,Pisum sativum,kacang-kacangan,Agro Subur,,Benih Kacang Kapri - Agro Subur (50 g),"Benih Kacang Kapri. Panen sekitar 60-75 hari, suhu ideal 10-24 C, pH 5.5-7.0, cocok hingga 2700 mdpl.",60,75,4.0,10.0,24.0,30.0,29.2,66.7,100.0,208.3,4.5,5.5,7.0,8.3,600,2700.0,liat|liat berlempung|lempung|lempung berpasir|berpasir,baik,6,lahan|polybag,20,200,50,26000,186,2,konsumsi|jual,embun tepung|kutu daun,ecocrop,1
KACANG_MERAH-AGR-50G,kacang_merah:Agro Subur,kacang_merah,Kacang Merah,Phaseolus vulgaris,kacang-kacangan,Agro Subur,,Benih Kacang Merah - Agro Subur (50 g),"Benih Kacang Merah. Panen sekitar 85-100 hari, suhu ideal 16-25 C, pH 5.5-7.5, cocok hingga 3000 mdpl.",85,100,7.0,16.0,25.0,32.0,25.0,41.7,166.7,358.3,4.0,5.5,7.5,9.0,500,3000.0,lempung|liat berlempung|lempung berpasir,baik,6,lahan|polybag,12,125,50,16500,299,2,konsumsi|jual,karat daun|antraknosa,ecocrop,1
KACANG_MERAH-AGR-250G,kacang_merah:Agro Subur,kacang_merah,Kacang Merah,Phaseolus vulgaris,kacang-kacangan,Agro Subur,,Benih Kacang Merah - Agro Subur (250 g),"Benih Kacang Merah. Panen sekitar 85-100 hari, suhu ideal 16-25 C, pH 5.5-7.5, cocok hingga 3000 mdpl.",85,100,7.0,16.0,25.0,32.0,25.0,41.7,166.7,358.3,4.0,5.5,7.5,9.0,500,3000.0,lempung|liat berlempung|lempung berpasir,baik,6,lahan|polybag,12,625,250,77500,143,2,konsumsi|jual,karat daun|antraknosa,ecocrop,1
KACANG_MERAH-GRE-100G,kacang_merah:Greenfield Seeds,kacang_merah,Kacang Merah,Phaseolus vulgaris,kacang-kacangan,Greenfield Seeds,,Benih Kacang Merah - Greenfield Seeds (100 g),"Benih Kacang Merah. Panen sekitar 85-100 hari, suhu ideal 16-25 C, pH 5.5-7.5, cocok hingga 3000 mdpl.",85,100,7.0,16.0,25.0,32.0,25.0,41.7,166.7,358.3,4.0,5.5,7.5,9.0,500,3000.0,lempung|liat berlempung|lempung berpasir,baik,6,lahan|polybag,12,250,100,50000,313,2,konsumsi|jual,karat daun|antraknosa,ecocrop,1
KACANG_MERAH-GRE-250G,kacang_merah:Greenfield Seeds,kacang_merah,Kacang Merah,Phaseolus vulgaris,kacang-kacangan,Greenfield Seeds,,Benih Kacang Merah - Greenfield Seeds (250 g),"Benih Kacang Merah. Panen sekitar 85-100 hari, suhu ideal 16-25 C, pH 5.5-7.5, cocok hingga 3000 mdpl.",85,100,7.0,16.0,25.0,32.0,25.0,41.7,166.7,358.3,4.0,5.5,7.5,9.0,500,3000.0,lempung|liat berlempung|lempung berpasir,baik,6,lahan|polybag,12,625,250,123500,140,2,konsumsi|jual,karat daun|antraknosa,ecocrop,1
KACANG_MERAH-TAN-50G,kacang_merah:TaniMas,kacang_merah,Kacang Merah,Phaseolus vulgaris,kacang-kacangan,TaniMas,,Benih Kacang Merah - TaniMas (50 g),"Benih Kacang Merah. Panen sekitar 85-100 hari, suhu ideal 16-25 C, pH 5.5-7.5, cocok hingga 3000 mdpl.",85,100,7.0,16.0,25.0,32.0,25.0,41.7,166.7,358.3,4.0,5.5,7.5,9.0,500,3000.0,lempung|liat berlempung|lempung berpasir,baik,6,lahan|polybag,12,125,50,19500,52,2,konsumsi|jual,karat daun|antraknosa,ecocrop,1
KACANG_MERAH-TAN-100G,kacang_merah:TaniMas,kacang_merah,Kacang Merah,Phaseolus vulgaris,kacang-kacangan,TaniMas,,Benih Kacang Merah - TaniMas (100 g),"Benih Kacang Merah. Panen sekitar 85-100 hari, suhu ideal 16-25 C, pH 5.5-7.5, cocok hingga 3000 mdpl.",85,100,7.0,16.0,25.0,32.0,25.0,41.7,166.7,358.3,4.0,5.5,7.5,9.0,500,3000.0,lempung|liat berlempung|lempung berpasir,baik,6,lahan|polybag,12,250,100,34500,0,2,konsumsi|jual,karat daun|antraknosa,ecocrop,1
KACANG_GUDE-AGR-50G,kacang_gude:Agro Subur,kacang_gude,Kacang Gude,Cajanus cajan,kacang-kacangan,Agro Subur,,Benih Kacang Gude - Agro Subur (50 g),"Benih Kacang Gude. Panen sekitar 120-160 hari, suhu ideal 18-38 C, pH 5.0-7.0, cocok hingga 3000 mdpl.",120,160,10.0,18.0,38.0,45.0,33.3,50.0,125.0,333.3,4.5,5.0,7.0,8.4,0,3000.0,lempung|liat berlempung|lempung berpasir|berpasir,baik,7,lahan,4,350,50,13500,56,1,konsumsi|jual,ulat polong,ecocrop,1
KACANG_GUDE-AGR-100G,kacang_gude:Agro Subur,kacang_gude,Kacang Gude,Cajanus cajan,kacang-kacangan,Agro Subur,,Benih Kacang Gude - Agro Subur (100 g),"Benih Kacang Gude. Panen sekitar 120-160 hari, suhu ideal 18-38 C, pH 5.0-7.0, cocok hingga 3000 mdpl.",120,160,10.0,18.0,38.0,45.0,33.3,50.0,125.0,333.3,4.5,5.0,7.0,8.4,0,3000.0,lempung|liat berlempung|lempung berpasir|berpasir,baik,7,lahan,4,700,100,22500,338,1,konsumsi|jual,ulat polong,ecocrop,1
KACANG_GUDE-KEB-50G,kacang_gude:Kebun Lestari,kacang_gude,Kacang Gude,Cajanus cajan,kacang-kacangan,Kebun Lestari,,Benih Kacang Gude - Kebun Lestari (50 g),"Benih Kacang Gude. Panen sekitar 120-160 hari, suhu ideal 18-38 C, pH 5.0-7.0, cocok hingga 3000 mdpl.",120,160,10.0,18.0,38.0,45.0,33.3,50.0,125.0,333.3,4.5,5.0,7.0,8.4,0,3000.0,lempung|liat berlempung|lempung berpasir|berpasir,baik,7,lahan,4,350,50,14000,199,1,konsumsi|jual,ulat polong,ecocrop,1
KACANG_GUDE-KEB-100G,kacang_gude:Kebun Lestari,kacang_gude,Kacang Gude,Cajanus cajan,kacang-kacangan,Kebun Lestari,,Benih Kacang Gude - Kebun Lestari (100 g),"Benih Kacang Gude. Panen sekitar 120-160 hari, suhu ideal 18-38 C, pH 5.0-7.0, cocok hingga 3000 mdpl.",120,160,10.0,18.0,38.0,45.0,33.3,50.0,125.0,333.3,4.5,5.0,7.0,8.4,0,3000.0,lempung|liat berlempung|lempung berpasir|berpasir,baik,7,lahan,4,700,100,27500,123,1,konsumsi|jual,ulat polong,ecocrop,1
KACANG_GUDE-GRE-50G,kacang_gude:Greenfield Seeds,kacang_gude,Kacang Gude,Cajanus cajan,kacang-kacangan,Greenfield Seeds,,Benih Kacang Gude - Greenfield Seeds (50 g),"Benih Kacang Gude. Panen sekitar 120-160 hari, suhu ideal 18-38 C, pH 5.0-7.0, cocok hingga 3000 mdpl.",120,160,10.0,18.0,38.0,45.0,33.3,50.0,125.0,333.3,4.5,5.0,7.0,8.4,0,3000.0,lempung|liat berlempung|lempung berpasir|berpasir,baik,7,lahan,4,350,50,21000,40,1,konsumsi|jual,ulat polong,ecocrop,1
KACANG_GUDE-GRE-250G,kacang_gude:Greenfield Seeds,kacang_gude,Kacang Gude,Cajanus cajan,kacang-kacangan,Greenfield Seeds,,Benih Kacang Gude - Greenfield Seeds (250 g),"Benih Kacang Gude. Panen sekitar 120-160 hari, suhu ideal 18-38 C, pH 5.0-7.0, cocok hingga 3000 mdpl.",120,160,10.0,18.0,38.0,45.0,33.3,50.0,125.0,333.3,4.5,5.0,7.0,8.4,0,3000.0,lempung|liat berlempung|lempung berpasir|berpasir,baik,7,lahan,4,1750,250,93500,34,1,konsumsi|jual,ulat polong,ecocrop,1
KOMAK-AGR-50G,komak:Agro Subur,komak,Komak (Kacang Lablab),Lablab purpureus,kacang-kacangan,Agro Subur,,Benih Komak (Kacang Lablab) - Agro Subur (50 g),"Benih Komak (Kacang Lablab). Panen sekitar 90-120 hari, suhu ideal 18-32 C, pH 5.0-7.5, cocok hingga 2100 mdpl.",90,120,3.0,18.0,32.0,38.0,16.7,50.0,83.3,208.3,4.5,5.0,7.5,8.0,0,2100.0,liat|liat berlempung|lempung|lempung berpasir|berpasir,baik,6,lahan|vertikultur,5,175,50,12500,111,1,konsumsi,kutu daun,ecocrop,1
KOMAK-AGR-250G,komak:Agro Subur,komak,Komak (Kacang Lablab),Lablab purpureus,kacang-kacangan,Agro Subur,,Benih Komak (Kacang Lablab) - Agro Subur (250 g),"Benih Komak (Kacang Lablab). Panen sekitar 90-120 hari, suhu ideal 18-32 C, pH 5.0-7.5, cocok hingga 2100 mdpl.",90,120,3.0,18.0,32.0,38.0,16.7,50.0,83.3,208.3,4.5,5.0,7.5,8.0,0,2100.0,liat|liat berlempung|lempung|lempung berpasir|berpasir,baik,6,lahan|vertikultur,5,875,250,59500,312,1,konsumsi,kutu daun,ecocrop,1
KOMAK-GRE-50G,komak:Greenfield Seeds,komak,Komak (Kacang Lablab),Lablab purpureus,kacang-kacangan,Greenfield Seeds,,Benih Komak (Kacang Lablab) - Greenfield Seeds (50 g),"Benih Komak (Kacang Lablab). Panen sekitar 90-120 hari, suhu ideal 18-32 C, pH 5.0-7.5, cocok hingga 2100 mdpl.",90,120,3.0,18.0,32.0,38.0,16.7,50.0,83.3,208.3,4.5,5.0,7.5,8.0,0,2100.0,liat|liat berlempung|lempung|lempung berpasir|berpasir,baik,6,lahan|vertikultur,5,175,50,19500,209,1,konsumsi,kutu daun,ecocrop,1
KOMAK-GRE-100G,komak:Greenfield Seeds,komak,Komak (Kacang Lablab),Lablab purpureus,kacang-kacangan,Greenfield Seeds,,Benih Komak (Kacang Lablab) - Greenfield Seeds (100 g),"Benih Komak (Kacang Lablab). Panen sekitar 90-120 hari, suhu ideal 18-32 C, pH 5.0-7.5, cocok hingga 2100 mdpl.",90,120,3.0,18.0,32.0,38.0,16.7,50.0,83.3,208.3,4.5,5.0,7.5,8.0,0,2100.0,liat|liat berlempung|lempung|lempung berpasir|berpasir,baik,6,lahan|vertikultur,5,350,100,34000,96,1,konsumsi,kutu daun,ecocrop,1
KOMAK-KEB-50G,komak:Kebun Lestari,komak,Komak (Kacang Lablab),Lablab purpureus,kacang-kacangan,Kebun Lestari,,Benih Komak (Kacang Lablab) - Kebun Lestari (50 g),"Benih Komak (Kacang Lablab). Panen sekitar 90-120 hari, suhu ideal 18-32 C, pH 5.0-7.5, cocok hingga 2100 mdpl.",90,120,3.0,18.0,32.0,38.0,16.7,50.0,83.3,208.3,4.5,5.0,7.5,8.0,0,2100.0,liat|liat berlempung|lempung|lempung berpasir|berpasir,baik,6,lahan|vertikultur,5,175,50,15000,16,1,konsumsi,kutu daun,ecocrop,1
KOMAK-KEB-100G,komak:Kebun Lestari,komak,Komak (Kacang Lablab),Lablab purpureus,kacang-kacangan,Kebun Lestari,,Benih Komak (Kacang Lablab) - Kebun Lestari (100 g),"Benih Komak (Kacang Lablab). Panen sekitar 90-120 hari, suhu ideal 18-32 C, pH 5.0-7.5, cocok hingga 2100 mdpl.",90,120,3.0,18.0,32.0,38.0,16.7,50.0,83.3,208.3,4.5,5.0,7.5,8.0,0,2100.0,liat|liat berlempung|lempung|lempung berpasir|berpasir,baik,6,lahan|vertikultur,5,350,100,26000,28,1,konsumsi,kutu daun,ecocrop,1
KECIPIR-BEN-50G,kecipir:Benih Nusantara,kecipir,Kecipir,Psophocarpus tetragonolobus,kacang-kacangan,Benih Nusantara,,Benih Kecipir - Benih Nusantara (50 g),"Benih Kecipir. Panen sekitar 70-90 hari, suhu ideal 18-30 C, pH 5.5-7.0, cocok hingga 2000 mdpl.",70,90,14.0,18.0,30.0,40.0,41.7,83.3,208.3,341.7,4.3,5.5,7.0,8.5,0,2000.0,lempung|liat berlempung|lempung berpasir,baik,6,lahan|vertikultur,5,200,50,37000,238,1,konsumsi|jual,kutu daun|karat daun,ecocrop,1
KECIPIR-BEN-100G,kecipir:Benih Nusantara,kecipir,Kecipir,Psophocarpus tetragonolobus,kacang-kacangan,Benih Nusantara,,Benih Kecipir - Benih Nusantara (100 g),"Benih Kecipir. Panen sekitar 70-90 hari, suhu ideal 18-30 C, pH 5.5-7.0, cocok hingga 2000 mdpl.",70,90,14.0,18.0,30.0,40.0,41.7,83.3,208.3,341.7,4.3,5.5,7.0,8.5,0,2000.0,lempung|liat berlempung|lempung berpasir,baik,6,lahan|vertikultur,5,400,100,66500,207,1,konsumsi|jual,kutu daun|karat daun,ecocrop,1
KECIPIR-BIB-25G,kecipir:BibitKu,kecipir,Kecipir,Psophocarpus tetragonolobus,kacang-kacangan,BibitKu,,Benih Kecipir - BibitKu (25 g),"Benih Kecipir. Panen sekitar 70-90 hari, suhu ideal 18-30 C, pH 5.5-7.0, cocok hingga 2000 mdpl.",70,90,14.0,18.0,30.0,40.0,41.7,83.3,208.3,341.7,4.3,5.5,7.0,8.5,0,2000.0,lempung|liat berlempung|lempung berpasir,baik,6,lahan|vertikultur,5,100,25,12000,129,1,konsumsi|jual,kutu daun|karat daun,ecocrop,1
KECIPIR-BIB-100G,kecipir:BibitKu,kecipir,Kecipir,Psophocarpus tetragonolobus,kacang-kacangan,BibitKu,,Benih Kecipir - BibitKu (100 g),"Benih Kecipir. Panen sekitar 70-90 hari, suhu ideal 18-30 C, pH 5.5-7.0, cocok hingga 2000 mdpl.",70,90,14.0,18.0,30.0,40.0,41.7,83.3,208.3,341.7,4.3,5.5,7.0,8.5,0,2000.0,lempung|liat berlempung|lempung berpasir,baik,6,lahan|vertikultur,5,400,100,43500,83,1,konsumsi|jual,kutu daun|karat daun,ecocrop,1
KECIPIR-TAN-25G,kecipir:TaniMas,kecipir,Kecipir,Psophocarpus tetragonolobus,kacang-kacangan,TaniMas,,Benih Kecipir - TaniMas (25 g),"Benih Kecipir. Panen sekitar 70-90 hari, suhu ideal 18-30 C, pH 5.5-7.0, cocok hingga 2000 mdpl.",70,90,14.0,18.0,30.0,40.0,41.7,83.3,208.3,341.7,4.3,5.5,7.0,8.5,0,2000.0,lempung|liat berlempung|lempung berpasir,baik,6,lahan|vertikultur,5,100,25,15500,241,1,konsumsi|jual,kutu daun|karat daun,ecocrop,1
KECIPIR-TAN-50G,kecipir:TaniMas,kecipir,Kecipir,Psophocarpus tetragonolobus,kacang-kacangan,TaniMas,,Benih Kecipir - TaniMas (50 g),"Benih Kecipir. Panen sekitar 70-90 hari, suhu ideal 18-30 C, pH 5.5-7.0, cocok hingga 2000 mdpl.",70,90,14.0,18.0,30.0,40.0,41.7,83.3,208.3,341.7,4.3,5.5,7.0,8.5,0,2000.0,lempung|liat berlempung|lempung berpasir,baik,6,lahan|vertikultur,5,200,50,27500,86,1,konsumsi|jual,kutu daun|karat daun,ecocrop,1
KORO_PEDANG-AGR-100G,koro_pedang:Agro Subur,koro_pedang,Koro Pedang,Canavalia ensiformis,kacang-kacangan,Agro Subur,,Benih Koro Pedang - Agro Subur (100 g),"Benih Koro Pedang. Panen sekitar 120-150 hari, suhu ideal 20-28 C, pH 5.0-6.0, cocok hingga 1800 mdpl.",120,150,14.0,20.0,28.0,36.0,50.0,66.7,166.7,358.3,4.3,5.0,6.0,8.0,0,1800.0,liat|liat berlempung|lempung|lempung berpasir|berpasir,baik,7,lahan|vertikultur,2,150,100,24500,161,1,konsumsi|jual,kutu daun,ecocrop,1
KORO_PEDANG-AGR-500G,koro_pedang:Agro Subur,koro_pedang,Koro Pedang,Canavalia ensiformis,kacang-kacangan,Agro Subur,,Benih Koro Pedang - Agro Subur (500 g),"Benih Koro Pedang. Panen sekitar 120-150 hari, suhu ideal 20-28 C, pH 5.0-6.0, cocok hingga 1800 mdpl.",120,150,14.0,20.0,28.0,36.0,50.0,66.7,166.7,358.3,4.3,5.0,6.0,8.0,0,1800.0,liat|liat berlempung|lempung|lempung berpasir|berpasir,baik,7,lahan|vertikultur,2,750,500,114000,261,1,konsumsi|jual,kutu daun,ecocrop,1
KORO_PEDANG-KEB-100G,koro_pedang:Kebun Lestari,koro_pedang,Koro Pedang,Canavalia ensiformis,kacang-kacangan,Kebun Lestari,,Benih Koro Pedang - Kebun Lestari (100 g),"Benih Koro Pedang. Panen sekitar 120-150 hari, suhu ideal 20-28 C, pH 5.0-6.0, cocok hingga 1800 mdpl.",120,150,14.0,20.0,28.0,36.0,50.0,66.7,166.7,358.3,4.3,5.0,6.0,8.0,0,1800.0,liat|liat berlempung|lempung|lempung berpasir|berpasir,baik,7,lahan|vertikultur,2,150,100,29000,88,1,konsumsi|jual,kutu daun,ecocrop,1
KORO_PEDANG-KEB-250G,koro_pedang:Kebun Lestari,koro_pedang,Koro Pedang,Canavalia ensiformis,kacang-kacangan,Kebun Lestari,,Benih Koro Pedang - Kebun Lestari (250 g),"Benih Koro Pedang. Panen sekitar 120-150 hari, suhu ideal 20-28 C, pH 5.0-6.0, cocok hingga 1800 mdpl.",120,150,14.0,20.0,28.0,36.0,50.0,66.7,166.7,358.3,4.3,5.0,6.0,8.0,0,1800.0,liat|liat berlempung|lempung|lempung berpasir|berpasir,baik,7,lahan|vertikultur,2,375,250,69000,352,1,konsumsi|jual,kutu daun,ecocrop,1
KORO_PEDANG-GRE-100G,koro_pedang:Greenfield Seeds,koro_pedang,Koro Pedang,Canavalia ensiformis,kacang-kacangan,Greenfield Seeds,,Benih Koro Pedang - Greenfield Seeds (100 g),"Benih Koro Pedang. Panen sekitar 120-150 hari, suhu ideal 20-28 C, pH 5.0-6.0, cocok hingga 1800 mdpl.",120,150,14.0,20.0,28.0,36.0,50.0,66.7,166.7,358.3,4.3,5.0,6.0,8.0,0,1800.0,liat|liat berlempung|lempung|lempung berpasir|berpasir,baik,7,lahan|vertikultur,2,150,100,41500,396,1,konsumsi|jual,kutu daun,ecocrop,1
KORO_PEDANG-GRE-250G,koro_pedang:Greenfield Seeds,koro_pedang,Koro Pedang,Canavalia ensiformis,kacang-kacangan,Greenfield Seeds,,Benih Koro Pedang - Greenfield Seeds (250 g),"Benih Koro Pedang. Panen sekitar 120-150 hari, suhu ideal 20-28 C, pH 5.0-6.0, cocok hingga 1800 mdpl.",120,150,14.0,20.0,28.0,36.0,50.0,66.7,166.7,358.3,4.3,5.0,6.0,8.0,0,1800.0,liat|liat berlempung|lempung|lempung berpasir|berpasir,baik,7,lahan|vertikultur,2,375,250,85500,143,1,konsumsi|jual,kutu daun,ecocrop,1
PADI-BEN-1000G,padi:Benih Nusantara,padi,Padi,Oryza sativa ssp. indica,serealia,Benih Nusantara,,Benih Padi - Benih Nusantara (1000 g),"Benih Padi. Panen sekitar 105-125 hari, suhu ideal 24-33 C, pH 5.0-8.0, cocok hingga 1200 mdpl.",105,125,16.0,24,33,38.0,83.3,125.0,166.7,333.3,3.5,5.0,8.0,9.0,0,1200.0,liat|liat berlempung|lempung|lempung berpasir|berpasir,toleran,8,lahan,150,38000,1000,23000,381,2,konsumsi|jual,wereng|blast,ecocrop,1
PADI-BEN-5000G,padi:Benih Nusantara,padi,Padi,Oryza sativa ssp. indica,serealia,Benih Nusantara,,Benih Padi - Benih Nusantara (5000 g),"Benih Padi. Panen sekitar 105-125 hari, suhu ideal 24-33 C, pH 5.0-8.0, cocok hingga 1200 mdpl.",105,125,16.0,24,33,38.0,83.3,125.0,166.7,333.3,3.5,5.0,8.0,9.0,0,1200.0,liat|liat berlempung|lempung|lempung berpasir|berpasir,toleran,8,lahan,150,190000,5000,111500,337,2,konsumsi|jual,wereng|blast,ecocrop,1
PADI-BIB-500G,padi:BibitKu,padi,Padi,Oryza sativa ssp. indica,serealia,BibitKu,,Benih Padi - BibitKu (500 g),"Benih Padi. Panen sekitar 105-125 hari, suhu ideal 24-33 C, pH 5.0-8.0, cocok hingga 1200 mdpl.",105,125,16.0,24,33,38.0,83.3,125.0,166.7,333.3,3.5,5.0,8.0,9.0,0,1200.0,liat|liat berlempung|lempung|lempung berpasir|berpasir,toleran,8,lahan,150,19000,500,8500,81,2,konsumsi|jual,wereng|blast,ecocrop,1
PADI-BIB-1000G,padi:BibitKu,padi,Padi,Oryza sativa ssp. indica,serealia,BibitKu,,Benih Padi - BibitKu (1000 g),"Benih Padi. Panen sekitar 105-125 hari, suhu ideal 24-33 C, pH 5.0-8.0, cocok hingga 1200 mdpl.",105,125,16.0,24,33,38.0,83.3,125.0,166.7,333.3,3.5,5.0,8.0,9.0,0,1200.0,liat|liat berlempung|lempung|lempung berpasir|berpasir,toleran,8,lahan,150,38000,1000,14500,279,2,konsumsi|jual,wereng|blast,ecocrop,1
PADI-TAN-500G,padi:TaniMas,padi,Padi,Oryza sativa ssp. indica,serealia,TaniMas,,Benih Padi - TaniMas (500 g),"Benih Padi. Panen sekitar 105-125 hari, suhu ideal 24-33 C, pH 5.0-8.0, cocok hingga 1200 mdpl.",105,125,16.0,24,33,38.0,83.3,125.0,166.7,333.3,3.5,5.0,8.0,9.0,0,1200.0,liat|liat berlempung|lempung|lempung berpasir|berpasir,toleran,8,lahan,150,19000,500,10000,0,2,konsumsi|jual,wereng|blast,ecocrop,1
PADI-TAN-1000G,padi:TaniMas,padi,Padi,Oryza sativa ssp. indica,serealia,TaniMas,,Benih Padi - TaniMas (1000 g),"Benih Padi. Panen sekitar 105-125 hari, suhu ideal 24-33 C, pH 5.0-8.0, cocok hingga 1200 mdpl.",105,125,16.0,24,33,38.0,83.3,125.0,166.7,333.3,3.5,5.0,8.0,9.0,0,1200.0,liat|liat berlempung|lempung|lempung berpasir|berpasir,toleran,8,lahan,150,38000,1000,18000,102,2,konsumsi|jual,wereng|blast,ecocrop,1
JAGUNG_PIPIL-BEN-100G,jagung_pipil:Benih Nusantara,jagung_pipil,Jagung Pipil,Zea mays,serealia,Benih Nusantara,,Benih Jagung Pipil - Benih Nusantara (100 g),"Benih Jagung Pipil. Panen sekitar 90-110 hari, suhu ideal 22-32 C, pH 5.0-7.0, cocok hingga 3000 mdpl.",90,110,10.0,22,32,47.0,33.3,50.0,100.0,150.0,4.5,5.0,7.0,8.5,0,3000.0,lempung|lempung berpasir,baik,8,lahan|polybag,6,400,100,41500,321,1,jual|konsumsi,bulai|ulat grayak,ecocrop,1
JAGUNG_PIPIL-BEN-250G,jagung_pipil:Benih Nusantara,jagung_pipil,Jagung Pipil,Zea mays,serealia,Benih Nusantara,,Benih Jagung Pipil - Benih Nusantara (250 g),"Benih Jagung Pipil. Panen sekitar 90-110 hari, suhu ideal 22-32 C, pH 5.0-7.0, cocok hingga 3000 mdpl.",90,110,10.0,22,32,47.0,33.3,50.0,100.0,150.0,4.5,5.0,7.0,8.5,0,3000.0,lempung|lempung berpasir,baik,8,lahan|polybag,6,1000,250,94500,99,1,jual|konsumsi,bulai|ulat grayak,ecocrop,1
JAGUNG_PIPIL-BIB-100G,jagung_pipil:BibitKu,jagung_pipil,Jagung Pipil,Zea mays,serealia,BibitKu,,Benih Jagung Pipil - BibitKu (100 g),"Benih Jagung Pipil. Panen sekitar 90-110 hari, suhu ideal 22-32 C, pH 5.0-7.0, cocok hingga 3000 mdpl.",90,110,10.0,22,32,47.0,33.3,50.0,100.0,150.0,4.5,5.0,7.0,8.5,0,3000.0,lempung|lempung berpasir,baik,8,lahan|polybag,6,400,100,29000,108,1,jual|konsumsi,bulai|ulat grayak,ecocrop,1
JAGUNG_PIPIL-BIB-250G,jagung_pipil:BibitKu,jagung_pipil,Jagung Pipil,Zea mays,serealia,BibitKu,,Benih Jagung Pipil - BibitKu (250 g),"Benih Jagung Pipil. Panen sekitar 90-110 hari, suhu ideal 22-32 C, pH 5.0-7.0, cocok hingga 3000 mdpl.",90,110,10.0,22,32,47.0,33.3,50.0,100.0,150.0,4.5,5.0,7.0,8.5,0,3000.0,lempung|lempung berpasir,baik,8,lahan|polybag,6,1000,250,64500,43,1,jual|konsumsi,bulai|ulat grayak,ecocrop,1
JAGUNG_PIPIL-GRE-500G,jagung_pipil:Greenfield Seeds,jagung_pipil,Jagung Pipil,Zea mays,serealia,Greenfield Seeds,,Benih Jagung Pipil - Greenfield Seeds (500 g),"Benih Jagung Pipil. Panen sekitar 90-110 hari, suhu ideal 22-32 C, pH 5.0-7.0, cocok hingga 3000 mdpl.",90,110,10.0,22,32,47.0,33.3,50.0,100.0,150.0,4.5,5.0,7.0,8.5,0,3000.0,lempung|lempung berpasir,baik,8,lahan|polybag,6,2000,500,243000,187,1,jual|konsumsi,bulai|ulat grayak,ecocrop,1
JAGUNG_PIPIL-GRE-1000G,jagung_pipil:Greenfield Seeds,jagung_pipil,Jagung Pipil,Zea mays,serealia,Greenfield Seeds,,Benih Jagung Pipil - Greenfield Seeds (1000 g),"Benih Jagung Pipil. Panen sekitar 90-110 hari, suhu ideal 22-32 C, pH 5.0-7.0, cocok hingga 3000 mdpl.",90,110,10.0,22,32,47.0,33.3,50.0,100.0,150.0,4.5,5.0,7.0,8.5,0,3000.0,lempung|lempung berpasir,baik,8,lahan|polybag,6,4000,1000,407000,262,1,jual|konsumsi,bulai|ulat grayak,ecocrop,1
SORGUM-TAN-100G,sorgum:TaniMas,sorgum,Sorgum,Sorghum bicolor,serealia,TaniMas,,Benih Sorgum - TaniMas (100 g),"Benih Sorgum. Panen sekitar 100-130 hari, suhu ideal 22-35 C, pH 5.5-7.5, cocok hingga 2500 mdpl.",100,130,8.0,22.0,35.0,40.0,25.0,33.3,50.0,58.3,5.0,5.5,7.5,8.0,0,2500.0,liat|liat berlempung|lempung|lempung berpasir,baik,8,lahan,20,3000,100,16000,105,2,jual|konsumsi,lalat bibit|burung,ecocrop,1
SORGUM-TAN-1000G,sorgum:TaniMas,sorgum,Sorgum,Sorghum bicolor,serealia,TaniMas,,Benih Sorgum - TaniMas (1000 g),"Benih Sorgum. Panen sekitar 100-130 hari, suhu ideal 22-35 C, pH 5.5-7.5, cocok hingga 2500 mdpl.",100,130,8.0,22.0,35.0,40.0,25.0,33.3,50.0,58.3,5.0,5.5,7.5,8.0,0,2500.0,liat|liat berlempung|lempung|lempung berpasir,baik,8,lahan,20,30000,1000,138000,28,2,jual|konsumsi,lalat bibit|burung,ecocrop,1
SORGUM-BIB-250G,sorgum:BibitKu,sorgum,Sorgum,Sorghum bicolor,serealia,BibitKu,,Benih Sorgum - BibitKu (250 g),"Benih Sorgum. Panen sekitar 100-130 hari, suhu ideal 22-35 C, pH 5.5-7.5, cocok hingga 2500 mdpl.",100,130,8.0,22.0,35.0,40.0,25.0,33.3,50.0,58.3,5.0,5.5,7.5,8.0,0,2500.0,liat|liat berlempung|lempung|lempung berpasir,baik,8,lahan,20,7500,250,30000,12,2,jual|konsumsi,lalat bibit|burung,ecocrop,1
SORGUM-BIB-500G,sorgum:BibitKu,sorgum,Sorgum,Sorghum bicolor,serealia,BibitKu,,Benih Sorgum - BibitKu (500 g),"Benih Sorgum. Panen sekitar 100-130 hari, suhu ideal 22-35 C, pH 5.5-7.5, cocok hingga 2500 mdpl.",100,130,8.0,22.0,35.0,40.0,25.0,33.3,50.0,58.3,5.0,5.5,7.5,8.0,0,2500.0,liat|liat berlempung|lempung|lempung berpasir,baik,8,lahan,20,15000,500,54000,274,2,jual|konsumsi,lalat bibit|burung,ecocrop,1
SORGUM-KEB-100G,sorgum:Kebun Lestari,sorgum,Sorgum,Sorghum bicolor,serealia,Kebun Lestari,,Benih Sorgum - Kebun Lestari (100 g),"Benih Sorgum. Panen sekitar 100-130 hari, suhu ideal 22-35 C, pH 5.5-7.5, cocok hingga 2500 mdpl.",100,130,8.0,22.0,35.0,40.0,25.0,33.3,50.0,58.3,5.0,5.5,7.5,8.0,0,2500.0,liat|liat berlempung|lempung|lempung berpasir,baik,8,lahan,20,3000,100,14000,174,2,jual|konsumsi,lalat bibit|burung,ecocrop,1
SORGUM-KEB-1000G,sorgum:Kebun Lestari,sorgum,Sorgum,Sorghum bicolor,serealia,Kebun Lestari,,Benih Sorgum - Kebun Lestari (1000 g),"Benih Sorgum. Panen sekitar 100-130 hari, suhu ideal 22-35 C, pH 5.5-7.5, cocok hingga 2500 mdpl.",100,130,8.0,22.0,35.0,40.0,25.0,33.3,50.0,58.3,5.0,5.5,7.5,8.0,0,2500.0,liat|liat berlempung|lempung|lempung berpasir,baik,8,lahan,20,30000,1000,135000,305,2,jual|konsumsi,lalat bibit|burung,ecocrop,1
JEWAWUT-TAN-100G,jewawut:TaniMas,jewawut,Jewawut,Setaria italica,serealia,TaniMas,,Benih Jewawut - TaniMas (100 g),"Benih Jewawut. Panen sekitar 70-90 hari, suhu ideal 16-26 C, pH 6.0-6.8, cocok hingga 2000 mdpl.",70,90,5.0,16.0,26.0,35.0,25.0,41.7,58.3,333.3,5.5,6.0,6.8,8.3,0,2000.0,lempung|liat berlempung|lempung berpasir|berpasir,baik,8,lahan,100,45000,100,20000,0,1,konsumsi|jual,burung,ecocrop,1
JEWAWUT-TAN-250G,jewawut:TaniMas,jewawut,Jewawut,Setaria italica,serealia,TaniMas,,Benih Jewawut - TaniMas (250 g),"Benih Jewawut. Panen sekitar 70-90 hari, suhu ideal 16-26 C, pH 6.0-6.8, cocok hingga 2000 mdpl.",70,90,5.0,16.0,26.0,35.0,25.0,41.7,58.3,333.3,5.5,6.0,6.8,8.3,0,2000.0,lempung|liat berlempung|lempung berpasir|berpasir,baik,8,lahan,100,112500,250,47500,134,1,konsumsi|jual,burung,ecocrop,1
JEWAWUT-AGR-50G,jewawut:Agro Subur,jewawut,Jewawut,Setaria italica,serealia,Agro Subur,,Benih Jewawut - Agro Subur (50 g),"Benih Jewawut. Panen sekitar 70-90 hari, suhu ideal 16-26 C, pH 6.0-6.8, cocok hingga 2000 mdpl.",70,90,5.0,16.0,26.0,35.0,25.0,41.7,58.3,333.3,5.5,6.0,6.8,8.3,0,2000.0,lempung|liat berlempung|lempung berpasir|berpasir,baik,8,lahan,100,22500,50,9000,169,1,konsumsi|jual,burung,ecocrop,1
JEWAWUT-AGR-250G,jewawut:Agro Subur,jewawut,Jewawut,Setaria italica,serealia,Agro Subur,,Benih Jewawut - Agro Subur (250 g),"Benih Jewawut. Panen sekitar 70-90 hari, suhu ideal 16-26 C, pH 6.0-6.8, cocok hingga 2000 mdpl.",70,90,5.0,16.0,26.0,35.0,25.0,41.7,58.3,333.3,5.5,6.0,6.8,8.3,0,2000.0,lempung|liat berlempung|lempung berpasir|berpasir,baik,8,lahan,100,112500,250,37500,25,1,konsumsi|jual,burung,ecocrop,1
JEWAWUT-BIB-50G,jewawut:BibitKu,jewawut,Jewawut,Setaria italica,serealia,BibitKu,,Benih Jewawut - BibitKu (50 g),"Benih Jewawut. Panen sekitar 70-90 hari, suhu ideal 16-26 C, pH 6.0-6.8, cocok hingga 2000 mdpl.",70,90,5.0,16.0,26.0,35.0,25.0,41.7,58.3,333.3,5.5,6.0,6.8,8.3,0,2000.0,lempung|liat berlempung|lempung berpasir|berpasir,baik,8,lahan,100,22500,50,8500,143,1,konsumsi|jual,burung,ecocrop,1
JEWAWUT-BIB-250G,jewawut:BibitKu,jewawut,Jewawut,Setaria italica,serealia,BibitKu,,Benih Jewawut - BibitKu (250 g),"Benih Jewawut. Panen sekitar 70-90 hari, suhu ideal 16-26 C, pH 6.0-6.8, cocok hingga 2000 mdpl.",70,90,5.0,16.0,26.0,35.0,25.0,41.7,58.3,333.3,5.5,6.0,6.8,8.3,0,2000.0,lempung|liat berlempung|lempung berpasir|berpasir,baik,8,lahan,100,112500,250,34500,305,1,konsumsi|jual,burung,ecocrop,1
SOBA-KEB-100G,soba:Kebun Lestari,soba,Soba (Buckwheat),Fagopyrum esculentum,serealia,Kebun Lestari,,Benih Soba (Buckwheat) - Kebun Lestari (100 g),"Benih Soba (Buckwheat). Panen sekitar 60-80 hari, suhu ideal 17-27 C, pH 5.0-6.5, cocok hingga 2000 mdpl.",60,80,7.0,17.0,27.0,40.0,33.3,58.3,83.3,108.3,4.4,5.0,6.5,7.5,300,2000.0,lempung|liat berlempung|lempung berpasir|berpasir,baik,7,lahan|polybag,100,4000,100,27500,377,2,konsumsi|jual,kutu daun,ecocrop,1
SOBA-KEB-250G,soba:Kebun Lestari,soba,Soba (Buckwheat),Fagopyrum esculentum,serealia,Kebun Lestari,,Benih Soba (Buckwheat) - Kebun Lestari (250 g),"Benih Soba (Buckwheat). Panen sekitar 60-80 hari, suhu ideal 17-27 C, pH 5.0-6.5, cocok hingga 2000 mdpl.",60,80,7.0,17.0,27.0,40.0,33.3,58.3,83.3,108.3,4.4,5.0,6.5,7.5,300,2000.0,lempung|liat berlempung|lempung berpasir|berpasir,baik,7,lahan|polybag,100,10000,250,62500,248,2,konsumsi|jual,kutu daun,ecocrop,1
SOBA-GRE-100G,soba:Greenfield Seeds,soba,Soba (Buckwheat),Fagopyrum esculentum,serealia,Greenfield Seeds,,Benih Soba (Buckwheat) - Greenfield Seeds (100 g),"Benih Soba (Buckwheat). Panen sekitar 60-80 hari, suhu ideal 17-27 C, pH 5.0-6.5, cocok hingga 2000 mdpl.",60,80,7.0,17.0,27.0,40.0,33.3,58.3,83.3,108.3,4.4,5.0,6.5,7.5,300,2000.0,lempung|liat berlempung|lempung berpasir|berpasir,baik,7,lahan|polybag,100,4000,100,37500,80,2,konsumsi|jual,kutu daun,ecocrop,1
SOBA-GRE-250G,soba:Greenfield Seeds,soba,Soba (Buckwheat),Fagopyrum esculentum,serealia,Greenfield Seeds,,Benih Soba (Buckwheat) - Greenfield Seeds (250 g),"Benih Soba (Buckwheat). Panen sekitar 60-80 hari, suhu ideal 17-27 C, pH 5.0-6.5, cocok hingga 2000 mdpl.",60,80,7.0,17.0,27.0,40.0,33.3,58.3,83.3,108.3,4.4,5.0,6.5,7.5,300,2000.0,lempung|liat berlempung|lempung berpasir|berpasir,baik,7,lahan|polybag,100,10000,250,89500,126,2,konsumsi|jual,kutu daun,ecocrop,1
SOBA-BEN-50G,soba:Benih Nusantara,soba,Soba (Buckwheat),Fagopyrum esculentum,serealia,Benih Nusantara,,Benih Soba (Buckwheat) - Benih Nusantara (50 g),"Benih Soba (Buckwheat). Panen sekitar 60-80 hari, suhu ideal 17-27 C, pH 5.0-6.5, cocok hingga 2000 mdpl.",60,80,7.0,17.0,27.0,40.0,33.3,58.3,83.3,108.3,4.4,5.0,6.5,7.5,300,2000.0,lempung|liat berlempung|lempung berpasir|berpasir,baik,7,lahan|polybag,100,2000,50,18000,19,2,konsumsi|jual,kutu daun,ecocrop,1
SOBA-BEN-100G,soba:Benih Nusantara,soba,Soba (Buckwheat),Fagopyrum esculentum,serealia,Benih Nusantara,,Benih Soba (Buckwheat) - Benih Nusantara (100 g),"Benih Soba (Buckwheat). Panen sekitar 60-80 hari, suhu ideal 17-27 C, pH 5.0-6.5, cocok hingga 2000 mdpl.",60,80,7.0,17.0,27.0,40.0,33.3,58.3,83.3,108.3,4.4,5.0,6.5,7.5,300,2000.0,lempung|liat berlempung|lempung berpasir|berpasir,baik,7,lahan|polybag,100,4000,100,33500,225,2,konsumsi|jual,kutu daun,ecocrop,1
OROK_OROK-GRE-100G,orok_orok:Greenfield Seeds,orok_orok,Orok-orok (Crotalaria),Crotalaria juncea,pupuk hijau & pakan,Greenfield Seeds,,Benih Orok-orok (Crotalaria) - Greenfield Seeds (100 g),"Benih Orok-orok (Crotalaria). Panen sekitar 45-75 hari, suhu ideal 20-30 C, pH 6.0-7.0, cocok hingga 1500 mdpl.",45,75,4.0,20.0,30.0,40.0,16.7,41.7,125.0,358.3,5.0,6.0,7.0,8.4,0,1500.0,lempung|liat berlempung|lempung berpasir,baik,8,lahan,100,3000,100,16500,133,1,jual,ulat daun,ecocrop,1
OROK_OROK-GRE-1000G,orok_orok:Greenfield Seeds,orok_orok,Orok-orok (Crotalaria),Crotalaria juncea,pupuk hijau & pakan,Greenfield Seeds,,Benih Orok-orok (Crotalaria) - Greenfield Seeds (1000 g),"Benih Orok-orok (Crotalaria). Panen sekitar 45-75 hari, suhu ideal 20-30 C, pH 6.0-7.0, cocok hingga 1500 mdpl.",45,75,4.0,20.0,30.0,40.0,16.7,41.7,125.0,358.3,5.0,6.0,7.0,8.4,0,1500.0,lempung|liat berlempung|lempung berpasir,baik,8,lahan,100,30000,1000,148500,298,1,jual,ulat daun,ecocrop,1
OROK_OROK-BIB-250G,orok_orok:BibitKu,orok_orok,Orok-orok (Crotalaria),Crotalaria juncea,pupuk hijau & pakan,BibitKu,,Benih Orok-orok (Crotalaria) - BibitKu (250 g),"Benih Orok-orok (Crotalaria). Panen sekitar 45-75 hari, suhu ideal 20-30 C, pH 6.0-7.0, cocok hingga 1500 mdpl.",45,75,4.0,20.0,30.0,40.0,16.7,41.7,125.0,358.3,5.0,6.0,7.0,8.4,0,1500.0,lempung|liat berlempung|lempung berpasir,baik,8,lahan,100,7500,250,25500,274,1,jual,ulat daun,ecocrop,1
OROK_OROK-BIB-500G,orok_orok:BibitKu,orok_orok,Orok-orok (Crotalaria),Crotalaria juncea,pupuk hijau & pakan,BibitKu,,Benih Orok-orok (Crotalaria) - BibitKu (500 g),"Benih Orok-orok (Crotalaria). Panen sekitar 45-75 hari, suhu ideal 20-30 C, pH 6.0-7.0, cocok hingga 1500 mdpl.",45,75,4.0,20.0,30.0,40.0,16.7,41.7,125.0,358.3,5.0,6.0,7.0,8.4,0,1500.0,lempung|liat berlempung|lempung berpasir,baik,8,lahan,100,15000,500,42000,190,1,jual,ulat daun,ecocrop,1
OROK_OROK-TAN-250G,orok_orok:TaniMas,orok_orok,Orok-orok (Crotalaria),Crotalaria juncea,pupuk hijau & pakan,TaniMas,,Benih Orok-orok (Crotalaria) - TaniMas (250 g),"Benih Orok-orok (Crotalaria). Panen sekitar 45-75 hari, suhu ideal 20-30 C, pH 6.0-7.0, cocok hingga 1500 mdpl.",45,75,4.0,20.0,30.0,40.0,16.7,41.7,125.0,358.3,5.0,6.0,7.0,8.4,0,1500.0,lempung|liat berlempung|lempung berpasir,baik,8,lahan,100,7500,250,31000,0,1,jual,ulat daun,ecocrop,1
OROK_OROK-TAN-1000G,orok_orok:TaniMas,orok_orok,Orok-orok (Crotalaria),Crotalaria juncea,pupuk hijau & pakan,TaniMas,,Benih Orok-orok (Crotalaria) - TaniMas (1000 g),"Benih Orok-orok (Crotalaria). Panen sekitar 45-75 hari, suhu ideal 20-30 C, pH 6.0-7.0, cocok hingga 1500 mdpl.",45,75,4.0,20.0,30.0,40.0,16.7,41.7,125.0,358.3,5.0,6.0,7.0,8.4,0,1500.0,lempung|liat berlempung|lempung berpasir,baik,8,lahan,100,30000,1000,104000,176,1,jual,ulat daun,ecocrop,1
KARA_BENGUK-KEB-100G,kara_benguk:Kebun Lestari,kara_benguk,Kara Benguk (Mucuna),Mucuna pruriens,pupuk hijau & pakan,Kebun Lestari,,Benih Kara Benguk (Mucuna) - Kebun Lestari (100 g),"Benih Kara Benguk (Mucuna). Panen sekitar 60-90 hari, suhu ideal 20-30 C, pH 5.0-7.0, cocok hingga 2100 mdpl.",60,90,10.0,20.0,30.0,34.0,33.3,83.3,166.7,258.3,4.0,5.0,7.0,8.0,0,2100.0,lempung|liat berlempung|lempung berpasir|berpasir,baik,7,lahan,8,300,100,24000,242,1,jual,,ecocrop,1
KARA_BENGUK-KEB-500G,kara_benguk:Kebun Lestari,kara_benguk,Kara Benguk (Mucuna),Mucuna pruriens,pupuk hijau & pakan,Kebun Lestari,,Benih Kara Benguk (Mucuna) - Kebun Lestari (500 g),"Benih Kara Benguk (Mucuna). Panen sekitar 60-90 hari, suhu ideal 20-30 C, pH 5.0-7.0, cocok hingga 2100 mdpl.",60,90,10.0,20.0,30.0,34.0,33.3,83.3,166.7,258.3,4.0,5.0,7.0,8.0,0,2100.0,lempung|liat berlempung|lempung berpasir|berpasir,baik,7,lahan,8,1500,500,110500,30,1,jual,,ecocrop,1
KARA_BENGUK-BEN-100G,kara_benguk:Benih Nusantara,kara_benguk,Kara Benguk (Mucuna),Mucuna pruriens,pupuk hijau & pakan,Benih Nusantara,,Benih Kara Benguk (Mucuna) - Benih Nusantara (100 g),"Benih Kara Benguk (Mucuna). Panen sekitar 60-90 hari, suhu ideal 20-30 C, pH 5.0-7.0, cocok hingga 2100 mdpl.",60,90,10.0,20.0,30.0,34.0,33.3,83.3,166.7,258.3,4.0,5.0,7.0,8.0,0,2100.0,lempung|liat berlempung|lempung berpasir|berpasir,baik,7,lahan,8,300,100,30500,331,1,jual,,ecocrop,1
KARA_BENGUK-BEN-250G,kara_benguk:Benih Nusantara,kara_benguk,Kara Benguk (Mucuna),Mucuna pruriens,pupuk hijau & pakan,Benih Nusantara,,Benih Kara Benguk (Mucuna) - Benih Nusantara (250 g),"Benih Kara Benguk (Mucuna). Panen sekitar 60-90 hari, suhu ideal 20-30 C, pH 5.0-7.0, cocok hingga 2100 mdpl.",60,90,10.0,20.0,30.0,34.0,33.3,83.3,166.7,258.3,4.0,5.0,7.0,8.0,0,2100.0,lempung|liat berlempung|lempung berpasir|berpasir,baik,7,lahan,8,750,250,66000,328,1,jual,,ecocrop,1
KARA_BENGUK-TAN-100G,kara_benguk:TaniMas,kara_benguk,Kara Benguk (Mucuna),Mucuna pruriens,pupuk hijau & pakan,TaniMas,,Benih Kara Benguk (Mucuna) - TaniMas (100 g),"Benih Kara Benguk (Mucuna). Panen sekitar 60-90 hari, suhu ideal 20-30 C, pH 5.0-7.0, cocok hingga 2100 mdpl.",60,90,10.0,20.0,30.0,34.0,33.3,83.3,166.7,258.3,4.0,5.0,7.0,8.0,0,2100.0,lempung|liat berlempung|lempung berpasir|berpasir,baik,7,lahan,8,300,100,24000,0,1,jual,,ecocrop,1
KARA_BENGUK-TAN-250G,kara_benguk:TaniMas,kara_benguk,Kara Benguk (Mucuna),Mucuna pruriens,pupuk hijau & pakan,TaniMas,,Benih Kara Benguk (Mucuna) - TaniMas (250 g),"Benih Kara Benguk (Mucuna). Panen sekitar 60-90 hari, suhu ideal 20-30 C, pH 5.0-7.0, cocok hingga 2100 mdpl.",60,90,10.0,20.0,30.0,34.0,33.3,83.3,166.7,258.3,4.0,5.0,7.0,8.0,0,2100.0,lempung|liat berlempung|lempung berpasir|berpasir,baik,7,lahan,8,750,250,55000,0,1,jual,,ecocrop,1
CALOPOGONIUM-TAN-50G,calopogonium:TaniMas,calopogonium,Kacang Asu (Calopogonium),Calopogonium mucunoides,pupuk hijau & pakan,TaniMas,,Benih Kacang Asu (Calopogonium) - TaniMas (50 g),"Benih Kacang Asu (Calopogonium). Panen sekitar 60-90 hari, suhu ideal 24-32 C, pH 4.5-5.7, cocok hingga 2000 mdpl.",60,90,18.0,24.0,32.0,36.0,75.0,108.3,208.3,358.3,4.3,4.5,5.7,8.0,0,2000.0,liat|liat berlempung|lempung|lempung berpasir|berpasir,baik,7,lahan,200,4000,50,38500,273,1,jual,,ecocrop,1
CALOPOGONIUM-TAN-250G,calopogonium:TaniMas,calopogonium,Kacang Asu (Calopogonium),Calopogonium mucunoides,pupuk hijau & pakan,TaniMas,,Benih Kacang Asu (Calopogonium) - TaniMas (250 g),"Benih Kacang Asu (Calopogonium). Panen sekitar 60-90 hari, suhu ideal 24-32 C, pH 4.5-5.7, cocok hingga 2000 mdpl.",60,90,18.0,24.0,32.0,36.0,75.0,108.3,208.3,358.3,4.3,4.5,5.7,8.0,0,2000.0,liat|liat berlempung|lempung|lempung berpasir|berpasir,baik,7,lahan,200,20000,250,192000,312,1,jual,,ecocrop,1
CALOPOGONIUM-AGR-50G,calopogonium:Agro Subur,calopogonium,Kacang Asu (Calopogonium),Calopogonium mucunoides,pupuk hijau & pakan,Agro Subur,,Benih Kacang Asu (Calopogonium) - Agro Subur (50 g),"Benih Kacang Asu (Calopogonium). Panen sekitar 60-90 hari, suhu ideal 24-32 C, pH 4.5-5.7, cocok hingga 2000 mdpl.",60,90,18.0,24.0,32.0,36.0,75.0,108.3,208.3,358.3,4.3,4.5,5.7,8.0,0,2000.0,liat|liat berlempung|lempung|lempung berpasir|berpasir,baik,7,lahan,200,4000,50,34000,160,1,jual,,ecocrop,1
CALOPOGONIUM-AGR-250G,calopogonium:Agro Subur,calopogonium,Kacang Asu (Calopogonium),Calopogonium mucunoides,pupuk hijau & pakan,Agro Subur,,Benih Kacang Asu (Calopogonium) - Agro Subur (250 g),"Benih Kacang Asu (Calopogonium). Panen sekitar 60-90 hari, suhu ideal 24-32 C, pH 4.5-5.7, cocok hingga 2000 mdpl.",60,90,18.0,24.0,32.0,36.0,75.0,108.3,208.3,358.3,4.3,4.5,5.7,8.0,0,2000.0,liat|liat berlempung|lempung|lempung berpasir|berpasir,baik,7,lahan,200,20000,250,163500,150,1,jual,,ecocrop,1
CALOPOGONIUM-GRE-50G,calopogonium:Greenfield Seeds,calopogonium,Kacang Asu (Calopogonium),Calopogonium mucunoides,pupuk hijau & pakan,Greenfield Seeds,,Benih Kacang Asu (Calopogonium) - Greenfield Seeds (50 g),"Benih Kacang Asu (Calopogonium). Panen sekitar 60-90 hari, suhu ideal 24-32 C, pH 4.5-5.7, cocok hingga 2000 mdpl.",60,90,18.0,24.0,32.0,36.0,75.0,108.3,208.3,358.3,4.3,4.5,5.7,8.0,0,2000.0,liat|liat berlempung|lempung|lempung berpasir|berpasir,baik,7,lahan,200,4000,50,54500,242,1,jual,,ecocrop,1
CALOPOGONIUM-GRE-250G,calopogonium:Greenfield Seeds,calopogonium,Kacang Asu (Calopogonium),Calopogonium mucunoides,pupuk hijau & pakan,Greenfield Seeds,,Benih Kacang Asu (Calopogonium) - Greenfield Seeds (250 g),"Benih Kacang Asu (Calopogonium). Panen sekitar 60-90 hari, suhu ideal 24-32 C, pH 4.5-5.7, cocok hingga 2000 mdpl.",60,90,18.0,24.0,32.0,36.0,75.0,108.3,208.3,358.3,4.3,4.5,5.7,8.0,0,2000.0,liat|liat berlempung|lempung|lempung berpasir|berpasir,baik,7,lahan,200,20000,250,241000,342,1,jual,,ecocrop,1
CENTROSEMA-KEB-100G,centrosema:Kebun Lestari,centrosema,Centro (Centrosema),Centrosema pubescens,pupuk hijau & pakan,Kebun Lestari,,Benih Centro (Centrosema) - Kebun Lestari (100 g),"Benih Centro (Centrosema). Panen sekitar 60-90 hari, suhu ideal 20-30 C, pH 4.9-5.5, cocok hingga 1600 mdpl.",60,90,13.0,20.0,30.0,35.0,62.5,100.0,208.3,341.7,4.0,4.9,5.5,7.0,0,1600.0,liat|liat berlempung|lempung|lempung berpasir,baik,7,lahan,100,5000,100,78500,168,1,jual,,ecocrop,1
CENTROSEMA-KEB-250G,centrosema:Kebun Lestari,centrosema,Centro (Centrosema),Centrosema pubescens,pupuk hijau & pakan,Kebun Lestari,,Benih Centro (Centrosema) - Kebun Lestari (250 g),"Benih Centro (Centrosema). Panen sekitar 60-90 hari, suhu ideal 20-30 C, pH 4.9-5.5, cocok hingga 1600 mdpl.",60,90,13.0,20.0,30.0,35.0,62.5,100.0,208.3,341.7,4.0,4.9,5.5,7.0,0,1600.0,liat|liat berlempung|lempung|lempung berpasir,baik,7,lahan,100,12500,250,163000,106,1,jual,,ecocrop,1
CENTROSEMA-BEN-100G,centrosema:Benih Nusantara,centrosema,Centro (Centrosema),Centrosema pubescens,pupuk hijau & pakan,Benih Nusantara,,Benih Centro (Centrosema) - Benih Nusantara (100 g),"Benih Centro (Centrosema). Panen sekitar 60-90 hari, suhu ideal 20-30 C, pH 4.9-5.5, cocok hingga 1600 mdpl.",60,90,13.0,20.0,30.0,35.0,62.5,100.0,208.3,341.7,4.0,4.9,5.5,7.0,0,1600.0,liat|liat berlempung|lempung|lempung berpasir,baik,7,lahan,100,5000,100,99000,190,1,jual,,ecocrop,1
CENTROSEMA-BEN-250G,centrosema:Benih Nusantara,centrosema,Centro (Centrosema),Centrosema pubescens,pupuk hijau & pakan,Benih Nusantara,,Benih Centro (Centrosema) - Benih Nusantara (250 g),"Benih Centro (Centrosema). Panen sekitar 60-90 hari, suhu ideal 20-30 C, pH 4.9-5.5, cocok hingga 1600 mdpl.",60,90,13.0,20.0,30.0,35.0,62.5,100.0,208.3,341.7,4.0,4.9,5.5,7.0,0,1600.0,liat|liat berlempung|lempung|lempung berpasir,baik,7,lahan,100,12500,250,201000,175,1,jual,,ecocrop,1
CENTROSEMA-AGR-100G,centrosema:Agro Subur,centrosema,Centro (Centrosema),Centrosema pubescens,pupuk hijau & pakan,Agro Subur,,Benih Centro (Centrosema) - Agro Subur (100 g),"Benih Centro (Centrosema). Panen sekitar 60-90 hari, suhu ideal 20-30 C, pH 4.9-5.5, cocok hingga 1600 mdpl.",60,90,13.0,20.0,30.0,35.0,62.5,100.0,208.3,341.7,4.0,4.9,5.5,7.0,0,1600.0,liat|liat berlempung|lempung|lempung berpasir,baik,7,lahan,100,5000,100,69000,120,1,jual,,ecocrop,1
CENTROSEMA-AGR-250G,centrosema:Agro Subur,centrosema,Centro (Centrosema),Centrosema pubescens,pupuk hijau & pakan,Agro Subur,,Benih Centro (Centrosema) - Agro Subur (250 g),"Benih Centro (Centrosema). Panen sekitar 60-90 hari, suhu ideal 20-30 C, pH 4.9-5.5, cocok hingga 1600 mdpl.",60,90,13.0,20.0,30.0,35.0,62.5,100.0,208.3,341.7,4.0,4.9,5.5,7.0,0,1600.0,liat|liat berlempung|lempung|lempung berpasir,baik,7,lahan,100,12500,250,151000,91,1,jual,,ecocrop,1
BRACHIARIA_D-GRE-500G,brachiaria_d:Greenfield Seeds,brachiaria_d,Rumput Signal (Brachiaria decumbens),Brachiaria decumbens,pupuk hijau & pakan,Greenfield Seeds,,Benih Rumput Signal (Brachiaria decumbens) - Greenfield Seeds (500 g),"Benih Rumput Signal (Brachiaria decumbens). Panen sekitar 90-120 hari, suhu ideal 25-35 C, pH 5.0-6.0, cocok hingga 1800 mdpl.",90,120,19.0,25.0,35.0,38.0,75.0,125.0,150.0,200.0,4.5,5.0,6.0,6.5,0,1800.0,liat|liat berlempung|lempung|lempung berpasir|berpasir,baik,8,lahan,100,100000,500,218000,235,1,jual,,ecocrop,1
BRACHIARIA_D-GRE-1000G,brachiaria_d:Greenfield Seeds,brachiaria_d,Rumput Signal (Brachiaria decumbens),Brachiaria decumbens,pupuk hijau & pakan,Greenfield Seeds,,Benih Rumput Signal (Brachiaria decumbens) - Greenfield Seeds (1000 g),"Benih Rumput Signal (Brachiaria decumbens). Panen sekitar 90-120 hari, suhu ideal 25-35 C, pH 5.0-6.0, cocok hingga 1800 mdpl.",90,120,19.0,25.0,35.0,38.0,75.0,125.0,150.0,200.0,4.5,5.0,6.0,6.5,0,1800.0,liat|liat berlempung|lempung|lempung berpasir|berpasir,baik,8,lahan,100,200000,1000,408000,276,1,jual,,ecocrop,1
BRACHIARIA_D-TAN-250G,brachiaria_d:TaniMas,brachiaria_d,Rumput Signal (Brachiaria decumbens),Brachiaria decumbens,pupuk hijau & pakan,TaniMas,,Benih Rumput Signal (Brachiaria decumbens) - TaniMas (250 g),"Benih Rumput Signal (Brachiaria decumbens). Panen sekitar 90-120 hari, suhu ideal 25-35 C, pH 5.0-6.0, cocok hingga 1800 mdpl.",90,120,19.0,25.0,35.0,38.0,75.0,125.0,150.0,200.0,4.5,5.0,6.0,6.5,0,1800.0,liat|liat berlempung|lempung|lempung berpasir|berpasir,baik,8,lahan,100,50000,250,91500,182,1,jual,,ecocrop,1
BRACHIARIA_D-TAN-500G,brachiaria_d:TaniMas,brachiaria_d,Rumput Signal (Brachiaria decumbens),Brachiaria decumbens,pupuk hijau & pakan,TaniMas,,Benih Rumput Signal (Brachiaria decumbens) - TaniMas (500 g),"Benih Rumput Signal (Brachiaria decumbens). Panen sekitar 90-120 hari, suhu ideal 25-35 C, pH 5.0-6.0, cocok hingga 1800 mdpl.",90,120,19.0,25.0,35.0,38.0,75.0,125.0,150.0,200.0,4.5,5.0,6.0,6.5,0,1800.0,liat|liat berlempung|lempung|lempung berpasir|berpasir,baik,8,lahan,100,100000,500,163500,113,1,jual,,ecocrop,1
BRACHIARIA_D-AGR-500G,brachiaria_d:Agro Subur,brachiaria_d,Rumput Signal (Brachiaria decumbens),Brachiaria decumbens,pupuk hijau & pakan,Agro Subur,,Benih Rumput Signal (Brachiaria decumbens) - Agro Subur (500 g),"Benih Rumput Signal (Brachiaria decumbens). Panen sekitar 90-120 hari, suhu ideal 25-35 C, pH 5.0-6.0, cocok hingga 1800 mdpl.",90,120,19.0,25.0,35.0,38.0,75.0,125.0,150.0,200.0,4.5,5.0,6.0,6.5,0,1800.0,liat|liat berlempung|lempung|lempung berpasir|berpasir,baik,8,lahan,100,100000,500,143000,398,1,jual,,ecocrop,1
BRACHIARIA_D-AGR-1000G,brachiaria_d:Agro Subur,brachiaria_d,Rumput Signal (Brachiaria decumbens),Brachiaria decumbens,pupuk hijau & pakan,Agro Subur,,Benih Rumput Signal (Brachiaria decumbens) - Agro Subur (1000 g),"Benih Rumput Signal (Brachiaria decumbens). Panen sekitar 90-120 hari, suhu ideal 25-35 C, pH 5.0-6.0, cocok hingga 1800 mdpl.",90,120,19.0,25.0,35.0,38.0,75.0,125.0,150.0,200.0,4.5,5.0,6.0,6.5,0,1800.0,liat|liat berlempung|lempung|lempung berpasir|berpasir,baik,8,lahan,100,200000,1000,289000,332,1,jual,,ecocrop,1
BRACHIARIA_B-BIB-100G,brachiaria_b:BibitKu,brachiaria_b,Rumput Brachiaria brizantha,Brachiaria brizantha,pupuk hijau & pakan,BibitKu,,Benih Rumput Brachiaria brizantha - BibitKu (100 g),"Benih Rumput Brachiaria brizantha. Panen sekitar 90-120 hari, suhu ideal 25-35 C, pH 5.0-6.0, cocok hingga 3000 mdpl.",90,120,15.0,25.0,35.0,38.0,41.7,62.5,208.3,333.3,4.5,5.0,6.0,7.0,0,3000.0,liat|liat berlempung|lempung|lempung berpasir|berpasir,baik,8,lahan,100,20000,100,32000,70,1,jual,,ecocrop,1
BRACHIARIA_B-BIB-1000G,brachiaria_b:BibitKu,brachiaria_b,Rumput Brachiaria brizantha,Brachiaria brizantha,pupuk hijau & pakan,BibitKu,,Benih Rumput Brachiaria brizantha - BibitKu (1000 g),"Benih Rumput Brachiaria brizantha. Panen sekitar 90-120 hari, suhu ideal 25-35 C, pH 5.0-6.0, cocok hingga 3000 mdpl.",90,120,15.0,25.0,35.0,38.0,41.7,62.5,208.3,333.3,4.5,5.0,6.0,7.0,0,3000.0,liat|liat berlempung|lempung|lempung berpasir|berpasir,baik,8,lahan,100,200000,1000,292000,302,1,jual,,ecocrop,1
BRACHIARIA_B-BEN-250G,brachiaria_b:Benih Nusantara,brachiaria_b,Rumput Brachiaria brizantha,Brachiaria brizantha,pupuk hijau & pakan,Benih Nusantara,,Benih Rumput Brachiaria brizantha - Benih Nusantara (250 g),"Benih Rumput Brachiaria brizantha. Panen sekitar 90-120 hari, suhu ideal 25-35 C, pH 5.0-6.0, cocok hingga 3000 mdpl.",90,120,15.0,25.0,35.0,38.0,41.7,62.5,208.3,333.3,4.5,5.0,6.0,7.0,0,3000.0,liat|liat berlempung|lempung|lempung berpasir|berpasir,baik,8,lahan,100,50000,250,122000,328,1,jual,,ecocrop,1
BRACHIARIA_B-BEN-1000G,brachiaria_b:Benih Nusantara,brachiaria_b,Rumput Brachiaria brizantha,Brachiaria brizantha,pupuk hijau & pakan,Benih Nusantara,,Benih Rumput Brachiaria brizantha - Benih Nusantara (1000 g),"Benih Rumput Brachiaria brizantha. Panen sekitar 90-120 hari, suhu ideal 25-35 C, pH 5.0-6.0, cocok hingga 3000 mdpl.",90,120,15.0,25.0,35.0,38.0,41.7,62.5,208.3,333.3,4.5,5.0,6.0,7.0,0,3000.0,liat|liat berlempung|lempung|lempung berpasir|berpasir,baik,8,lahan,100,200000,1000,426000,241,1,jual,,ecocrop,1
BRACHIARIA_B-KEB-250G,brachiaria_b:Kebun Lestari,brachiaria_b,Rumput Brachiaria brizantha,Brachiaria brizantha,pupuk hijau & pakan,Kebun Lestari,,Benih Rumput Brachiaria brizantha - Kebun Lestari (250 g),"Benih Rumput Brachiaria brizantha. Panen sekitar 90-120 hari, suhu ideal 25-35 C, pH 5.0-6.0, cocok hingga 3000 mdpl.",90,120,15.0,25.0,35.0,38.0,41.7,62.5,208.3,333.3,4.5,5.0,6.0,7.0,0,3000.0,liat|liat berlempung|lempung|lempung berpasir|berpasir,baik,8,lahan,100,50000,250,99000,210,1,jual,,ecocrop,1
BRACHIARIA_B-KEB-1000G,brachiaria_b:Kebun Lestari,brachiaria_b,Rumput Brachiaria brizantha,Brachiaria brizantha,pupuk hijau & pakan,Kebun Lestari,,Benih Rumput Brachiaria brizantha - Kebun Lestari (1000 g),"Benih Rumput Brachiaria brizantha. Panen sekitar 90-120 hari, suhu ideal 25-35 C, pH 5.0-6.0, cocok hingga 3000 mdpl.",90,120,15.0,25.0,35.0,38.0,41.7,62.5,208.3,333.3,4.5,5.0,6.0,7.0,0,3000.0,liat|liat berlempung|lempung|lempung berpasir|berpasir,baik,8,lahan,100,200000,1000,348500,341,1,jual,,ecocrop,1
MILLET_PAKAN-AGR-250G,millet_pakan:Agro Subur,millet_pakan,Millet Pakan (Pearl Millet),Pennisetum glaucum,pupuk hijau & pakan,Agro Subur,,Benih Millet Pakan (Pearl Millet) - Agro Subur (250 g),"Benih Millet Pakan (Pearl Millet). Panen sekitar 60-90 hari, suhu ideal 25-35 C, pH 5.0-6.5, cocok hingga 1800 mdpl.",60,90,12.0,25.0,35.0,40.0,16.7,33.3,75.0,141.7,4.5,5.0,6.5,8.3,0,1800.0,lempung|liat berlempung|lempung berpasir|berpasir,baik,8,lahan,150,32500,250,31500,84,1,jual,burung,ecocrop,1
MILLET_PAKAN-AGR-1000G,millet_pakan:Agro Subur,millet_pakan,Millet Pakan (Pearl Millet),Pennisetum glaucum,pupuk hijau & pakan,Agro Subur,,Benih Millet Pakan (Pearl Millet) - Agro Subur (1000 g),"Benih Millet Pakan (Pearl Millet). Panen sekitar 60-90 hari, suhu ideal 25-35 C, pH 5.0-6.5, cocok hingga 1800 mdpl.",60,90,12.0,25.0,35.0,40.0,16.7,33.3,75.0,141.7,4.5,5.0,6.5,8.3,0,1800.0,lempung|liat berlempung|lempung berpasir|berpasir,baik,8,lahan,150,130000,1000,115500,128,1,jual,burung,ecocrop,1
MILLET_PAKAN-TAN-100G,millet_pakan:TaniMas,millet_pakan,Millet Pakan (Pearl Millet),Pennisetum glaucum,pupuk hijau & pakan,TaniMas,,Benih Millet Pakan (Pearl Millet) - TaniMas (100 g),"Benih Millet Pakan (Pearl Millet). Panen sekitar 60-90 hari, suhu ideal 25-35 C, pH 5.0-6.5, cocok hingga 1800 mdpl.",60,90,12.0,25.0,35.0,40.0,16.7,33.3,75.0,141.7,4.5,5.0,6.5,8.3,0,1800.0,lempung|liat berlempung|lempung berpasir|berpasir,baik,8,lahan,150,13000,100,15000,134,1,jual,burung,ecocrop,1
MILLET_PAKAN-TAN-250G,millet_pakan:TaniMas,millet_pakan,Millet Pakan (Pearl Millet),Pennisetum glaucum,pupuk hijau & pakan,TaniMas,,Benih Millet Pakan (Pearl Millet) - TaniMas (250 g),"Benih Millet Pakan (Pearl Millet). Panen sekitar 60-90 hari, suhu ideal 25-35 C, pH 5.0-6.5, cocok hingga 1800 mdpl.",60,90,12.0,25.0,35.0,40.0,16.7,33.3,75.0,141.7,4.5,5.0,6.5,8.3,0,1800.0,lempung|liat berlempung|lempung berpasir|berpasir,baik,8,lahan,150,32500,250,36500,228,1,jual,burung,ecocrop,1
MILLET_PAKAN-KEB-100G,millet_pakan:Kebun Lestari,millet_pakan,Millet Pakan (Pearl Millet),Pennisetum glaucum,pupuk hijau & pakan,Kebun Lestari,,Benih Millet Pakan (Pearl Millet) - Kebun Lestari (100 g),"Benih Millet Pakan (Pearl Millet). Panen sekitar 60-90 hari, suhu ideal 25-35 C, pH 5.0-6.5, cocok hingga 1800 mdpl.",60,90,12.0,25.0,35.0,40.0,16.7,33.3,75.0,141.7,4.5,5.0,6.5,8.3,0,1800.0,lempung|liat berlempung|lempung berpasir|berpasir,baik,8,lahan,150,13000,100,13500,264,1,jual,burung,ecocrop,1
MILLET_PAKAN-KEB-1000G,millet_pakan:Kebun Lestari,millet_pakan,Millet Pakan (Pearl Millet),Pennisetum glaucum,pupuk hijau & pakan,Kebun Lestari,,Benih Millet Pakan (Pearl Millet) - Kebun Lestari (1000 g),"Benih Millet Pakan (Pearl Millet). Panen sekitar 60-90 hari, suhu ideal 25-35 C, pH 5.0-6.5, cocok hingga 1800 mdpl.",60,90,12.0,25.0,35.0,40.0,16.7,33.3,75.0,141.7,4.5,5.0,6.5,8.3,0,1800.0,lempung|liat berlempung|lempung berpasir|berpasir,baik,8,lahan,150,130000,1000,127000,169,1,jual,burung,ecocrop,1
RUMPUT_GAJAH-GRE-100G,rumput_gajah:Greenfield Seeds,rumput_gajah,Rumput Gajah (Biji),Pennisetum purpureum,pupuk hijau & pakan,Greenfield Seeds,,Benih Rumput Gajah (Biji) - Greenfield Seeds (100 g),"Benih Rumput Gajah (Biji). Panen sekitar 90-120 hari, suhu ideal 21-40 C, pH 5.0-6.5, cocok hingga 2000 mdpl.",90,120,15.0,21.0,40.0,45.0,70.8,125.0,208.3,333.3,4.5,5.0,6.5,8.2,0,2000.0,lempung|liat berlempung|lempung berpasir,baik,8,lahan,100,50000,100,156000,314,1,jual,,ecocrop,1
RUMPUT_GAJAH-GRE-250G,rumput_gajah:Greenfield Seeds,rumput_gajah,Rumput Gajah (Biji),Pennisetum purpureum,pupuk hijau & pakan,Greenfield Seeds,,Benih Rumput Gajah (Biji) - Greenfield Seeds (250 g),"Benih Rumput Gajah (Biji). Panen sekitar 90-120 hari, suhu ideal 21-40 C, pH 5.0-6.5, cocok hingga 2000 mdpl.",90,120,15.0,21.0,40.0,45.0,70.8,125.0,208.3,333.3,4.5,5.0,6.5,8.2,0,2000.0,lempung|liat berlempung|lempung berpasir,baik,8,lahan,100,125000,250,364500,15,1,jual,,ecocrop,1
RUMPUT_GAJAH-BIB-50G,rumput_gajah:BibitKu,rumput_gajah,Rumput Gajah (Biji),Pennisetum purpureum,pupuk hijau & pakan,BibitKu,,Benih Rumput Gajah (Biji) - BibitKu (50 g),"Benih Rumput Gajah (Biji). Panen sekitar 90-120 hari, suhu ideal 21-40 C, pH 5.0-6.5, cocok hingga 2000 mdpl.",90,120,15.0,21.0,40.0,45.0,70.8,125.0,208.3,333.3,4.5,5.0,6.5,8.2,0,2000.0,lempung|liat berlempung|lempung berpasir,baik,8,lahan,100,25000,50,49000,201,1,jual,,ecocrop,1
RUMPUT_GAJAH-BIB-250G,rumput_gajah:BibitKu,rumput_gajah,Rumput Gajah (Biji),Pennisetum purpureum,pupuk hijau & pakan,BibitKu,,Benih Rumput Gajah (Biji) - BibitKu (250 g),"Benih Rumput Gajah (Biji). Panen sekitar 90-120 hari, suhu ideal 21-40 C, pH 5.0-6.5, cocok hingga 2000 mdpl.",90,120,15.0,21.0,40.0,45.0,70.8,125.0,208.3,333.3,4.5,5.0,6.5,8.2,0,2000.0,lempung|liat berlempung|lempung berpasir,baik,8,lahan,100,125000,250,219500,303,1,jual,,ecocrop,1
RUMPUT_GAJAH-KEB-50G,rumput_gajah:Kebun Lestari,rumput_gajah,Rumput Gajah (Biji),Pennisetum purpureum,pupuk hijau & pakan,Kebun Lestari,,Benih Rumput Gajah (Biji) - Kebun Lestari (50 g),"Benih Rumput Gajah (Biji). Panen sekitar 90-120 hari, suhu ideal 21-40 C, pH 5.0-6.5, cocok hingga 2000 mdpl.",90,120,15.0,21.0,40.0,45.0,70.8,125.0,208.3,333.3,4.5,5.0,6.5,8.2,0,2000.0,lempung|liat berlempung|lempung berpasir,baik,8,lahan,100,25000,50,61500,235,1,jual,,ecocrop,1
RUMPUT_GAJAH-KEB-250G,rumput_gajah:Kebun Lestari,rumput_gajah,Rumput Gajah (Biji),Pennisetum purpureum,pupuk hijau & pakan,Kebun Lestari,,Benih Rumput Gajah (Biji) - Kebun Lestari (250 g),"Benih Rumput Gajah (Biji). Panen sekitar 90-120 hari, suhu ideal 21-40 C, pH 5.0-6.5, cocok hingga 2000 mdpl.",90,120,15.0,21.0,40.0,45.0,70.8,125.0,208.3,333.3,4.5,5.0,6.5,8.2,0,2000.0,lempung|liat berlempung|lempung berpasir,baik,8,lahan,100,125000,250,269500,310,1,jual,,ecocrop,1
